t,fl_shoulder_qdes,fl_shoulder_q,fl_shoulder_qd,fl_shoulder_kp,fl_shoulder_kd,fl_shoulder_iqsp,fl_shoulder_iqmeas,fl_shoulder_tauest,fl_shoulder_vbus,fl_shoulder_ibus,fl_hip_qdes,fl_hip_q,fl_hip_qd,fl_hip_kp,fl_hip_kd,fl_hip_iqsp,fl_hip_iqmeas,fl_hip_tauest,fl_hip_vbus,fl_hip_ibus,fl_knee_qdes,fl_knee_q,fl_knee_qd,fl_knee_kp,fl_knee_kd,fl_knee_iqsp,fl_knee_iqmeas,fl_knee_tauest,fl_knee_vbus,fl_knee_ibus,fr_shoulder_qdes,fr_shoulder_q,fr_shoulder_qd,fr_shoulder_kp,fr_shoulder_kd,fr_shoulder_iqsp,fr_shoulder_iqmeas,fr_shoulder_tauest,fr_shoulder_vbus,fr_shoulder_ibus,fr_hip_qdes,fr_hip_q,fr_hip_qd,fr_hip_kp,fr_hip_kd,fr_hip_iqsp,fr_hip_iqmeas,fr_hip_tauest,fr_hip_vbus,fr_hip_ibus,fr_knee_qdes,fr_knee_q,fr_knee_qd,fr_knee_kp,fr_knee_kd,fr_knee_iqsp,fr_knee_iqmeas,fr_knee_tauest,fr_knee_vbus,fr_knee_ibus,rl_shoulder_qdes,rl_shoulder_q,rl_shoulder_qd,rl_shoulder_kp,rl_shoulder_kd,rl_shoulder_iqsp,rl_shoulder_iqmeas,rl_shoulder_tauest,rl_shoulder_vbus,rl_shoulder_ibus,rl_hip_qdes,rl_hip_q,rl_hip_qd,rl_hip_kp,rl_hip_kd,rl_hip_iqsp,rl_hip_iqmeas,rl_hip_tauest,rl_hip_vbus,rl_hip_ibus,rl_knee_qdes,rl_knee_q,rl_knee_qd,rl_knee_kp,rl_knee_kd,rl_knee_iqsp,rl_knee_iqmeas,rl_knee_tauest,rl_knee_vbus,rl_knee_ibus,rr_shoulder_qdes,rr_shoulder_q,rr_shoulder_qd,rr_shoulder_kp,rr_shoulder_kd,rr_shoulder_iqsp,rr_shoulder_iqmeas,rr_shoulder_tauest,rr_shoulder_vbus,rr_shoulder_ibus,rr_hip_qdes,rr_hip_q,rr_hip_qd,rr_hip_kp,rr_hip_kd,rr_hip_iqsp,rr_hip_iqmeas,rr_hip_tauest,rr_hip_vbus,rr_hip_ibus,rr_knee_qdes,rr_knee_q,rr_knee_qd,rr_knee_kp,rr_knee_kd,rr_knee_iqsp,rr_knee_iqmeas,rr_knee_tauest,rr_knee_vbus,rr_knee_ibus
0.0000,0.0175,0.0175,-0.0180,20.00,0.500,nan,nan,nan,nan,nan,-0.0859,-0.0859,-0.1213,20.00,0.500,nan,nan,nan,nan,nan,0.0708,0.0708,-0.0794,20.00,0.500,nan,nan,nan,nan,nan,-0.0284,-0.0284,0.0060,20.00,0.500,nan,nan,nan,nan,nan,0.2833,0.2833,0.0165,20.00,0.500,nan,nan,nan,nan,nan,-0.2126,-0.2126,-0.0165,20.00,0.500,nan,nan,nan,nan,nan,-0.0001,-0.0001,0.0060,20.00,0.500,nan,nan,nan,nan,nan,-0.0220,-0.0220,-0.0015,20.00,0.500,nan,nan,nan,nan,nan,-0.0384,-0.0384,-0.0060,20.00,0.500,nan,nan,nan,nan,nan,0.0041,0.0041,-0.0030,20.00,0.500,nan,nan,nan,nan,nan,-0.0177,-0.0177,-0.0045,20.00,0.500,nan,nan,nan,nan,nan,0.0850,0.0850,0.0000,20.00,0.500,nan,nan,nan,nan,nan
0.0100,0.0175,0.0175,0.0180,20.00,0.500,0.020,-0.251,-0.013,23.70,-0.00,-0.0859,-0.0866,-0.0869,20.00,0.500,-0.020,0.208,-0.062,23.61,-0.00,0.0708,0.0705,-0.0060,20.00,0.500,-0.020,-0.102,-0.001,23.50,-0.01,-0.0284,-0.0284,-0.0030,20.00,0.500,-0.020,-0.100,0.002,23.81,0.00,0.2833,0.2833,0.0090,20.00,0.500,-0.020,0.037,0.008,23.72,0.00,-0.2126,-0.2127,0.0045,20.00,0.500,-0.020,-0.049,-0.008,23.57,-0.00,-0.0001,-0.0001,0.0045,20.00,0.500,-0.020,-0.010,-0.002,23.72,0.00,-0.0220,-0.0221,-0.0015,20.00,0.500,-0.020,0.118,-0.004,23.61,-0.00,-0.0384,-0.0383,0.0060,20.00,0.500,-0.020,0.009,-0.005,23.45,-0.00,0.0041,0.0037,-0.0180,20.00,0.500,-0.020,0.036,0.002,23.65,0.00,-0.0177,-0.0177,0.0075,20.00,0.500,-0.020,-0.177,0.007,23.59,0.00,0.0850,0.0850,-0.0195,20.00,0.500,-0.020,-0.026,-0.001,23.41,-0.00
0.0200,0.0175,0.0175,0.0180,20.00,0.500,0.020,-0.251,-0.013,23.70,-0.00,-0.0859,-0.0879,-0.1168,20.00,0.500,-0.020,0.208,-0.062,23.61,-0.00,0.0708,0.0711,0.0584,20.00,0.500,-0.020,-0.102,-0.001,23.50,-0.01,-0.0284,-0.0282,0.0285,20.00,0.500,-0.020,-0.100,0.002,23.81,0.00,0.2833,0.2832,0.0090,20.00,0.500,-0.020,0.037,0.008,23.72,0.00,-0.2126,-0.2127,-0.0030,20.00,0.500,-0.020,-0.049,-0.008,23.57,-0.00,-0.0001,-0.0001,0.0135,20.00,0.500,-0.020,-0.010,-0.002,23.72,0.00,-0.0219,-0.0224,-0.0270,20.00,0.500,-0.020,0.118,-0.004,23.61,-0.00,-0.0384,-0.0383,0.0030,20.00,0.500,-0.020,0.009,-0.005,23.45,-0.00,0.0041,0.0037,-0.0180,20.00,0.500,-0.020,0.036,0.002,23.65,0.00,-0.0177,-0.0176,0.0045,20.00,0.500,-0.020,-0.177,0.007,23.59,0.00,0.0851,0.0850,-0.0195,20.00,0.500,-0.020,-0.026,-0.001,23.41,-0.00
0.0300,0.0175,0.0172,-0.0135,20.00,0.500,0.020,-0.251,-0.013,23.70,-0.00,-0.0858,-0.0879,0.0090,20.00,0.500,-0.020,0.208,-0.062,23.61,-0.00,0.0708,0.0706,-0.0255,20.00,0.500,-0.020,-0.102,-0.001,23.50,-0.01,-0.0283,-0.0283,0.0090,20.00,0.500,-0.020,-0.100,0.002,23.81,0.00,0.2833,0.2832,-0.0060,20.00,0.500,-0.020,0.037,0.008,23.72,0.00,-0.2126,-0.2127,0.0000,20.00,0.500,-0.020,-0.049,-0.008,23.57,-0.00,-0.0001,-0.0001,-0.0090,20.00,0.500,-0.020,-0.010,-0.002,23.72,0.00,-0.0219,-0.0224,0.0000,20.00,0.500,-0.020,0.118,-0.004,23.61,-0.00,-0.0383,-0.0382,0.0045,20.00,0.500,-0.020,0.009,-0.005,23.45,-0.00,0.0041,0.0036,0.0090,20.00,0.500,-0.020,0.036,0.002,23.65,0.00,-0.0177,-0.0177,-0.0210,20.00,0.500,-0.020,-0.177,0.007,23.59,0.00,0.0851,0.0851,0.0150,20.00,0.500,-0.020,-0.026,-0.001,23.41,-0.00
0.0400,0.0175,0.0171,-0.0584,20.00,0.500,0.020,-0.251,-0.013,23.70,-0.00,-0.0858,-0.0883,-0.0539,20.00,0.500,-0.020,0.208,-0.062,23.61,-0.00,0.0709,0.0717,0.1124,20.00,0.500,-0.020,-0.102,-0.001,23.50,-0.01,-0.0283,-0.0283,-0.0015,20.00,0.500,-0.020,-0.100,0.002,23.81,0.00,0.2833,0.2833,0.0045,20.00,0.500,-0.020,0.037,0.008,23.72,0.00,-0.2125,-0.2127,-0.0015,20.00,0.500,-0.020,-0.049,-0.008,23.57,-0.00,-0.0001,-0.0000,0.0015,20.00,0.500,-0.020,-0.010,-0.002,23.72,0.00,-0.0219,-0.0223,0.0210,20.00,0.500,-0.020,0.118,-0.004,23.61,-0.00,-0.0383,-0.0382,0.0075,20.00,0.500,-0.020,0.009,-0.005,23.45,-0.00,0.0041,0.0036,-0.0030,20.00,0.500,-0.020,0.036,0.002,23.65,0.00,-0.0176,-0.0176,0.0075,20.00,0.500,-0.020,-0.177,0.007,23.59,0.00,0.0851,0.0850,-0.0090,20.00,0.500,-0.020,-0.026,-0.001,23.41,-0.00
0.0500,0.0175,0.0175,-0.0075,20.00,0.500,0.020,-0.251,-0.013,23.70,-0.00,-0.0858,-0.0882,0.0419,20.00,0.500,-0.020,0.208,-0.062,23.61,-0.00,0.0710,0.0709,-0.0854,20.00,0.500,-0.020,-0.102,-0.001,23.50,-0.01,-0.0283,-0.0283,0.0090,20.00,0.500,-0.020,-0.100,0.002,23.81,0.00,0.2834,0.2833,0.0060,20.00,0.500,-0.020,0.037,0.008,23.72,0.00,-0.2124,-0.2127,0.0060,20.00,0.500,-0.020,-0.049,-0.008,23.57,-0.00,-0.0001,-0.0000,0.0060,20.00,0.500,-0.020,-0.010,-0.002,23.72,0.00,-0.0218,-0.0224,-0.0015,20.00,0.500,-0.020,0.118,-0.004,23.61,-0.00,-0.0382,-0.0383,-0.0210,20.00,0.500,-0.020,0.009,-0.005,23.45,-0.00,0.0041,0.0037,-0.0045,20.00,0.500,-0.020,0.036,0.002,23.65,0.00,-0.0176,-0.0177,-0.0135,20.00,0.500,-0.020,-0.177,0.007,23.59,0.00,0.0852,0.0850,-0.0090,20.00,0.500,-0.020,-0.026,-0.001,23.41,-0.00
0.0600,0.0175,0.0176,0.0479,20.00,0.500,0.021,0.024,-0.004,23.71,-0.00,-0.0857,-0.0885,-0.0360,20.00,0.500,0.066,0.986,-0.025,23.60,-0.02,0.0711,0.0705,-0.0225,20.00,0.500,-0.091,0.257,-0.003,23.50,-0.01,-0.0283,-0.0283,-0.0015,20.00,0.500,-0.044,0.095,-0.026,23.81,-0.00,0.2835,0.2833,0.0030,20.00,0.500,-0.043,-0.129,-0.006,23.72,0.00,-0.2123,-0.2127,-0.0060,20.00,0.500,-0.040,-0.087,0.002,23.58,-0.00,-0.0001,0.0000,0.0090,20.00,0.500,-0.026,-0.087,-0.001,23.72,0.00,-0.0217,-0.0224,0.0015,20.00,0.500,-0.018,0.071,-0.006,23.61,-0.00,-0.0380,-0.0382,0.0045,20.00,0.500,-0.039,0.039,-0.006,23.43,-0.00,0.0041,0.0036,0.0000,20.00,0.500,-0.019,0.031,-0.001,23.63,-0.00,-0.0175,-0.0176,0.0015,20.00,0.500,-0.046,-0.003,0.008,23.58,-0.00,0.0854,0.0850,0.0015,20.00,0.500,-0.038,-0.017,-0.003,23.42,-0.00
0.0700,0.0175,0.0176,0.0479,20.00,0.500,0.021,0.024,-0.004,23.71,-0.00,-0.0855,-0.0882,0.0629,20.00,0.500,0.066,0.986,-0.025,23.60,-0.02,0.0713,0.0710,0.0315,20.00,0.500,-0.091,0.257,-0.003,23.50,-0.01,-0.0283,-0.0283,0.0045,20.00,0.500,-0.044,0.095,-0.026,23.81,-0.00,0.2836,0.2833,0.0075,20.00,0.500,-0.043,-0.129,-0.006,23.72,0.00,-0.2121,-0.2125,0.0240,20.00,0.500,-0.040,-0.087,0.002,23.58,-0.00,-0.0001,0.0000,0.0030,20.00,0.500,-0.026,-0.087,-0.001,23.72,0.00,-0.0216,-0.0226,-0.0060,20.00,0.500,-0.018,0.071,-0.006,23.61,-0.00,-0.0378,-0.0382,0.0045,20.00,0.500,-0.039,0.039,-0.006,23.43,-0.00,0.0041,0.0036,0.0000,20.00,0.500,-0.019,0.031,-0.001,23.63,-0.00,-0.0174,-0.0176,0.0090,20.00,0.500,-0.046,-0.003,0.008,23.58,-0.00,0.0856,0.0850,0.0015,20.00,0.500,-0.038,-0.017,-0.003,23.42,-0.00
0.0800,0.0175,0.0175,0.0120,20.00,0.500,0.021,0.024,-0.004,23.71,-0.00,-0.0854,-0.0882,0.0015,20.00,0.500,0.066,0.986,-0.025,23.60,-0.02,0.0716,0.0711,0.0165,20.00,0.500,-0.091,0.257,-0.003,23.50,-0.01,-0.0283,-0.0283,0.0120,20.00,0.500,-0.044,0.095,-0.026,23.81,-0.00,0.2837,0.2833,0.0030,20.00,0.500,-0.043,-0.129,-0.006,23.72,0.00,-0.2119,-0.2128,-0.0120,20.00,0.500,-0.040,-0.087,0.002,23.58,-0.00,-0.0000,-0.0000,-0.0015,20.00,0.500,-0.026,-0.087,-0.001,23.72,0.00,-0.0215,-0.0225,0.0045,20.00,0.500,-0.018,0.071,-0.006,23.61,-0.00,-0.0376,-0.0380,0.0345,20.00,0.500,-0.039,0.039,-0.006,23.43,-0.00,0.0041,0.0036,-0.0045,20.00,0.500,-0.019,0.031,-0.001,23.63,-0.00,-0.0172,-0.0177,-0.0195,20.00,0.500,-0.046,-0.003,0.008,23.58,-0.00,0.0858,0.0850,-0.0030,20.00,0.500,-0.038,-0.017,-0.003,23.42,-0.00
0.0900,0.0176,0.0174,0.0165,20.00,0.500,0.021,0.024,-0.004,23.71,-0.00,-0.0852,-0.0884,-0.0195,20.00,0.500,0.066,0.986,-0.025,23.60,-0.02,0.0719,0.0712,0.0479,20.00,0.500,-0.091,0.257,-0.003,23.50,-0.01,-0.0283,-0.0283,0.0195,20.00,0.500,-0.044,0.095,-0.026,23.81,-0.00,0.2839,0.2833,0.0060,20.00,0.500,-0.043,-0.129,-0.006,23.72,0.00,-0.2115,-0.2123,0.0419,20.00,0.500,-0.040,-0.087,0.002,23.58,-0.00,-0.0000,0.0000,0.0075,20.00,0.500,-0.026,-0.087,-0.001,23.72,0.00,-0.0213,-0.0225,-0.0060,20.00,0.500,-0.018,0.071,-0.006,23.61,-0.00,-0.0373,-0.0379,0.0105,20.00,0.500,-0.039,0.039,-0.006,23.43,-0.00,0.0041,0.0037,0.0105,20.00,0.500,-0.019,0.031,-0.001,23.63,-0.00,-0.0170,-0.0175,0.0150,20.00,0.500,-0.046,-0.003,0.008,23.58,-0.00,0.0861,0.0851,0.0090,20.00,0.500,-0.038,-0.017,-0.003,23.42,-0.00
0.1000,0.0176,0.0175,0.0180,20.00,0.500,0.021,0.024,-0.004,23.71,-0.00,-0.0849,-0.0882,0.0165,20.00,0.500,0.066,0.986,-0.025,23.60,-0.02,0.0723,0.0714,-0.0629,20.00,0.500,-0.091,0.257,-0.003,23.50,-0.01,-0.0282,-0.0283,0.0210,20.00,0.500,-0.044,0.095,-0.026,23.81,-0.00,0.2842,0.2833,0.0060,20.00,0.500,-0.043,-0.129,-0.006,23.72,0.00,-0.2111,-0.2126,-0.0135,20.00,0.500,-0.040,-0.087,0.002,23.58,-0.00,0.0000,0.0000,0.0015,20.00,0.500,-0.026,-0.087,-0.001,23.72,0.00,-0.0210,-0.0223,0.0195,20.00,0.500,-0.018,0.071,-0.006,23.61,-0.00,-0.0369,-0.0380,-0.0090,20.00,0.500,-0.039,0.039,-0.006,23.43,-0.00,0.0042,0.0036,-0.0165,20.00,0.500,-0.019,0.031,-0.001,23.63,-0.00,-0.0168,-0.0176,-0.0060,20.00,0.500,-0.046,-0.003,0.008,23.58,-0.00,0.0865,0.0851,0.0000,20.00,0.500,-0.038,-0.017,-0.003,23.42,-0.00
0.1100,0.0176,0.0175,0.0150,20.00,0.500,0.008,0.301,-0.001,23.71,-0.00,-0.0847,-0.0882,0.0195,20.00,0.500,0.109,0.734,-0.051,23.62,-0.01,0.0728,0.0723,0.2067,20.00,0.500,-0.015,-0.189,0.069,23.49,0.00,-0.0282,-0.0283,-0.0015,20.00,0.500,-0.041,-0.439,-0.044,23.80,-0.00,0.2845,0.2833,-0.0000,20.00,0.500,-0.081,0.074,-0.004,23.72,0.00,-0.2107,-0.2125,0.0060,20.00,0.500,0.009,0.126,0.000,23.58,-0.00,0.0001,0.0000,-0.0045,20.00,0.500,-0.035,0.198,0.004,23.71,-0.00,-0.0207,-0.0225,-0.0120,20.00,0.500,0.045,0.010,-0.005,23.61,0.00,-0.0364,-0.0378,0.0300,20.00,0.500,-0.070,-0.086,-0.004,23.44,-0.00,0.0042,0.0037,0.0015,20.00,0.500,-0.030,-0.184,-0.004,23.65,-0.00,-0.0165,-0.0176,-0.0090,20.00,0.500,-0.084,0.290,-0.013,23.59,0.00,0.0870,0.0851,-0.0030,20.00,0.500,0.035,0.104,0.003,23.42,-0.00
0.1200,0.0177,0.0175,0.0150,20.00,0.500,0.008,0.301,-0.001,23.71,-0.00,-0.0843,-0.0883,-0.0120,20.00,0.500,0.109,0.734,-0.051,23.62,-0.01,0.0733,0.0721,-0.0494,20.00,0.500,-0.015,-0.189,0.069,23.49,0.00,-0.0282,-0.0283,0.0105,20.00,0.500,-0.041,-0.439,-0.044,23.80,-0.00,0.2848,0.2833,-0.0060,20.00,0.500,-0.081,0.074,-0.004,23.72,0.00,-0.2101,-0.2125,-0.0015,20.00,0.500,0.009,0.126,0.000,23.58,-0.00,0.0001,-0.0000,-0.0030,20.00,0.500,-0.035,0.198,0.004,23.71,-0.00,-0.0204,-0.0223,0.0300,20.00,0.500,0.045,0.010,-0.005,23.61,0.00,-0.0358,-0.0379,-0.0105,20.00,0.500,-0.070,-0.086,-0.004,23.44,-0.00,0.0043,0.0037,0.0015,20.00,0.500,-0.030,-0.184,-0.004,23.65,-0.00,-0.0161,-0.0176,-0.0090,20.00,0.500,-0.084,0.290,-0.013,23.59,0.00,0.0876,0.0851,-0.0030,20.00,0.500,0.035,0.104,0.003,23.42,-0.00
0.1300,0.0177,0.0174,0.0015,20.00,0.500,0.008,0.301,-0.001,23.71,-0.00,-0.0839,-0.0877,0.0614,20.00,0.500,0.109,0.734,-0.051,23.62,-0.01,0.0740,0.0724,0.0614,20.00,0.500,-0.015,-0.189,0.069,23.49,0.00,-0.0281,-0.0283,-0.0120,20.00,0.500,-0.041,-0.439,-0.044,23.80,-0.00,0.2853,0.2834,-0.0000,20.00,0.500,-0.081,0.074,-0.004,23.72,0.00,-0.2094,-0.2124,-0.0075,20.00,0.500,0.009,0.126,0.000,23.58,-0.00,0.0002,-0.0000,-0.0075,20.00,0.500,-0.035,0.198,0.004,23.71,-0.00,-0.0200,-0.0225,-0.0330,20.00,0.500,0.045,0.010,-0.005,23.61,0.00,-0.0351,-0.0373,0.0599,20.00,0.500,-0.070,-0.086,-0.004,23.44,-0.00,0.0043,0.0037,0.0075,20.00,0.500,-0.030,-0.184,-0.004,23.65,-0.00,-0.0157,-0.0175,0.0120,20.00,0.500,-0.084,0.290,-0.013,23.59,0.00,0.0883,0.0852,-0.0015,20.00,0.500,0.035,0.104,0.003,23.42,-0.00
0.1400,0.0178,0.0172,-0.0524,20.00,0.500,0.008,0.301,-0.001,23.71,-0.00,-0.0834,-0.0879,-0.0240,20.00,0.500,0.109,0.734,-0.051,23.62,-0.01,0.0748,0.0720,-0.0614,20.00,0.500,-0.015,-0.189,0.069,23.49,0.00,-0.0280,-0.0282,0.0105,20.00,0.500,-0.041,-0.439,-0.044,23.80,-0.00,0.2857,0.2835,0.0090,20.00,0.500,-0.081,0.074,-0.004,23.72,0.00,-0.2086,-0.2123,0.0150,20.00,0.500,0.009,0.126,0.000,23.58,-0.00,0.0002,0.0000,-0.0000,20.00,0.500,-0.035,0.198,0.004,23.71,-0.00,-0.0195,-0.0221,0.0509,20.00,0.500,0.045,0.010,-0.005,23.61,0.00,-0.0344,-0.0368,0.0330,20.00,0.500,-0.070,-0.086,-0.004,23.44,-0.00,0.0044,0.0036,-0.0060,20.00,0.500,-0.030,-0.184,-0.004,23.65,-0.00,-0.0152,-0.0175,0.0045,20.00,0.500,-0.084,0.290,-0.013,23.59,0.00,0.0890,0.0860,0.0449,20.00,0.500,0.035,0.104,0.003,23.42,-0.00
0.1500,0.0178,0.0178,0.0404,20.00,0.500,0.008,0.301,-0.001,23.71,-0.00,-0.0829,-0.0883,-0.0494,20.00,0.500,0.109,0.734,-0.051,23.62,-0.01,0.0757,0.0723,0.0749,20.00,0.500,-0.015,-0.189,0.069,23.49,0.00,-0.0280,-0.0283,-0.0075,20.00,0.500,-0.041,-0.439,-0.044,23.80,-0.00,0.2863,0.2834,-0.0000,20.00,0.500,-0.081,0.074,-0.004,23.72,0.00,-0.2078,-0.2120,0.0240,20.00,0.500,0.009,0.126,0.000,23.58,-0.00,0.0003,-0.0000,-0.0075,20.00,0.500,-0.035,0.198,0.004,23.71,-0.00,-0.0189,-0.0223,-0.0270,20.00,0.500,0.045,0.010,-0.005,23.61,0.00,-0.0335,-0.0367,0.0360,20.00,0.500,-0.070,-0.086,-0.004,23.44,-0.00,0.0044,0.0037,0.0105,20.00,0.500,-0.030,-0.184,-0.004,23.65,-0.00,-0.0147,-0.0174,-0.0030,20.00,0.500,-0.084,0.290,-0.013,23.59,0.00,0.0899,0.0862,0.0195,20.00,0.500,0.035,0.104,0.003,23.42,-0.00
0.1600,0.0179,0.0174,0.0195,20.00,0.500,0.023,0.015,-0.004,23.71,0.00,-0.0823,-0.0876,0.0674,20.00,0.500,0.104,-0.053,0.006,23.62,-0.00,0.0767,0.0729,0.0539,20.00,0.500,-0.137,0.712,-0.017,23.50,0.00,-0.0279,-0.0283,-0.0045,20.00,0.500,-0.028,0.071,-0.030,23.80,0.00,0.2869,0.2836,0.0060,20.00,0.500,-0.157,-0.257,-0.007,23.72,0.00,-0.2068,-0.2118,0.0300,20.00,0.500,0.109,0.193,0.002,23.58,-0.00,0.0004,0.0001,-0.0000,20.00,0.500,-0.039,-0.107,0.001,23.71,0.00,-0.0183,-0.0221,0.0240,20.00,0.500,0.078,0.085,0.009,23.61,0.00,-0.0325,-0.0358,0.0809,20.00,0.500,-0.094,-0.028,-0.011,23.45,0.00,0.0045,0.0037,0.0210,20.00,0.500,-0.041,-0.451,-0.007,23.64,0.00,-0.0141,-0.0174,0.0060,20.00,0.500,-0.157,-0.349,-0.018,23.59,0.00,0.0909,0.0869,0.0644,20.00,0.500,0.053,0.103,0.006,23.42,0.00
0.1700,0.0180,0.0174,0.0195,20.00,0.500,0.023,0.015,-0.004,23.71,0.00,-0.0816,-0.0881,-0.0375,20.00,0.500,0.104,-0.053,0.006,23.62,-0.00,0.0778,0.0724,-0.0524,20.00,0.500,-0.137,0.712,-0.017,23.50,0.00,-0.0278,-0.0283,0.0045,20.00,0.500,-0.028,0.071,-0.030,23.80,0.00,0.2876,0.2836,-0.0060,20.00,0.500,-0.157,-0.257,-0.007,23.72,0.00,-0.2056,-0.2115,0.0105,20.00,0.500,0.109,0.193,0.002,23.58,-0.00,0.0004,0.0000,-0.0030,20.00,0.500,-0.039,-0.107,0.001,23.71,0.00,-0.0176,-0.0221,-0.0060,20.00,0.500,0.078,0.085,0.009,23.61,0.00,-0.0314,-0.0353,0.0554,20.00,0.500,-0.094,-0.028,-0.011,23.45,0.00,0.0046,0.0037,-0.0030,20.00,0.500,-0.041,-0.451,-0.007,23.64,0.00,-0.0134,-0.0173,0.0090,20.00,0.500,-0.157,-0.349,-0.018,23.59,0.00,0.0920,0.0869,0.0644,20.00,0.500,0.053,0.103,0.006,23.42,0.00
0.1800,0.0181,0.0174,-0.0120,20.00,0.500,0.023,0.015,-0.004,23.71,0.00,-0.0808,-0.0873,0.0734,20.00,0.500,0.104,-0.053,0.006,23.62,-0.00,0.0790,0.0727,0.0330,20.00,0.500,-0.137,0.712,-0.017,23.50,0.00,-0.0277,-0.0283,-0.0030,20.00,0.500,-0.028,0.071,-0.030,23.80,0.00,0.2883,0.2837,0.0150,20.00,0.500,-0.157,-0.257,-0.007,23.72,0.00,-0.2044,-0.2113,0.0345,20.00,0.500,0.109,0.193,0.002,23.58,-0.00,0.0005,0.0001,0.0075,20.00,0.500,-0.039,-0.107,0.001,23.71,0.00,-0.0169,-0.0218,0.0330,20.00,0.500,0.078,0.085,0.009,23.61,0.00,-0.0301,-0.0333,0.1962,20.00,0.500,-0.094,-0.028,-0.011,23.45,0.00,0.0047,0.0036,0.0000,20.00,0.500,-0.041,-0.451,-0.007,23.64,0.00,-0.0126,-0.0173,0.0120,20.00,0.500,-0.157,-0.349,-0.018,23.59,0.00,0.0933,0.0871,0.0135,20.00,0.500,0.053,0.103,0.006,23.42,0.00
0.1900,0.0182,0.0176,-0.0120,20.00,0.500,0.023,0.015,-0.004,23.71,0.00,-0.0800,-0.0867,0.0659,20.00,0.500,0.104,-0.053,0.006,23.62,-0.00,0.0804,0.0750,0.3191,20.00,0.500,-0.137,0.712,-0.017,23.50,0.00,-0.0276,-0.0283,-0.0210,20.00,0.500,-0.028,0.071,-0.030,23.80,0.00,0.2892,0.2839,0.0135,20.00,0.500,-0.157,-0.257,-0.007,23.72,0.00,-0.2030,-0.2099,0.1513,20.00,0.500,0.109,0.193,0.002,23.58,-0.00,0.0006,0.0000,-0.0000,20.00,0.500,-0.039,-0.107,0.001,23.71,0.00,-0.0160,-0.0216,0.0180,20.00,0.500,0.078,0.085,0.009,23.61,0.00,-0.0288,-0.0327,0.0509,20.00,0.500,-0.094,-0.028,-0.011,23.45,0.00,0.0048,0.0037,-0.0105,20.00,0.500,-0.041,-0.451,-0.007,23.64,0.00,-0.0118,-0.0172,0.0105,20.00,0.500,-0.157,-0.349,-0.018,23.59,0.00,0.0947,0.0877,0.0704,20.00,0.500,0.053,0.103,0.006,23.42,0.00
0.2000,0.0183,0.0175,0.0135,20.00,0.500,0.023,0.015,-0.004,23.71,0.00,-0.0790,-0.0867,-0.0015,20.00,0.500,0.104,-0.053,0.006,23.62,-0.00,0.0819,0.0766,0.1393,20.00,0.500,-0.137,0.712,-0.017,23.50,0.00,-0.0275,-0.0283,0.0015,20.00,0.500,-0.028,0.071,-0.030,23.80,0.00,0.2901,0.2841,0.0150,20.00,0.500,-0.157,-0.257,-0.007,23.72,0.00,-0.2015,-0.2080,0.1588,20.00,0.500,0.109,0.193,0.002,23.58,-0.00,0.0008,0.0001,0.0060,20.00,0.500,-0.039,-0.107,0.001,23.71,0.00,-0.0151,-0.0212,0.0509,20.00,0.500,0.078,0.085,0.009,23.61,0.00,-0.0272,-0.0322,0.0644,20.00,0.500,-0.094,-0.028,-0.011,23.45,0.00,0.0049,0.0036,0.0015,20.00,0.500,-0.041,-0.451,-0.007,23.64,0.00,-0.0109,-0.0171,0.0060,20.00,0.500,-0.157,-0.349,-0.018,23.59,0.00,0.0962,0.0884,0.0629,20.00,0.500,0.053,0.103,0.006,23.42,0.00
0.2100,0.0185,0.0176,0.0180,20.00,0.500,0.008,-0.020,0.039,23.69,-0.00,-0.0780,-0.0866,0.0330,20.00,0.500,0.263,0.502,-0.023,23.63,0.00,0.0836,0.0769,0.0854,20.00,0.500,-0.297,-0.618,0.031,23.51,0.00,-0.0274,-0.0283,-0.0120,20.00,0.500,-0.041,-0.050,-0.005,23.80,-0.00,0.2911,0.2842,0.0060,20.00,0.500,-0.258,-0.316,-0.019,23.71,0.00,-0.1999,-0.2053,0.0330,20.00,0.500,0.010,-0.063,-0.003,23.58,-0.00,0.0009,0.0001,0.0030,20.00,0.500,-0.055,-0.121,-0.005,23.72,0.00,-0.0141,-0.0206,0.0554,20.00,0.500,0.155,0.089,0.007,23.62,0.00,-0.0256,-0.0294,0.2771,20.00,0.500,0.024,-0.189,0.001,23.45,0.00,0.0050,0.0037,-0.0030,20.00,0.500,0.001,-0.120,-0.018,23.65,-0.00,-0.0098,-0.0170,0.0090,20.00,0.500,-0.280,-0.319,-0.023,23.59,0.00,0.0978,0.0894,0.0704,20.00,0.500,0.201,-0.116,0.014,23.42,0.00
0.2200,0.0186,0.0176,0.0180,20.00,0.500,0.008,-0.020,0.039,23.69,-0.00,-0.0769,-0.0859,0.0629,20.00,0.500,0.263,0.502,-0.023,23.63,0.00,0.0854,0.0769,0.0854,20.00,0.500,-0.297,-0.618,0.031,23.51,0.00,-0.0272,-0.0283,-0.0120,20.00,0.500,-0.041,-0.050,-0.005,23.80,-0.00,0.2922,0.2842,0.0060,20.00,0.500,-0.258,-0.316,-0.019,23.71,0.00,-0.1981,-0.2053,0.0330,20.00,0.500,0.010,-0.063,-0.003,23.58,-0.00,0.0010,0.0001,0.0030,20.00,0.500,-0.055,-0.121,-0.005,23.72,0.00,-0.0130,-0.0203,0.0345,20.00,0.500,0.155,0.089,0.007,23.62,0.00,-0.0238,-0.0267,0.3221,20.00,0.500,0.024,-0.189,0.001,23.45,0.00,0.0052,0.0037,-0.0045,20.00,0.500,0.001,-0.120,-0.018,23.65,-0.00,-0.0087,-0.0170,0.0030,20.00,0.500,-0.280,-0.319,-0.023,23.59,0.00,0.0996,0.0894,0.0704,20.00,0.500,0.201,-0.116,0.014,23.42,0.00
0.2300,0.0187,0.0177,0.0180,20.00,0.500,0.008,-0.020,0.039,23.69,-0.00,-0.0757,-0.0855,0.0210,20.00,0.500,0.263,0.502,-0.023,23.63,0.00,0.0873,0.0784,0.1528,20.00,0.500,-0.297,-0.618,0.031,23.51,0.00,-0.0271,-0.0282,-0.0030,20.00,0.500,-0.041,-0.050,-0.005,23.80,-0.00,0.2934,0.2845,0.0300,20.00,0.500,-0.258,-0.316,-0.019,23.71,0.00,-0.1961,-0.2040,0.1768,20.00,0.500,0.010,-0.063,-0.003,23.58,-0.00,0.0012,0.0001,0.0015,20.00,0.500,-0.055,-0.121,-0.005,23.72,0.00,-0.0118,-0.0198,0.0494,20.00,0.500,0.155,0.089,0.007,23.62,0.00,-0.0219,-0.0254,0.1723,20.00,0.500,0.024,-0.189,0.001,23.45,0.00,0.0053,0.0036,-0.0135,20.00,0.500,0.001,-0.120,-0.018,23.65,-0.00,-0.0075,-0.0169,0.0165,20.00,0.500,-0.280,-0.319,-0.023,23.59,0.00,0.1016,0.0900,0.0584,20.00,0.500,0.201,-0.116,0.014,23.42,0.00
0.2400,0.0189,0.0175,0.0060,20.00,0.500,0.008,-0.020,0.039,23.69,-0.00,-0.0744,-0.0842,0.1453,20.00,0.500,0.263,0.502,-0.023,23.63,0.00,0.0894,0.0805,0.2517,20.00,0.500,-0.297,-0.618,0.031,23.51,0.00,-0.0269,-0.0282,-0.0000,20.00,0.500,-0.041,-0.050,-0.005,23.80,-0.00,0.2947,0.2851,0.0734,20.00,0.500,-0.258,-0.316,-0.019,23.71,0.00,-0.1940,-0.2024,0.0899,20.00,0.500,0.010,-0.063,-0.003,23.58,-0.00,0.0013,0.0001,-0.0030,20.00,0.500,-0.055,-0.121,-0.005,23.72,0.00,-0.0105,-0.0190,0.0614,20.00,0.500,0.155,0.089,0.007,23.62,0.00,-0.0198,-0.0230,0.1483,20.00,0.500,0.024,-0.189,0.001,23.45,0.00,0.0055,0.0036,-0.0135,20.00,0.500,0.001,-0.120,-0.018,23.65,-0.00,-0.0063,-0.0164,0.0389,20.00,0.500,-0.280,-0.319,-0.023,23.59,0.00,0.1037,0.0918,0.1947,20.00,0.500,0.201,-0.116,0.014,23.42,0.00
0.2500,0.0191,0.0174,-0.0105,20.00,0.500,0.008,-0.020,0.039,23.69,-0.00,-0.0730,-0.0834,0.0749,20.00,0.500,0.263,0.502,-0.023,23.63,0.00,0.0917,0.0820,0.1079,20.00,0.500,-0.297,-0.618,0.031,23.51,0.00,-0.0267,-0.0282,-0.0060,20.00,0.500,-0.041,-0.050,-0.005,23.80,-0.00,0.2961,0.2862,0.1004,20.00,0.500,-0.258,-0.316,-0.019,23.71,0.00,-0.1918,-0.2003,0.3191,20.00,0.500,0.010,-0.063,-0.003,23.58,-0.00,0.0015,0.0002,0.0015,20.00,0.500,-0.055,-0.121,-0.005,23.72,0.00,-0.0091,-0.0187,0.0330,20.00,0.500,0.155,0.089,0.007,23.62,0.00,-0.0175,-0.0215,0.1873,20.00,0.500,0.024,-0.189,0.001,23.45,0.00,0.0057,0.0038,-0.0090,20.00,0.500,0.001,-0.120,-0.018,23.65,-0.00,-0.0049,-0.0163,0.0120,20.00,0.500,-0.280,-0.319,-0.023,23.59,0.00,0.1059,0.0964,0.1109,20.00,0.500,0.201,-0.116,0.014,23.42,0.00
0.2600,0.0193,0.0178,0.0090,20.00,0.500,-0.067,0.267,0.018,23.69,0.00,-0.0715,-0.0831,0.0045,20.00,0.500,0.296,1.125,0.030,23.61,0.00,0.0941,0.0840,0.2037,20.00,0.500,-0.246,-0.448,-0.083,23.50,0.00,-0.0266,-0.0282,-0.0045,20.00,0.500,-0.115,0.104,0.000,23.81,-0.00,0.2976,0.2876,0.1453,20.00,0.500,-0.275,-0.337,-0.023,23.71,0.00,-0.1894,-0.1983,0.2022,20.00,0.500,0.130,0.620,0.003,23.55,0.00,0.0017,0.0003,0.0090,20.00,0.500,-0.088,-0.176,-0.011,23.71,0.00,-0.0076,-0.0184,0.0330,20.00,0.500,0.291,0.226,0.031,23.61,0.00,-0.0151,-0.0190,0.2517,20.00,0.500,-0.039,-0.062,-0.003,23.44,0.00,0.0058,0.0038,0.0060,20.00,0.500,0.037,0.312,-0.002,23.64,-0.00,-0.0034,-0.0161,0.0240,20.00,0.500,-0.455,-0.351,-0.004,23.58,0.00,0.1083,0.0970,0.0674,20.00,0.500,0.303,0.315,0.020,23.41,-0.00
0.2700,0.0195,0.0178,0.0090,20.00,0.500,-0.067,0.267,0.018,23.69,0.00,-0.0700,-0.0832,0.0150,20.00,0.500,0.296,1.125,0.030,23.61,0.00,0.0966,0.0847,0.0644,20.00,0.500,-0.246,-0.448,-0.083,23.50,0.00,-0.0264,-0.0282,-0.0015,20.00,0.500,-0.115,0.104,0.000,23.81,-0.00,0.2992,0.2899,0.2112,20.00,0.500,-0.275,-0.337,-0.023,23.71,0.00,-0.1868,-0.1975,-0.0045,20.00,0.500,0.130,0.620,0.003,23.55,0.00,0.0019,0.0004,0.0090,20.00,0.500,-0.088,-0.176,-0.011,23.71,0.00,-0.0060,-0.0185,0.0045,20.00,0.500,0.291,0.226,0.031,23.61,0.00,-0.0125,-0.0169,0.1124,20.00,0.500,-0.039,-0.062,-0.003,23.44,0.00,0.0060,0.0037,-0.0240,20.00,0.500,0.037,0.312,-0.002,23.64,-0.00,-0.0018,-0.0158,0.0195,20.00,0.500,-0.455,-0.351,-0.004,23.58,0.00,0.1109,0.0970,0.0674,20.00,0.500,0.303,0.315,0.020,23.41,-0.00
0.2800,0.0197,0.0177,0.0210,20.00,0.500,-0.067,0.267,0.018,23.69,0.00,-0.0683,-0.0823,0.1019,20.00,0.500,0.296,1.125,0.030,23.61,0.00,0.0994,0.0865,0.2307,20.00,0.500,-0.246,-0.448,-0.083,23.50,0.00,-0.0262,-0.0281,0.0030,20.00,0.500,-0.115,0.104,0.000,23.81,-0.00,0.3009,0.2909,0.1139,20.00,0.500,-0.275,-0.337,-0.023,23.71,0.00,-0.1840,-0.1965,0.2412,20.00,0.500,0.130,0.620,0.003,23.55,0.00,0.0021,0.0003,-0.0000,20.00,0.500,-0.088,-0.176,-0.011,23.71,0.00,-0.0044,-0.0177,0.0749,20.00,0.500,0.291,0.226,0.031,23.61,0.00,-0.0098,-0.0142,0.3550,20.00,0.500,-0.039,-0.062,-0.003,23.44,0.00,0.0063,0.0037,-0.0240,20.00,0.500,0.037,0.312,-0.002,23.64,-0.00,-0.0001,-0.0151,0.0839,20.00,0.500,-0.455,-0.351,-0.004,23.58,0.00,0.1136,0.0975,0.0509,20.00,0.500,0.303,0.315,0.020,23.41,-0.00
0.2900,0.0199,0.0176,-0.0075,20.00,0.500,-0.067,0.267,0.018,23.69,0.00,-0.0665,-0.0811,0.1094,20.00,0.500,0.296,1.125,0.030,23.61,0.00,0.1023,0.0885,0.1962,20.00,0.500,-0.246,-0.448,-0.083,23.50,0.00,-0.0259,-0.0280,0.0045,20.00,0.500,-0.115,0.104,0.000,23.81,-0.00,0.3027,0.2930,0.1888,20.00,0.500,-0.275,-0.337,-0.023,23.71,0.00,-0.1811,-0.1943,0.3056,20.00,0.500,0.130,0.620,0.003,23.55,0.00,0.0023,0.0004,0.0030,20.00,0.500,-0.088,-0.176,-0.011,23.71,0.00,-0.0026,-0.0172,0.0434,20.00,0.500,0.291,0.226,0.031,23.61,0.00,-0.0069,-0.0113,0.3236,20.00,0.500,-0.039,-0.062,-0.003,23.44,0.00,0.0065,0.0039,-0.0090,20.00,0.500,0.037,0.312,-0.002,23.64,-0.00,0.0017,-0.0135,0.1678,20.00,0.500,-0.455,-0.351,-0.004,23.58,0.00,0.1166,0.0992,0.1783,20.00,0.500,0.303,0.315,0.020,23.41,-0.00
0.3000,0.0201,0.0175,-0.0285,20.00,0.500,-0.067,0.267,0.018,23.69,0.00,-0.0646,-0.0803,0.1019,20.00,0.500,0.296,1.125,0.030,23.61,0.00,0.1054,0.0917,0.2726,20.00,0.500,-0.246,-0.448,-0.083,23.50,0.00,-0.0257,-0.0280,0.0075,20.00,0.500,-0.115,0.104,0.000,23.81,-0.00,0.3046,0.2936,0.0599,20.00,0.500,-0.275,-0.337,-0.023,23.71,0.00,-0.1780,-0.1925,0.1663,20.00,0.500,0.130,0.620,0.003,23.55,0.00,0.0026,0.0005,0.0075,20.00,0.500,-0.088,-0.176,-0.011,23.71,0.00,-0.0007,-0.0162,0.1079,20.00,0.500,0.291,0.226,0.031,23.61,0.00,-0.0038,-0.0081,0.3685,20.00,0.500,-0.039,-0.062,-0.003,23.44,0.00,0.0067,0.0040,0.0060,20.00,0.500,0.037,0.312,-0.002,23.64,-0.00,0.0036,-0.0091,0.5093,20.00,0.500,-0.455,-0.351,-0.004,23.58,0.00,0.1196,0.1019,0.3056,20.00,0.500,0.303,0.315,0.020,23.41,-0.00
0.3100,0.0204,0.0176,-0.0210,20.00,0.500,-0.076,-0.335,0.004,23.70,0.00,-0.0626,-0.0777,0.2786,20.00,0.500,0.400,0.239,0.044,23.61,0.01,0.1086,0.0945,0.2067,20.00,0.500,-0.294,-0.468,-0.043,23.49,0.00,-0.0254,-0.0280,-0.0000,20.00,0.500,-0.133,-0.084,-0.011,23.79,0.00,0.3066,0.2943,0.0854,20.00,0.500,-0.410,-0.430,-0.051,23.72,0.01,-0.1748,-0.1889,0.3296,20.00,0.500,0.228,0.174,0.016,23.56,0.00,0.0028,0.0006,0.0090,20.00,0.500,-0.119,-0.147,-0.011,23.71,0.00,0.0013,-0.0146,0.1648,20.00,0.500,0.401,0.450,0.037,23.60,0.01,-0.0005,-0.0056,0.2681,20.00,0.500,-0.038,-0.037,-0.012,23.42,-0.00,0.0070,0.0039,-0.0210,20.00,0.500,0.085,0.278,0.018,23.64,0.00,0.0056,-0.0061,0.1139,20.00,0.500,-0.352,-0.594,-0.022,23.59,0.00,0.1229,0.1070,0.1453,20.00,0.500,0.360,0.337,0.029,23.42,0.01
0.3200,0.0206,0.0176,-0.0210,20.00,0.500,-0.076,-0.335,0.004,23.70,0.00,-0.0605,-0.0773,0.0569,20.00,0.500,0.400,0.239,0.044,23.61,0.01,0.1121,0.0957,0.1064,20.00,0.500,-0.294,-0.468,-0.043,23.49,0.00,-0.0252,-0.0281,-0.0015,20.00,0.500,-0.133,-0.084,-0.011,23.79,0.00,0.3087,0.2952,0.0689,20.00,0.500,-0.410,-0.430,-0.051,23.72,0.01,-0.1714,-0.1864,0.1603,20.00,0.500,0.228,0.174,0.016,23.56,0.00,0.0031,0.0007,0.0180,20.00,0.500,-0.119,-0.147,-0.011,23.71,0.00,0.0035,-0.0134,0.1004,20.00,0.500,0.401,0.450,0.037,23.60,0.01,0.0029,-0.0046,0.0914,20.00,0.500,-0.038,-0.037,-0.012,23.42,-0.00,0.0072,0.0039,0.0135,20.00,0.500,0.085,0.278,0.018,23.64,0.00,0.0077,-0.0079,-0.0809,20.00,0.500,-0.352,-0.594,-0.022,23.59,0.00,0.1263,0.1070,0.1453,20.00,0.500,0.360,0.337,0.029,23.42,0.01
0.3300,0.0209,0.0179,0.0434,20.00,0.500,-0.076,-0.335,0.004,23.70,0.00,-0.0582,-0.0740,0.4030,20.00,0.500,0.400,0.239,0.044,23.61,0.01,0.1157,0.0981,0.3326,20.00,0.500,-0.294,-0.468,-0.043,23.49,0.00,-0.0249,-0.0280,-0.0015,20.00,0.500,-0.133,-0.084,-0.011,23.79,0.00,0.3109,0.2960,0.1109,20.00,0.500,-0.410,-0.430,-0.051,23.72,0.01,-0.1677,-0.1839,0.2936,20.00,0.500,0.228,0.174,0.016,23.56,0.00,0.0034,0.0009,0.0150,20.00,0.500,-0.119,-0.147,-0.011,23.71,0.00,0.0057,-0.0126,0.0854,20.00,0.500,0.401,0.450,0.037,23.60,0.01,0.0065,-0.0017,0.3670,20.00,0.500,-0.038,-0.037,-0.012,23.42,-0.00,0.0075,0.0039,0.0135,20.00,0.500,0.085,0.278,0.018,23.64,0.00,0.0099,-0.0064,0.1423,20.00,0.500,-0.352,-0.594,-0.022,23.59,0.00,0.1299,0.1075,0.0749,20.00,0.500,0.360,0.337,0.029,23.42,0.01
0.3400,0.0212,0.0177,-0.0075,20.00,0.500,-0.076,-0.335,0.004,23.70,0.00,-0.0559,-0.0735,0.0285,20.00,0.500,0.400,0.239,0.044,23.61,0.01,0.1195,0.1037,0.4554,20.00,0.500,-0.294,-0.468,-0.043,23.49,0.00,-0.0246,-0.0281,-0.0120,20.00,0.500,-0.133,-0.084,-0.011,23.79,0.00,0.3132,0.2970,0.0644,20.00,0.500,-0.410,-0.430,-0.051,23.72,0.01,-0.1640,-0.1792,0.4764,20.00,0.500,0.228,0.174,0.016,23.56,0.00,0.0037,0.0011,0.0255,20.00,0.500,-0.119,-0.147,-0.011,23.71,0.00,0.0080,-0.0118,0.0719,20.00,0.500,0.401,0.450,0.037,23.60,0.01,0.0103,0.0029,0.4449,20.00,0.500,-0.038,-0.037,-0.012,23.42,-0.00,0.0078,0.0040,0.0240,20.00,0.500,0.085,0.278,0.018,23.64,0.00,0.0123,-0.0069,-0.0539,20.00,0.500,-0.352,-0.594,-0.022,23.59,0.00,0.1337,0.1102,0.3131,20.00,0.500,0.360,0.337,0.029,23.42,0.01
0.3500,0.0215,0.0176,-0.0105,20.00,0.500,-0.076,-0.335,0.004,23.70,0.00,-0.0535,-0.0737,0.0075,20.00,0.500,0.400,0.239,0.044,23.61,0.01,0.1234,0.1072,0.2816,20.00,0.500,-0.294,-0.468,-0.043,23.49,0.00,-0.0243,-0.0280,0.0015,20.00,0.500,-0.133,-0.084,-0.011,23.79,0.00,0.3157,0.2973,0.0375,20.00,0.500,-0.410,-0.430,-0.051,23.72,0.01,-0.1600,-0.1759,0.2547,20.00,0.500,0.228,0.174,0.016,23.56,0.00,0.0040,0.0012,0.0090,20.00,0.500,-0.119,-0.147,-0.011,23.71,0.00,0.0105,-0.0111,0.0719,20.00,0.500,0.401,0.450,0.037,23.60,0.01,0.0143,0.0068,0.3640,20.00,0.500,-0.038,-0.037,-0.012,23.42,-0.00,0.0081,0.0041,-0.0270,20.00,0.500,0.085,0.278,0.018,23.64,0.00,0.0147,-0.0067,0.0479,20.00,0.500,-0.352,-0.594,-0.022,23.59,0.00,0.1377,0.1176,0.3131,20.00,0.500,0.360,0.337,0.029,23.42,0.01
0.3600,0.0218,0.0178,-0.0075,20.00,0.500,-0.118,-0.297,-0.007,23.69,0.00,-0.0509,-0.0730,0.0315,20.00,0.500,0.659,0.547,0.001,23.61,0.01,0.1276,0.1096,0.2217,20.00,0.500,-0.516,-0.803,0.031,23.49,-0.02,-0.0240,-0.0279,0.0075,20.00,0.500,-0.157,-0.140,-0.010,23.79,0.00,0.3182,0.2979,0.0494,20.00,0.500,-0.703,-0.988,-0.083,23.72,0.01,-0.1558,-0.1733,0.2607,20.00,0.500,0.379,0.688,0.041,23.57,0.00,0.0043,0.0013,0.0030,20.00,0.500,-0.128,-0.122,-0.008,23.71,0.00,0.0130,-0.0100,0.0929,20.00,0.500,0.678,0.653,0.048,23.60,0.01,0.0184,0.0106,0.3985,20.00,0.500,-0.025,-0.055,-0.004,23.44,0.00,0.0084,0.0040,0.0045,20.00,0.500,0.111,0.296,0.024,23.63,0.00,0.0173,-0.0061,0.0494,20.00,0.500,-0.818,-1.068,-0.055,23.58,0.01,0.1419,0.1202,0.3116,20.00,0.500,0.463,0.525,0.037,23.41,0.01
0.3700,0.0222,0.0178,-0.0075,20.00,0.500,-0.118,-0.297,-0.007,23.69,0.00,-0.0482,-0.0729,0.0524,20.00,0.500,0.659,0.547,0.001,23.61,0.01,0.1319,0.1119,0.1124,20.00,0.500,-0.516,-0.803,0.031,23.49,-0.02,-0.0236,-0.0279,0.0075,20.00,0.500,-0.157,-0.140,-0.010,23.79,0.00,0.3209,0.2979,0.0494,20.00,0.500,-0.703,-0.988,-0.083,23.72,0.01,-0.1515,-0.1734,0.0015,20.00,0.500,0.379,0.688,0.041,23.57,0.00,0.0046,0.0014,-0.0015,20.00,0.500,-0.128,-0.122,-0.008,23.71,0.00,0.0157,-0.0096,0.0404,20.00,0.500,0.678,0.653,0.048,23.60,0.01,0.0228,0.0127,0.2157,20.00,0.500,-0.025,-0.055,-0.004,23.44,0.00,0.0088,0.0043,-0.0225,20.00,0.500,0.111,0.296,0.024,23.63,0.00,0.0199,-0.0058,0.0240,20.00,0.500,-0.818,-1.068,-0.055,23.58,0.01,0.1462,0.1202,0.3116,20.00,0.500,0.463,0.525,0.037,23.41,0.01
0.3800,0.0225,0.0177,-0.0120,20.00,0.500,-0.118,-0.297,-0.007,23.69,0.00,-0.0455,-0.0713,0.1453,20.00,0.500,0.659,0.547,0.001,23.61,0.01,0.1365,0.1142,0.3565,20.00,0.500,-0.516,-0.803,0.031,23.49,-0.02,-0.0233,-0.0280,0.0090,20.00,0.500,-0.157,-0.140,-0.010,23.79,0.00,0.3237,0.2987,0.1183,20.00,0.500,-0.703,-0.988,-0.083,23.72,0.01,-0.1470,-0.1714,0.3251,20.00,0.500,0.379,0.688,0.041,23.57,0.00,0.0050,0.0016,0.0434,20.00,0.500,-0.128,-0.122,-0.008,23.71,0.00,0.0185,-0.0087,0.0974,20.00,0.500,0.678,0.653,0.048,23.60,0.01,0.0273,0.0161,0.3760,20.00,0.500,-0.025,-0.055,-0.004,23.44,0.00,0.0091,0.0043,0.0345,20.00,0.500,0.111,0.296,0.024,23.63,0.00,0.0227,-0.0052,0.0704,20.00,0.500,-0.818,-1.068,-0.055,23.58,0.01,0.1507,0.1227,0.2741,20.00,0.500,0.463,0.525,0.037,23.41,0.01
0.3900,0.0229,0.0177,-0.0105,20.00,0.500,-0.118,-0.297,-0.007,23.69,0.00,-0.0426,-0.0692,0.3191,20.00,0.500,0.659,0.547,0.001,23.61,0.01,0.1412,0.1175,0.3865,20.00,0.500,-0.516,-0.803,0.031,23.49,-0.02,-0.0229,-0.0280,-0.0030,20.00,0.500,-0.157,-0.140,-0.010,23.79,0.00,0.3266,0.2996,0.0989,20.00,0.500,-0.703,-0.988,-0.083,23.72,0.01,-0.1422,-0.1664,0.4254,20.00,0.500,0.379,0.688,0.041,23.57,0.00,0.0053,0.0016,-0.0075,20.00,0.500,-0.128,-0.122,-0.008,23.71,0.00,0.0214,-0.0072,0.1483,20.00,0.500,0.678,0.653,0.048,23.60,0.01,0.0320,0.0216,0.5588,20.00,0.500,-0.025,-0.055,-0.004,23.44,0.00,0.0095,0.0042,-0.0404,20.00,0.500,0.111,0.296,0.024,23.63,0.00,0.0256,-0.0030,0.2891,20.00,0.500,-0.818,-1.068,-0.055,23.58,0.01,0.1554,0.1253,0.3116,20.00,0.500,0.463,0.525,0.037,23.41,0.01
0.4000,0.0233,0.0178,0.0225,20.00,0.500,-0.118,-0.297,-0.007,23.69,0.00,-0.0395,-0.0647,0.4854,20.00,0.500,0.659,0.547,0.001,23.61,0.01,0.1461,0.1211,0.4584,20.00,0.500,-0.516,-0.803,0.031,23.49,-0.02,-0.0226,-0.0280,-0.0000,20.00,0.500,-0.157,-0.140,-0.010,23.79,0.00,0.3296,0.3010,0.1423,20.00,0.500,-0.703,-0.988,-0.083,23.72,0.01,-0.1373,-0.1642,0.1213,20.00,0.500,0.379,0.688,0.041,23.57,0.00,0.0057,0.0017,-0.0030,20.00,0.500,-0.128,-0.122,-0.008,23.71,0.00,0.0244,-0.0048,0.2607,20.00,0.500,0.678,0.653,0.048,23.60,0.01,0.0369,0.0267,0.4509,20.00,0.500,-0.025,-0.055,-0.004,23.44,0.00,0.0098,0.0042,-0.0404,20.00,0.500,0.111,0.296,0.024,23.63,0.00,0.0286,0.0023,0.5078,20.00,0.500,-0.818,-1.068,-0.055,23.58,0.01,0.1603,0.1297,0.4299,20.00,0.500,0.463,0.525,0.037,23.41,0.01
0.4100,0.0237,0.0175,-0.0135,20.00,0.500,-0.197,-0.209,-0.025,23.68,-0.00,-0.0364,-0.0631,0.1034,20.00,0.500,0.581,1.395,0.048,23.60,0.01,0.1512,0.1244,0.2846,20.00,0.500,-0.635,-0.122,-0.010,23.48,0.03,-0.0222,-0.0279,-0.0060,20.00,0.500,-0.227,-0.151,-0.019,23.79,0.00,0.3327,0.3039,0.2771,20.00,0.500,-0.784,-0.896,-0.043,23.71,0.03,-0.1323,-0.1641,0.0404,20.00,0.500,1.039,1.279,0.059,23.55,0.03,0.0061,0.0010,-0.0539,20.00,0.500,-0.250,-0.290,-0.013,23.71,0.00,0.0275,-0.0021,0.2232,20.00,0.500,0.749,0.820,0.048,23.59,0.02,0.0420,0.0310,0.4179,20.00,0.500,-0.142,-0.321,-0.022,23.42,-0.00,0.0102,0.0039,-0.0030,20.00,0.500,0.184,0.145,-0.001,23.63,-0.00,0.0318,0.0048,0.1438,20.00,0.500,-0.832,-0.702,-0.031,23.57,0.02,0.1654,0.1362,0.1708,20.00,0.500,0.785,0.878,0.066,23.40,0.02
0.4200,0.0241,0.0175,-0.0135,20.00,0.500,-0.197,-0.209,-0.025,23.68,-0.00,-0.0332,-0.0635,0.0345,20.00,0.500,0.581,1.395,0.048,23.60,0.01,0.1564,0.1243,0.0389,20.00,0.500,-0.635,-0.122,-0.010,23.48,0.03,-0.0218,-0.0279,-0.0135,20.00,0.500,-0.227,-0.151,-0.019,23.79,0.00,0.3360,0.3070,0.2726,20.00,0.500,-0.784,-0.896,-0.043,23.71,0.03,-0.1270,-0.1623,0.2067,20.00,0.500,1.039,1.279,0.059,23.55,0.03,0.0065,0.0011,0.0195,20.00,0.500,-0.250,-0.290,-0.013,23.71,0.00,0.0308,-0.0007,0.1723,20.00,0.500,0.749,0.820,0.048,23.59,0.02,0.0473,0.0332,0.2052,20.00,0.500,-0.142,-0.321,-0.022,23.42,-0.00,0.0106,0.0039,-0.0030,20.00,0.500,0.184,0.145,-0.001,23.63,-0.00,0.0350,0.0072,0.2397,20.00,0.500,-0.832,-0.702,-0.031,23.57,0.02,0.1707,0.1362,0.1708,20.00,0.500,0.785,0.878,0.066,23.40,0.02
0.4300,0.0245,0.0176,0.0015,20.00,0.500,-0.197,-0.209,-0.025,23.68,-0.00,-0.0298,-0.0603,0.3356,20.00,0.500,0.581,1.395,0.048,23.60,0.01,0.1619,0.1305,0.6846,20.00,0.500,-0.635,-0.122,-0.010,23.48,0.03,-0.0213,-0.0279,-0.0060,20.00,0.500,-0.227,-0.151,-0.019,23.79,0.00,0.3393,0.3075,0.0764,20.00,0.500,-0.784,-0.896,-0.043,23.71,0.03,-0.1215,-0.1594,0.3445,20.00,0.500,1.039,1.279,0.059,23.55,0.03,0.0069,0.0012,0.0210,20.00,0.500,-0.250,-0.290,-0.013,23.71,0.00,0.0341,0.0024,0.3266,20.00,0.500,0.749,0.820,0.048,23.59,0.02,0.0527,0.0371,0.4269,20.00,0.500,-0.142,-0.321,-0.022,23.42,-0.00,0.0111,0.0038,-0.0225,20.00,0.500,0.184,0.145,-0.001,23.63,-0.00,0.0384,0.0095,0.3640,20.00,0.500,-0.832,-0.702,-0.031,23.57,0.02,0.1762,0.1374,0.1902,20.00,0.500,0.785,0.878,0.066,23.40,0.02
0.4400,0.0249,0.0175,-0.0060,20.00,0.500,-0.197,-0.209,-0.025,23.68,-0.00,-0.0263,-0.0564,0.3805,20.00,0.500,0.581,1.395,0.048,23.60,0.01,0.1675,0.1392,0.7625,20.00,0.500,-0.635,-0.122,-0.010,23.48,0.03,-0.0209,-0.0279,-0.0045,20.00,0.500,-0.227,-0.151,-0.019,23.79,0.00,0.3428,0.3095,0.1858,20.00,0.500,-0.784,-0.896,-0.043,23.71,0.03,-0.1159,-0.1539,0.5063,20.00,0.500,1.039,1.279,0.059,23.55,0.03,0.0074,0.0008,-0.0599,20.00,0.500,-0.250,-0.290,-0.013,23.71,0.00,0.0376,0.0060,0.3550,20.00,0.500,0.749,0.820,0.048,23.59,0.02,0.0584,0.0433,0.5977,20.00,0.500,-0.142,-0.321,-0.022,23.42,-0.00,0.0115,0.0036,-0.0255,20.00,0.500,0.184,0.145,-0.001,23.63,-0.00,0.0418,0.0138,0.4659,20.00,0.500,-0.832,-0.702,-0.031,23.57,0.02,0.1818,0.1430,0.5767,20.00,0.500,0.785,0.878,0.066,23.40,0.02
0.4500,0.0254,0.0176,-0.0120,20.00,0.500,-0.197,-0.209,-0.025,23.68,-0.00,-0.0227,-0.0521,0.3895,20.00,0.500,0.581,1.395,0.048,23.60,0.01,0.1734,0.1422,0.3041,20.00,0.500,-0.635,-0.122,-0.010,23.48,0.03,-0.0205,-0.0279,-0.0030,20.00,0.500,-0.227,-0.151,-0.019,23.79,0.00,0.3464,0.3118,0.2921,20.00,0.500,-0.784,-0.896,-0.043,23.71,0.03,-0.1100,-0.1492,0.4494,20.00,0.500,1.039,1.279,0.059,23.55,0.03,0.0078,0.0007,-0.0000,20.00,0.500,-0.250,-0.290,-0.013,23.71,0.00,0.0412,0.0089,0.2981,20.00,0.500,0.749,0.820,0.048,23.59,0.02,0.0642,0.0478,0.4509,20.00,0.500,-0.142,-0.321,-0.022,23.42,-0.00,0.0119,0.0036,0.0000,20.00,0.500,0.184,0.145,-0.001,23.63,-0.00,0.0454,0.0170,0.3101,20.00,0.500,-0.832,-0.702,-0.031,23.57,0.02,0.1876,0.1520,0.5033,20.00,0.500,0.785,0.878,0.066,23.40,0.02
0.4600,0.0258,0.0179,0.0120,20.00,0.500,-0.229,0.246,0.006,23.67,0.00,-0.0190,-0.0508,0.0914,20.00,0.500,0.920,0.865,0.061,23.61,0.02,0.1794,0.1447,0.2846,20.00,0.500,-1.027,-0.722,-0.107,23.49,0.03,-0.0200,-0.0279,0.0030,20.00,0.500,-0.287,-0.223,-0.009,23.80,0.00,0.3501,0.3169,0.5138,20.00,0.500,-0.759,-0.857,-0.064,23.71,0.03,-0.1040,-0.1453,0.4000,20.00,0.500,1.073,0.843,0.085,23.55,0.04,0.0083,0.0006,-0.0165,20.00,0.500,-0.292,-0.357,-0.025,23.69,0.00,0.0449,0.0117,0.2756,20.00,0.500,0.873,0.823,0.061,23.59,0.03,0.0702,0.0516,0.3341,20.00,0.500,-0.457,-0.486,-0.037,23.42,0.01,0.0124,0.0036,0.0030,20.00,0.500,0.242,-0.087,0.001,23.62,0.00,0.0491,0.0182,0.2442,20.00,0.500,-0.814,-0.507,-0.062,23.58,0.02,0.1937,0.1556,0.2906,20.00,0.500,1.077,1.014,0.093,23.39,0.03
0.4700,0.0263,0.0179,0.0120,20.00,0.500,-0.229,0.246,0.006,23.67,0.00,-0.0152,-0.0487,0.2157,20.00,0.500,0.920,0.865,0.061,23.61,0.02,0.1856,0.1457,0.1019,20.00,0.500,-1.027,-0.722,-0.107,23.49,0.03,-0.0195,-0.0279,-0.0060,20.00,0.500,-0.287,-0.223,-0.009,23.80,0.00,0.3539,0.3192,0.2232,20.00,0.500,-0.759,-0.857,-0.064,23.71,0.03,-0.0978,-0.1433,0.1813,20.00,0.500,1.073,0.843,0.085,23.55,0.04,0.0087,0.0006,-0.0045,20.00,0.500,-0.292,-0.357,-0.025,23.69,0.00,0.0487,0.0143,0.3071,20.00,0.500,0.873,0.823,0.061,23.59,0.03,0.0765,0.0538,0.1318,20.00,0.500,-0.457,-0.486,-0.037,23.42,0.01,0.0129,0.0035,-0.0075,20.00,0.500,0.242,-0.087,0.001,23.62,0.00,0.0530,0.0209,0.2966,20.00,0.500,-0.814,-0.507,-0.062,23.58,0.02,0.1999,0.1556,0.2906,20.00,0.500,1.077,1.014,0.093,23.39,0.03
0.4800,0.0268,0.0179,-0.0045,20.00,0.500,-0.229,0.246,0.006,23.67,0.00,-0.0113,-0.0455,0.4689,20.00,0.500,0.920,0.865,0.061,23.61,0.02,0.1920,0.1494,0.3730,20.00,0.500,-1.027,-0.722,-0.107,23.49,0.03,-0.0190,-0.0279,0.0090,20.00,0.500,-0.287,-0.223,-0.009,23.80,0.00,0.3579,0.3238,0.5633,20.00,0.500,-0.759,-0.857,-0.064,23.71,0.03,-0.0914,-0.1394,0.4599,20.00,0.500,1.073,0.843,0.085,23.55,0.04,0.0092,0.0006,0.0090,20.00,0.500,-0.292,-0.357,-0.025,23.69,0.00,0.0526,0.0191,0.5093,20.00,0.500,0.873,0.823,0.061,23.59,0.03,0.0828,0.0591,0.6412,20.00,0.500,-0.457,-0.486,-0.037,23.42,0.01,0.0134,0.0035,-0.0045,20.00,0.500,0.242,-0.087,0.001,23.62,0.00,0.0569,0.0271,0.5093,20.00,0.500,-0.814,-0.507,-0.062,23.58,0.02,0.2063,0.1583,0.2981,20.00,0.500,1.077,1.014,0.093,23.39,0.03
0.4900,0.0273,0.0182,0.0270,20.00,0.500,-0.229,0.246,0.006,23.67,0.00,-0.0072,-0.0393,0.6127,20.00,0.500,0.920,0.865,0.061,23.61,0.02,0.1986,0.1547,0.4704,20.00,0.500,-1.027,-0.722,-0.107,23.49,0.03,-0.0185,-0.0279,-0.0090,20.00,0.500,-0.287,-0.223,-0.009,23.80,0.00,0.3619,0.3321,0.7475,20.00,0.500,-0.759,-0.857,-0.064,23.71,0.03,-0.0848,-0.1332,0.5962,20.00,0.500,1.073,0.843,0.085,23.55,0.04,0.0097,0.0005,-0.0090,20.00,0.500,-0.292,-0.357,-0.025,23.69,0.00,0.0567,0.0232,0.3790,20.00,0.500,0.873,0.823,0.061,23.59,0.03,0.0894,0.0651,0.5438,20.00,0.500,-0.457,-0.486,-0.037,23.42,0.01,0.0139,0.0035,0.0075,20.00,0.500,0.242,-0.087,0.001,23.62,0.00,0.0609,0.0296,0.2322,20.00,0.500,-0.814,-0.507,-0.062,23.58,0.02,0.2128,0.1628,0.4659,20.00,0.500,1.077,1.014,0.093,23.39,0.03
0.5000,0.0278,0.0195,0.1723,20.00,0.500,-0.229,0.246,0.006,23.67,0.00,-0.0031,-0.0362,0.3116,20.00,0.500,0.920,0.865,0.061,23.61,0.02,0.2054,0.1582,0.3341,20.00,0.500,-1.027,-0.722,-0.107,23.49,0.03,-0.0180,-0.0279,-0.0030,20.00,0.500,-0.287,-0.223,-0.009,23.80,0.00,0.3661,0.3352,0.3640,20.00,0.500,-0.759,-0.857,-0.064,23.71,0.03,-0.0781,-0.1297,0.3041,20.00,0.500,1.073,0.843,0.085,23.55,0.04,0.0103,0.0005,-0.0015,20.00,0.500,-0.292,-0.357,-0.025,23.69,0.00,0.0609,0.0274,0.4314,20.00,0.500,0.873,0.823,0.061,23.59,0.03,0.0962,0.0694,0.4314,20.00,0.500,-0.457,-0.486,-0.037,23.42,0.01,0.0144,0.0034,-0.0255,20.00,0.500,0.242,-0.087,0.001,23.62,0.00,0.0651,0.0364,0.6696,20.00,0.500,-0.814,-0.507,-0.062,23.58,0.02,0.2196,0.1708,0.3610,20.00,0.500,1.077,1.014,0.093,23.39,0.03
0.5100,0.0284,0.0221,0.0075,20.00,0.500,-0.083,-0.079,-0.013,23.66,-0.00,0.0012,-0.0313,0.5273,20.00,0.500,0.824,1.478,0.060,23.59,0.05,0.2123,0.1625,0.4359,20.00,0.500,-1.494,-1.446,-0.111,23.48,0.06,-0.0175,-0.0278,0.0060,20.00,0.500,-0.384,-0.418,-0.067,23.78,0.00,0.3704,0.3412,0.6067,20.00,0.500,-0.575,-0.681,-0.054,23.68,0.02,-0.0711,-0.1261,0.3955,20.00,0.500,1.539,1.326,0.137,23.53,0.08,0.0108,0.0005,0.0045,20.00,0.500,-0.395,-0.375,-0.020,23.69,0.01,0.0651,0.0312,0.3296,20.00,0.500,0.841,0.815,0.067,23.58,0.03,0.1031,0.0733,0.3550,20.00,0.500,-0.809,-0.846,-0.059,23.41,0.02,0.0149,0.0031,-0.0210,20.00,0.500,0.382,0.320,0.040,23.61,0.00,0.0694,0.0399,0.3775,20.00,0.500,-0.789,-0.810,-0.053,23.55,0.02,0.2266,0.1742,0.3116,20.00,0.500,1.498,1.663,0.115,23.39,0.06
0.5200,0.0289,0.0221,0.0075,20.00,0.500,-0.083,-0.079,-0.013,23.66,-0.00,0.0056,-0.0298,0.1873,20.00,0.500,0.824,1.478,0.060,23.59,0.05,0.2194,0.1638,0.0929,20.00,0.500,-1.494,-1.446,-0.111,23.48,0.06,-0.0169,-0.0278,0.0120,20.00,0.500,-0.384,-0.418,-0.067,23.78,0.00,0.3747,0.3421,0.0255,20.00,0.500,-0.575,-0.681,-0.054,23.68,0.02,-0.0640,-0.1223,0.3326,20.00,0.500,1.539,1.326,0.137,23.53,0.08,0.0113,0.0005,-0.0045,20.00,0.500,-0.395,-0.375,-0.020,23.69,0.01,0.0695,0.0352,0.4060,20.00,0.500,0.841,0.815,0.067,23.58,0.03,0.1103,0.0765,0.3161,20.00,0.500,-0.809,-0.846,-0.059,23.41,0.02,0.0155,0.0032,0.0030,20.00,0.500,0.382,0.320,0.040,23.61,0.00,0.0738,0.0444,0.4569,20.00,0.500,-0.789,-0.810,-0.053,23.55,0.02,0.2337,0.1742,0.3116,20.00,0.500,1.498,1.663,0.115,23.39,0.06
0.5300,0.0295,0.0227,0.0869,20.00,0.500,-0.083,-0.079,-0.013,23.66,-0.00,0.0101,-0.0242,0.5902,20.00,0.500,0.824,1.478,0.060,23.59,0.05,0.2267,0.1672,0.3820,20.00,0.500,-1.494,-1.446,-0.111,23.48,0.06,-0.0164,-0.0275,0.0150,20.00,0.500,-0.384,-0.418,-0.067,23.78,0.00,0.3792,0.3454,0.4629,20.00,0.500,-0.575,-0.681,-0.054,23.68,0.02,-0.0567,-0.1179,0.5123,20.00,0.500,1.539,1.326,0.137,23.53,0.08,0.0119,0.0005,0.0075,20.00,0.500,-0.395,-0.375,-0.020,23.69,0.01,0.0740,0.0408,0.5243,20.00,0.500,0.841,0.815,0.067,23.58,0.03,0.1176,0.0825,0.6112,20.00,0.500,-0.809,-0.846,-0.059,23.41,0.02,0.0161,0.0031,-0.0030,20.00,0.500,0.382,0.320,0.040,23.61,0.00,0.0783,0.0489,0.4689,20.00,0.500,-0.789,-0.810,-0.053,23.55,0.02,0.2410,0.1822,0.6457,20.00,0.500,1.498,1.663,0.115,23.39,0.06
0.5400,0.0300,0.0240,0.1228,20.00,0.500,-0.083,-0.079,-0.013,23.66,-0.00,0.0147,-0.0187,0.4689,20.00,0.500,0.824,1.478,0.060,23.59,0.05,0.2342,0.1719,0.4254,20.00,0.500,-1.494,-1.446,-0.111,23.48,0.06,-0.0158,-0.0274,0.0090,20.00,0.500,-0.384,-0.418,-0.067,23.78,0.00,0.3838,0.3528,0.6906,20.00,0.500,-0.575,-0.681,-0.054,23.68,0.02,-0.0492,-0.1097,0.7640,20.00,0.500,1.539,1.326,0.137,23.53,0.08,0.0125,0.0004,-0.0180,20.00,0.500,-0.395,-0.375,-0.020,23.69,0.01,0.0786,0.0456,0.4629,20.00,0.500,0.841,0.815,0.067,23.58,0.03,0.1251,0.0898,0.7176,20.00,0.500,-0.809,-0.846,-0.059,23.41,0.02,0.0166,0.0031,-0.0015,20.00,0.500,0.382,0.320,0.040,23.61,0.00,0.0829,0.0527,0.3835,20.00,0.500,-0.789,-0.810,-0.053,23.55,0.02,0.2485,0.1822,0.6457,20.00,0.500,1.498,1.663,0.115,23.39,0.06
0.5500,0.0306,0.0242,0.0195,20.00,0.500,-0.083,-0.079,-0.013,23.66,-0.00,0.0194,-0.0150,0.3955,20.00,0.500,0.824,1.478,0.060,23.59,0.05,0.2419,0.1737,0.2067,20.00,0.500,-1.494,-1.446,-0.111,23.48,0.06,-0.0152,-0.0273,0.0165,20.00,0.500,-0.384,-0.418,-0.067,23.78,0.00,0.3886,0.3576,0.5273,20.00,0.500,-0.575,-0.681,-0.054,23.68,0.02,-0.0415,-0.1044,0.4674,20.00,0.500,1.539,1.326,0.137,23.53,0.08,0.0131,0.0004,0.0015,20.00,0.500,-0.395,-0.375,-0.020,23.69,0.01,0.0833,0.0510,0.6007,20.00,0.500,0.841,0.815,0.067,23.58,0.03,0.1327,0.0951,0.5378,20.00,0.500,-0.809,-0.846,-0.059,23.41,0.02,0.0172,0.0030,-0.0165,20.00,0.500,0.382,0.320,0.040,23.61,0.00,0.0876,0.0604,0.7805,20.00,0.500,-0.789,-0.810,-0.053,23.55,0.02,0.2561,0.1923,0.4509,20.00,0.500,1.498,1.663,0.115,23.39,0.06
0.5600,0.0312,0.0240,-0.0105,20.00,0.500,-0.199,-0.385,-0.008,23.64,-0.00,0.0242,-0.0085,0.6636,20.00,0.500,0.693,0.487,-0.007,23.57,-0.00,0.2497,0.1785,0.4854,20.00,0.500,-2.120,-2.415,-0.156,23.47,0.12,-0.0146,-0.0274,-0.0150,20.00,0.500,-0.482,-0.737,-0.048,23.76,0.01,0.3934,0.3655,0.7595,20.00,0.500,-0.425,-0.674,-0.043,23.68,0.02,-0.0337,-0.1012,0.3356,20.00,0.500,2.029,2.050,0.152,23.54,0.10,0.0137,0.0004,-0.0030,20.00,0.500,-0.491,-0.462,-0.039,23.67,0.01,0.0882,0.0567,0.5168,20.00,0.500,0.639,0.727,0.037,23.56,0.02,0.1406,0.0991,0.3430,20.00,0.500,-1.231,-1.224,-0.104,23.40,0.04,0.0178,0.0024,-0.0614,20.00,0.500,0.535,0.390,0.032,23.59,0.01,0.0924,0.0661,0.6067,20.00,0.500,-0.384,-0.522,-0.071,23.54,0.01,0.2640,0.1960,0.3356,20.00,0.500,2.033,2.000,0.152,23.37,0.10
0.5700,0.0319,0.0240,-0.0105,20.00,0.500,-0.199,-0.385,-0.008,23.64,-0.00,0.0292,-0.0048,0.3326,20.00,0.500,0.693,0.487,-0.007,23.57,-0.00,0.2577,0.1800,0.1378,20.00,0.500,-2.120,-2.415,-0.156,23.47,0.12,-0.0140,-0.0272,0.0285,20.00,0.500,-0.482,-0.737,-0.048,23.76,0.01,0.3983,0.3690,0.3595,20.00,0.500,-0.425,-0.674,-0.043,23.68,0.02,-0.0257,-0.0992,0.1902,20.00,0.500,2.029,2.050,0.152,23.54,0.10,0.0143,0.0004,-0.0000,20.00,0.500,-0.491,-0.462,-0.039,23.67,0.01,0.0931,0.0611,0.4869,20.00,0.500,0.639,0.727,0.037,23.56,0.02,0.1486,0.0993,0.0404,20.00,0.500,-1.231,-1.224,-0.104,23.40,0.04,0.0184,0.0024,-0.0075,20.00,0.500,0.535,0.390,0.032,23.59,0.01,0.0973,0.0713,0.4284,20.00,0.500,-0.384,-0.522,-0.071,23.54,0.01,0.2720,0.1973,0.1348,20.00,0.500,2.033,2.000,0.152,23.37,0.10
0.5800,0.0325,0.0243,0.0225,20.00,0.500,-0.199,-0.385,-0.008,23.64,-0.00,0.0342,0.0014,0.7460,20.00,0.500,0.693,0.487,-0.007,23.57,-0.00,0.2659,0.1833,0.4179,20.00,0.500,-2.120,-2.415,-0.156,23.47,0.12,-0.0133,-0.0274,-0.0015,20.00,0.500,-0.482,-0.737,-0.048,23.76,0.01,0.4033,0.3763,0.7325,20.00,0.500,-0.425,-0.674,-0.043,23.68,0.02,-0.0175,-0.0976,0.2202,20.00,0.500,2.029,2.050,0.152,23.54,0.10,0.0149,0.0005,0.0075,20.00,0.500,-0.491,-0.462,-0.039,23.67,0.01,0.0981,0.0677,0.6741,20.00,0.500,0.639,0.727,0.037,23.56,0.02,0.1568,0.1039,0.5318,20.00,0.500,-1.231,-1.224,-0.104,23.40,0.04,0.0191,0.0026,0.0165,20.00,0.500,0.535,0.390,0.032,23.59,0.01,0.1024,0.0767,0.6157,20.00,0.500,-0.384,-0.522,-0.071,23.54,0.01,0.2802,0.1973,0.1348,20.00,0.500,2.033,2.000,0.152,23.37,0.10
0.5900,0.0331,0.0239,-0.0404,20.00,0.500,-0.199,-0.385,-0.008,23.64,-0.00,0.0393,0.0073,0.5033,20.00,0.500,0.693,0.487,-0.007,23.57,-0.00,0.2743,0.1925,0.8119,20.00,0.500,-2.120,-2.415,-0.156,23.47,0.12,-0.0127,-0.0273,0.0120,20.00,0.500,-0.482,-0.737,-0.048,23.76,0.01,0.4085,0.3820,0.6457,20.00,0.500,-0.425,-0.674,-0.043,23.68,0.02,-0.0092,-0.0913,0.6202,20.00,0.500,2.029,2.050,0.152,23.54,0.10,0.0156,0.0004,-0.0090,20.00,0.500,-0.491,-0.462,-0.039,23.67,0.01,0.1033,0.0743,0.6052,20.00,0.500,0.639,0.727,0.037,23.56,0.02,0.1651,0.1118,0.7280,20.00,0.500,-1.231,-1.224,-0.104,23.40,0.04,0.0197,0.0024,-0.0330,20.00,0.500,0.535,0.390,0.032,23.59,0.01,0.1075,0.0839,0.6666,20.00,0.500,-0.384,-0.522,-0.071,23.54,0.01,0.2885,0.2015,0.4988,20.00,0.500,2.033,2.000,0.152,23.37,0.10
0.6000,0.0338,0.0241,0.0210,20.00,0.500,-0.199,-0.385,-0.008,23.64,-0.00,0.0446,0.0122,0.5303,20.00,0.500,0.693,0.487,-0.007,23.57,-0.00,0.2828,0.1969,0.3685,20.00,0.500,-2.120,-2.415,-0.156,23.47,0.12,-0.0120,-0.0273,-0.0000,20.00,0.500,-0.482,-0.737,-0.048,23.76,0.01,0.4137,0.3888,0.6801,20.00,0.500,-0.425,-0.674,-0.043,23.68,0.02,-0.0006,-0.0845,0.5722,20.00,0.500,2.029,2.050,0.152,23.54,0.10,0.0162,0.0005,0.0165,20.00,0.500,-0.491,-0.462,-0.039,23.67,0.01,0.1085,0.0798,0.5648,20.00,0.500,0.639,0.727,0.037,23.56,0.02,0.1736,0.1163,0.4090,20.00,0.500,-1.231,-1.224,-0.104,23.40,0.04,0.0204,0.0022,-0.0120,20.00,0.500,0.535,0.390,0.032,23.59,0.01,0.1128,0.0922,0.8853,20.00,0.500,-0.384,-0.522,-0.071,23.54,0.01,0.2970,0.2077,0.5902,20.00,0.500,2.033,2.000,0.152,23.37,0.10
0.6100,0.0344,0.0239,0.0030,20.00,0.500,-0.309,-0.385,-0.024,23.63,0.00,0.0499,0.0176,0.5198,20.00,0.500,0.722,0.463,0.089,23.55,0.04,0.2915,0.1969,0.0180,20.00,0.500,-3.223,-3.529,-0.250,23.44,0.18,-0.0114,-0.0275,-0.0345,20.00,0.500,-0.589,-1.060,-0.025,23.73,0.01,0.4191,0.3966,0.8104,20.00,0.500,-0.260,-0.249,-0.015,23.65,0.01,0.0080,-0.0791,0.4749,20.00,0.500,2.523,2.354,0.179,23.51,0.16,0.0169,0.0004,-0.0045,20.00,0.500,-0.582,-0.609,-0.041,23.64,0.01,0.1139,0.0868,0.6442,20.00,0.500,0.375,0.299,0.023,23.53,0.01,0.1823,0.1201,0.3535,20.00,0.500,-1.956,-1.949,-0.146,23.38,0.10,0.0210,0.0019,-0.0360,20.00,0.500,0.618,0.522,0.058,23.57,0.01,0.1181,0.1002,0.8089,20.00,0.500,-0.032,-0.170,-0.017,23.51,0.00,0.3057,0.2160,0.3371,20.00,0.500,2.749,2.772,0.209,23.34,0.20
0.6200,0.0351,0.0239,0.0030,20.00,0.500,-0.309,-0.385,-0.024,23.63,0.00,0.0554,0.0232,0.5782,20.00,0.500,0.722,0.463,0.089,23.55,0.04,0.3003,0.1972,0.0449,20.00,0.500,-3.223,-3.529,-0.250,23.44,0.18,-0.0107,-0.0276,0.0165,20.00,0.500,-0.589,-1.060,-0.025,23.73,0.01,0.4245,0.4007,0.3371,20.00,0.500,-0.260,-0.249,-0.015,23.65,0.01,0.0169,-0.0773,0.1813,20.00,0.500,2.523,2.354,0.179,23.51,0.16,0.0176,0.0004,0.0075,20.00,0.500,-0.582,-0.609,-0.041,23.64,0.01,0.1193,0.0907,0.4254,20.00,0.500,0.375,0.299,0.023,23.53,0.01,0.1912,0.1212,0.1153,20.00,0.500,-1.956,-1.949,-0.146,23.38,0.10,0.0217,0.0019,-0.0360,20.00,0.500,0.618,0.522,0.058,23.57,0.01,0.1235,0.1060,0.5573,20.00,0.500,-0.032,-0.170,-0.017,23.51,0.00,0.3146,0.2160,0.3371,20.00,0.500,2.749,2.772,0.209,23.34,0.20
0.6300,0.0358,0.0238,-0.0060,20.00,0.500,-0.309,-0.385,-0.024,23.63,0.00,0.0609,0.0308,0.7535,20.00,0.500,0.722,0.463,0.089,23.55,0.04,0.3093,0.2018,0.4929,20.00,0.500,-3.223,-3.529,-0.250,23.44,0.18,-0.0100,-0.0275,-0.0135,20.00,0.500,-0.589,-1.060,-0.025,23.73,0.01,0.4301,0.4078,0.8254,20.00,0.500,-0.260,-0.249,-0.015,23.65,0.01,0.0259,-0.0731,0.5303,20.00,0.500,2.523,2.354,0.179,23.51,0.16,0.0183,0.0008,0.0255,20.00,0.500,-0.582,-0.609,-0.041,23.64,0.01,0.1248,0.0987,0.8419,20.00,0.500,0.375,0.299,0.023,23.53,0.01,0.2002,0.1283,0.7340,20.00,0.500,-1.956,-1.949,-0.146,23.38,0.10,0.0224,0.0018,0.0045,20.00,0.500,0.618,0.522,0.058,23.57,0.01,0.1291,0.1123,0.6606,20.00,0.500,-0.032,-0.170,-0.017,23.51,0.00,0.3236,0.2182,0.2037,20.00,0.500,2.749,2.772,0.209,23.34,0.20
0.6400,0.0365,0.0237,-0.0240,20.00,0.500,-0.309,-0.385,-0.024,23.63,0.00,0.0665,0.0363,0.5198,20.00,0.500,0.722,0.463,0.089,23.55,0.04,0.3185,0.2072,0.4674,20.00,0.500,-3.223,-3.529,-0.250,23.44,0.18,-0.0093,-0.0275,0.0075,20.00,0.500,-0.589,-1.060,-0.025,23.73,0.01,0.4357,0.4139,0.5408,20.00,0.500,-0.260,-0.249,-0.015,23.65,0.01,0.0350,-0.0667,0.5438,20.00,0.500,2.523,2.354,0.179,23.51,0.16,0.0190,0.0004,-0.0240,20.00,0.500,-0.582,-0.609,-0.041,23.64,0.01,0.1305,0.1063,0.6876,20.00,0.500,0.375,0.299,0.023,23.53,0.01,0.2093,0.1348,0.6157,20.00,0.500,-1.956,-1.949,-0.146,23.38,0.10,0.0231,0.0012,-0.0270,20.00,0.500,0.618,0.522,0.058,23.57,0.01,0.1347,0.1188,0.6382,20.00,0.500,-0.032,-0.170,-0.017,23.51,0.00,0.3327,0.2247,0.7011,20.00,0.500,2.749,2.772,0.209,23.34,0.20
0.6500,0.0372,0.0233,-0.0584,20.00,0.500,-0.309,-0.385,-0.024,23.63,0.00,0.0723,0.0411,0.5108,20.00,0.500,0.722,0.463,0.089,23.55,0.04,0.3278,0.2122,0.4973,20.00,0.500,-3.223,-3.529,-0.250,23.44,0.18,-0.0086,-0.0273,0.0255,20.00,0.500,-0.589,-1.060,-0.025,23.73,0.01,0.4414,0.4199,0.5752,20.00,0.500,-0.260,-0.249,-0.015,23.65,0.01,0.0443,-0.0637,0.2352,20.00,0.500,2.523,2.354,0.179,23.51,0.16,0.0197,0.0005,0.0075,20.00,0.500,-0.582,-0.609,-0.041,23.64,0.01,0.1362,0.1133,0.7280,20.00,0.500,0.375,0.299,0.023,23.53,0.01,0.2186,0.1393,0.4554,20.00,0.500,-1.956,-1.949,-0.146,23.38,0.10,0.0238,0.0012,0.0030,20.00,0.500,0.618,0.522,0.058,23.57,0.01,0.1404,0.1275,0.8209,20.00,0.500,-0.032,-0.170,-0.017,23.51,0.00,0.3420,0.2341,0.3670,20.00,0.500,2.749,2.772,0.209,23.34,0.20
0.6600,0.0380,0.0230,-0.0120,20.00,0.500,-0.508,-0.536,-0.012,23.58,0.01,0.0781,0.0477,0.5513,20.00,0.500,0.499,1.125,0.062,23.49,-0.04,0.3372,0.2178,0.5153,20.00,0.500,-3.657,-4.784,-0.221,23.41,0.32,-0.0079,-0.0273,-0.0135,20.00,0.500,-0.690,-0.684,-0.051,23.68,0.01,0.4472,0.4274,0.7820,20.00,0.500,-0.139,-0.181,-0.013,23.62,0.01,0.0538,-0.0592,0.4659,20.00,0.500,3.357,3.568,0.227,23.46,0.30,0.0204,0.0005,-0.0105,20.00,0.500,-0.697,-0.721,-0.057,23.60,0.01,0.1420,0.1216,0.7670,20.00,0.500,0.089,0.099,0.019,23.48,0.00,0.2281,0.1449,0.4075,20.00,0.500,-2.524,-2.918,-0.183,23.33,0.15,0.0245,0.0010,-0.0090,20.00,0.500,0.747,0.602,0.057,23.51,0.01,0.1463,0.1355,0.7865,20.00,0.500,0.163,0.529,0.010,23.47,0.00,0.3515,0.2382,0.3775,20.00,0.500,3.479,2.812,0.266,23.31,0.24
0.6700,0.0387,0.0230,-0.0120,20.00,0.500,-0.508,-0.536,-0.012,23.58,0.01,0.0840,0.0525,0.5183,20.00,0.500,0.499,1.125,0.062,23.49,-0.04,0.3468,0.2195,0.1333,20.00,0.500,-3.657,-4.784,-0.221,23.41,0.32,-0.0071,-0.0273,0.0090,20.00,0.500,-0.690,-0.684,-0.051,23.68,0.01,0.4531,0.4333,0.4839,20.00,0.500,-0.139,-0.181,-0.013,23.62,0.01,0.0634,-0.0553,0.3116,20.00,0.500,3.357,3.568,0.227,23.46,0.30,0.0211,0.0003,-0.0075,20.00,0.500,-0.697,-0.721,-0.057,23.60,0.01,0.1479,0.1259,0.4374,20.00,0.500,0.089,0.099,0.019,23.48,0.00,0.2377,0.1465,0.1258,20.00,0.500,-2.524,-2.918,-0.183,23.33,0.15,0.0253,0.0006,-0.0360,20.00,0.500,0.747,0.602,0.057,23.51,0.01,0.1522,0.1417,0.6337,20.00,0.500,0.163,0.529,0.010,23.47,0.00,0.3611,0.2382,0.3775,20.00,0.500,3.479,2.812,0.266,23.31,0.24
0.6800,0.0395,0.0230,-0.0240,20.00,0.500,-0.508,-0.536,-0.012,23.58,0.01,0.0900,0.0608,0.8089,20.00,0.500,0.499,1.125,0.062,23.49,-0.04,0.3566,0.2240,0.5063,20.00,0.500,-3.657,-4.784,-0.221,23.41,0.32,-0.0064,-0.0271,0.0075,20.00,0.500,-0.690,-0.684,-0.051,23.68,0.01,0.4591,0.4403,0.8434,20.00,0.500,-0.139,-0.181,-0.013,23.62,0.01,0.0732,-0.0509,0.5797,20.00,0.500,3.357,3.568,0.227,23.46,0.30,0.0219,0.0005,0.0090,20.00,0.500,-0.697,-0.721,-0.057,23.60,0.01,0.1539,0.1336,0.8434,20.00,0.500,0.089,0.099,0.019,23.48,0.00,0.2474,0.1512,0.6232,20.00,0.500,-2.524,-2.918,-0.183,23.33,0.15,0.0260,0.0006,-0.0090,20.00,0.500,0.747,0.602,0.057,23.51,0.01,0.1582,0.1488,0.7325,20.00,0.500,0.163,0.529,0.010,23.47,0.00,0.3708,0.2410,0.2652,20.00,0.500,3.479,2.812,0.266,23.31,0.24
0.6900,0.0402,0.0224,-0.0569,20.00,0.500,-0.508,-0.536,-0.012,23.58,0.01,0.0961,0.0671,0.5917,20.00,0.500,0.499,1.125,0.062,23.49,-0.04,0.3665,0.2283,0.3520,20.00,0.500,-3.657,-4.784,-0.221,23.41,0.32,-0.0056,-0.0275,-0.0375,20.00,0.500,-0.690,-0.684,-0.051,23.68,0.01,0.4652,0.4491,0.7430,20.00,0.500,-0.139,-0.181,-0.013,23.62,0.01,0.0831,-0.0432,0.6591,20.00,0.500,3.357,3.568,0.227,23.46,0.30,0.0227,0.0002,-0.0315,20.00,0.500,-0.697,-0.721,-0.057,23.60,0.01,0.1600,0.1413,0.6711,20.00,0.500,0.089,0.099,0.019,23.48,0.00,0.2573,0.1589,0.6307,20.00,0.500,-2.524,-2.918,-0.183,23.33,0.15,0.0268,0.0006,-0.0075,20.00,0.500,0.747,0.602,0.057,23.51,0.01,0.1643,0.1575,0.9692,20.00,0.500,0.163,0.529,0.010,23.47,0.00,0.3807,0.2468,0.6442,20.00,0.500,3.479,2.812,0.266,23.31,0.24
0.7000,0.0410,0.0222,-0.0255,20.00,0.500,-0.508,-0.536,-0.012,23.58,0.01,0.1023,0.0728,0.5977,20.00,0.500,0.499,1.125,0.062,23.49,-0.04,0.3765,0.2301,0.2397,20.00,0.500,-3.657,-4.784,-0.221,23.41,0.32,-0.0048,-0.0270,0.0404,20.00,0.500,-0.690,-0.684,-0.051,23.68,0.01,0.4714,0.4544,0.5543,20.00,0.500,-0.139,-0.181,-0.013,23.62,0.01,0.0931,-0.0383,0.4719,20.00,0.500,3.357,3.568,0.227,23.46,0.30,0.0234,-0.0002,-0.0135,20.00,0.500,-0.697,-0.721,-0.057,23.60,0.01,0.1662,0.1475,0.6397,20.00,0.500,0.089,0.099,0.019,23.48,0.00,0.2673,0.1628,0.3955,20.00,0.500,-2.524,-2.918,-0.183,23.33,0.15,0.0276,-0.0001,-0.0629,20.00,0.500,0.747,0.602,0.057,23.51,0.01,0.1704,0.1659,0.8778,20.00,0.500,0.163,0.529,0.010,23.47,0.00,0.3908,0.2575,0.3535,20.00,0.500,3.479,2.812,0.266,23.31,0.24
0.7100,0.0418,0.0218,-0.0419,20.00,0.500,-0.603,-0.692,-0.035,23.52,0.01,0.1085,0.0807,0.7475,20.00,0.500,0.450,1.038,0.022,23.44,0.01,0.3867,0.2352,0.5243,20.00,0.500,-4.776,-4.507,-0.418,23.37,0.52,-0.0041,-0.0270,-0.0150,20.00,0.500,-0.773,-1.194,-0.080,23.63,0.02,0.4777,0.4621,0.8269,20.00,0.500,-0.009,-0.052,0.002,23.55,0.00,0.1032,-0.0333,0.5423,20.00,0.500,4.138,4.320,0.350,23.42,0.40,0.0242,-0.0007,-0.0854,20.00,0.500,-0.862,-0.883,-0.067,23.53,0.02,0.1724,0.1551,0.6891,20.00,0.500,0.082,0.148,0.005,23.41,0.00,0.2775,0.1656,0.2921,20.00,0.500,-3.631,-4.110,-0.273,23.26,0.27,0.0284,-0.0003,-0.0060,20.00,0.500,0.906,0.934,0.072,23.44,0.02,0.1767,0.1737,0.7925,20.00,0.500,0.469,0.345,0.043,23.39,-0.00,0.4009,0.2623,0.4374,20.00,0.500,4.265,4.342,0.319,23.24,0.37
0.7200,0.0426,0.0218,-0.0419,20.00,0.500,-0.603,-0.692,-0.035,23.52,0.01,0.1148,0.0864,0.6037,20.00,0.500,0.450,1.038,0.022,23.44,0.01,0.3970,0.2399,0.4734,20.00,0.500,-4.776,-4.507,-0.418,23.37,0.52,-0.0033,-0.0270,0.0180,20.00,0.500,-0.773,-1.194,-0.080,23.63,0.02,0.4840,0.4676,0.4075,20.00,0.500,-0.009,-0.052,0.002,23.55,0.00,0.1135,-0.0304,0.1902,20.00,0.500,4.138,4.320,0.350,23.42,0.40,0.0250,-0.0006,0.0554,20.00,0.500,-0.862,-0.883,-0.067,23.53,0.02,0.1788,0.1596,0.4614,20.00,0.500,0.082,0.148,0.005,23.41,0.00,0.2878,0.1666,0.1258,20.00,0.500,-3.631,-4.110,-0.273,23.26,0.27,0.0291,-0.0002,0.0075,20.00,0.500,0.906,0.934,0.072,23.44,0.02,0.1830,0.1810,0.7161,20.00,0.500,0.469,0.345,0.043,23.39,-0.00,0.4112,0.2623,0.4374,20.00,0.500,4.265,4.342,0.319,23.24,0.37
0.7300,0.0434,0.0216,-0.0090,20.00,0.500,-0.603,-0.692,-0.035,23.52,0.01,0.1213,0.0947,0.8134,20.00,0.500,0.450,1.038,0.022,23.44,0.01,0.4074,0.2491,0.9887,20.00,0.500,-4.776,-4.507,-0.418,23.37,0.52,-0.0025,-0.0269,0.0090,20.00,0.500,-0.773,-1.194,-0.080,23.63,0.02,0.4904,0.4754,0.9138,20.00,0.500,-0.009,-0.052,0.002,23.55,0.00,0.1239,-0.0254,0.6561,20.00,0.500,4.138,4.320,0.350,23.42,0.40,0.0258,-0.0005,-0.0120,20.00,0.500,-0.862,-0.883,-0.067,23.53,0.02,0.1852,0.1678,0.8838,20.00,0.500,0.082,0.148,0.005,23.41,0.00,0.2982,0.1745,0.9198,20.00,0.500,-3.631,-4.110,-0.273,23.26,0.27,0.0299,0.0000,0.0045,20.00,0.500,0.906,0.934,0.072,23.44,0.02,0.1894,0.1888,0.8823,20.00,0.500,0.469,0.345,0.043,23.39,-0.00,0.4216,0.2651,0.3730,20.00,0.500,4.265,4.342,0.319,23.24,0.37
0.7400,0.0442,0.0217,0.0240,20.00,0.500,-0.603,-0.692,-0.035,23.52,0.01,0.1277,0.1021,0.6741,20.00,0.500,0.450,1.038,0.022,23.44,0.01,0.4179,0.2549,0.4404,20.00,0.500,-4.776,-4.507,-0.418,23.37,0.52,-0.0017,-0.0269,-0.0105,20.00,0.500,-0.773,-1.194,-0.080,23.63,0.02,0.4969,0.4841,0.8194,20.00,0.500,-0.009,-0.052,0.002,23.55,0.00,0.1345,-0.0153,0.8659,20.00,0.500,4.138,4.320,0.350,23.42,0.40,0.0266,-0.0005,0.0180,20.00,0.500,-0.862,-0.883,-0.067,23.53,0.02,0.1917,0.1778,0.9228,20.00,0.500,0.082,0.148,0.005,23.41,0.00,0.3087,0.1826,0.7250,20.00,0.500,-3.631,-4.110,-0.273,23.26,0.27,0.0308,-0.0006,-0.0464,20.00,0.500,0.906,0.934,0.072,23.44,0.02,0.1959,0.1976,0.8659,20.00,0.500,0.469,0.345,0.043,23.39,-0.00,0.4322,0.2722,0.8089,20.00,0.500,4.265,4.342,0.319,23.24,0.37
0.7500,0.0450,0.0226,0.0734,20.00,0.500,-0.603,-0.692,-0.035,23.52,0.01,0.1343,0.1094,0.7895,20.00,0.500,0.450,1.038,0.022,23.44,0.01,0.4286,0.2557,0.1228,20.00,0.500,-4.776,-4.507,-0.418,23.37,0.52,-0.0008,-0.0268,-0.0120,20.00,0.500,-0.773,-1.194,-0.080,23.63,0.02,0.5034,0.4918,0.8329,20.00,0.500,-0.009,-0.052,0.002,23.55,0.00,0.1451,-0.0089,0.5842,20.00,0.500,4.138,4.320,0.350,23.42,0.40,0.0274,-0.0008,-0.0120,20.00,0.500,-0.862,-0.883,-0.067,23.53,0.02,0.1982,0.1858,0.7700,20.00,0.500,0.082,0.148,0.005,23.41,0.00,0.3194,0.1867,0.4209,20.00,0.500,-3.631,-4.110,-0.273,23.26,0.27,0.0316,-0.0005,0.0120,20.00,0.500,0.906,0.934,0.072,23.44,0.02,0.2025,0.2053,0.7490,20.00,0.500,0.469,0.345,0.043,23.39,-0.00,0.4428,0.2838,0.4869,20.00,0.500,4.265,4.342,0.319,23.24,0.37
0.7600,0.0458,0.0231,0.0494,20.00,0.500,-0.686,-0.611,-0.046,23.47,0.01,0.1409,0.1189,0.9153,20.00,0.500,0.136,0.382,-0.001,23.38,-0.01,0.4393,0.2612,0.6367,20.00,0.500,-5.579,-4.945,-0.436,23.33,0.53,-0.0000,-0.0269,-0.0150,20.00,0.500,-0.945,-1.067,-0.057,23.54,0.03,0.5101,0.5030,1.0516,20.00,0.500,0.467,0.438,0.033,23.50,-0.02,0.1559,-0.0008,0.8524,20.00,0.500,4.579,4.456,0.366,23.37,0.48,0.0283,-0.0010,-0.0599,20.00,0.500,-1.047,-1.000,-0.078,23.46,0.03,0.2048,0.1918,0.5663,20.00,0.500,0.053,0.109,0.013,23.33,0.00,0.3302,0.1931,0.6052,20.00,0.500,-4.199,-4.150,-0.338,23.19,0.39,0.0324,-0.0005,-0.0090,20.00,0.500,1.068,1.082,0.081,23.37,0.03,0.2091,0.2136,0.8164,20.00,0.500,0.688,0.516,0.049,23.33,-0.01,0.4536,0.2891,0.5363,20.00,0.500,5.016,4.925,0.399,23.16,0.50
0.7700,0.0467,0.0231,0.0494,20.00,0.500,-0.686,-0.611,-0.046,23.47,0.01,0.1476,0.1261,0.6531,20.00,0.500,0.136,0.382,-0.001,23.38,-0.01,0.4502,0.2692,0.7835,20.00,0.500,-5.579,-4.945,-0.436,23.33,0.53,0.0008,-0.0266,0.0300,20.00,0.500,-0.945,-1.067,-0.057,23.54,0.03,0.5168,0.5112,0.7835,20.00,0.500,0.467,0.438,0.033,23.50,-0.02,0.1668,0.0041,0.4734,20.00,0.500,4.579,4.456,0.366,23.37,0.48,0.0291,0.0000,0.1109,20.00,0.500,-1.047,-1.000,-0.078,23.46,0.03,0.2115,0.1969,0.5543,20.00,0.500,0.053,0.109,0.013,23.33,0.00,0.3410,0.1964,0.3221,20.00,0.500,-4.199,-4.150,-0.338,23.19,0.39,0.0332,-0.0003,0.0165,20.00,0.500,1.068,1.082,0.081,23.37,0.03,0.2158,0.2218,0.8973,20.00,0.500,0.688,0.516,0.049,23.33,-0.01,0.4645,0.2891,0.5363,20.00,0.500,5.016,4.925,0.399,23.16,0.50
0.7800,0.0475,0.0233,0.0360,20.00,0.500,-0.686,-0.611,-0.046,23.47,0.01,0.1544,0.1357,1.0516,20.00,0.500,0.136,0.382,-0.001,23.38,-0.01,0.4612,0.2797,1.0426,20.00,0.500,-5.579,-4.945,-0.436,23.33,0.53,0.0017,-0.0252,0.1423,20.00,0.500,-0.945,-1.067,-0.057,23.54,0.03,0.5235,0.5195,0.9782,20.00,0.500,0.467,0.438,0.033,23.50,-0.02,0.1778,0.0111,0.9348,20.00,0.500,4.579,4.456,0.366,23.37,0.48,0.0299,0.0000,0.0060,20.00,0.500,-1.047,-1.000,-0.078,23.46,0.03,0.2183,0.2060,0.9677,20.00,0.500,0.053,0.109,0.013,23.33,0.00,0.3520,0.2051,0.8793,20.00,0.500,-4.199,-4.150,-0.338,23.19,0.39,0.0341,-0.0003,0.0165,20.00,0.500,1.068,1.082,0.081,23.37,0.03,0.2225,0.2293,0.7535,20.00,0.500,0.688,0.516,0.049,23.33,-0.01,0.4754,0.2930,0.4105,20.00,0.500,5.016,4.925,0.399,23.16,0.50
0.7900,0.0484,0.0237,0.0105,20.00,0.500,-0.686,-0.611,-0.046,23.47,0.01,0.1612,0.1473,1.0651,20.00,0.500,0.136,0.382,-0.001,23.38,-0.01,0.4723,0.2869,0.5977,20.00,0.500,-5.579,-4.945,-0.436,23.33,0.53,0.0025,-0.0248,0.0090,20.00,0.500,-0.945,-1.067,-0.057,23.54,0.03,0.5303,0.5307,1.0726,20.00,0.500,0.467,0.438,0.033,23.50,-0.02,0.1888,0.0250,1.2943,20.00,0.500,4.579,4.456,0.366,23.37,0.48,0.0308,-0.0004,-0.0150,20.00,0.500,-1.047,-1.000,-0.078,23.46,0.03,0.2251,0.2151,0.8898,20.00,0.500,0.053,0.109,0.013,23.33,0.00,0.3631,0.2141,0.8059,20.00,0.500,-4.199,-4.150,-0.338,23.19,0.39,0.0349,-0.0005,-0.0255,20.00,0.500,1.068,1.082,0.081,23.37,0.03,0.2294,0.2379,0.8344,20.00,0.500,0.688,0.516,0.049,23.33,-0.01,0.4865,0.3107,0.7490,20.00,0.500,5.016,4.925,0.399,23.16,0.50
0.8000,0.0492,0.0243,0.0569,20.00,0.500,-0.686,-0.611,-0.046,23.47,0.01,0.1681,0.1550,0.7670,20.00,0.500,0.136,0.382,-0.001,23.38,-0.01,0.4835,0.2948,0.9063,20.00,0.500,-5.579,-4.945,-0.436,23.33,0.53,0.0034,-0.0244,0.0644,20.00,0.500,-0.945,-1.067,-0.057,23.54,0.03,0.5372,0.5399,0.9318,20.00,0.500,0.467,0.438,0.033,23.50,-0.02,0.2000,0.0342,0.8359,20.00,0.500,4.579,4.456,0.366,23.37,0.48,0.0317,-0.0001,0.0060,20.00,0.500,-1.047,-1.000,-0.078,23.46,0.03,0.2320,0.2236,0.8584,20.00,0.500,0.053,0.109,0.013,23.33,0.00,0.3743,0.2216,0.7580,20.00,0.500,-4.199,-4.150,-0.338,23.19,0.39,0.0358,-0.0005,-0.0105,20.00,0.500,1.068,1.082,0.081,23.37,0.03,0.2362,0.2465,0.8299,20.00,0.500,0.688,0.516,0.049,23.33,-0.01,0.4977,0.3154,0.5213,20.00,0.500,5.016,4.925,0.399,23.16,0.50
0.8100,0.0501,0.0262,0.1019,20.00,0.500,-0.723,-0.748,-0.062,23.39,0.02,0.1750,0.1609,0.6292,20.00,0.500,0.136,0.137,-0.019,23.30,-0.01,0.4947,0.3109,1.5729,20.00,0.500,-5.069,-4.371,-0.422,23.29,0.63,0.0043,-0.0234,0.1153,20.00,0.500,-0.920,-0.902,-0.069,23.49,0.03,0.5442,0.5498,0.9438,20.00,0.500,0.820,0.760,0.077,23.45,-0.01,0.2113,0.0421,0.8479,20.00,0.500,4.983,4.851,0.366,23.31,0.56,0.0325,-0.0000,0.0135,20.00,0.500,-1.120,-1.146,-0.090,23.41,0.03,0.2389,0.2324,0.8883,20.00,0.500,-0.399,-0.330,-0.027,23.25,-0.00,0.3856,0.2296,0.8044,20.00,0.500,-4.662,-4.652,-0.351,23.15,0.49,0.0367,-0.0004,-0.0030,20.00,0.500,1.198,1.207,0.094,23.30,0.03,0.2432,0.2536,0.7850,20.00,0.500,0.945,0.610,0.058,23.30,-0.02,0.5090,0.3235,0.7745,20.00,0.500,5.551,5.571,0.421,23.13,0.64
0.8200,0.0510,0.0262,0.1019,20.00,0.500,-0.723,-0.748,-0.062,23.39,0.02,0.1820,0.1665,0.5243,20.00,0.500,0.136,0.137,-0.019,23.30,-0.01,0.5061,0.3161,0.4479,20.00,0.500,-5.069,-4.371,-0.422,23.29,0.63,0.0051,-0.0205,0.2427,20.00,0.500,-0.920,-0.902,-0.069,23.49,0.03,0.5512,0.5582,0.8284,20.00,0.500,0.820,0.760,0.077,23.45,-0.01,0.2227,0.0532,1.1130,20.00,0.500,4.983,4.851,0.366,23.31,0.56,0.0334,0.0002,0.0180,20.00,0.500,-1.120,-1.146,-0.090,23.41,0.03,0.2459,0.2383,0.5797,20.00,0.500,-0.399,-0.330,-0.027,23.25,-0.00,0.3969,0.2348,0.5513,20.00,0.500,-4.662,-4.652,-0.351,23.15,0.49,0.0375,-0.0004,0.0105,20.00,0.500,1.198,1.207,0.094,23.30,0.03,0.2502,0.2602,0.5812,20.00,0.500,0.945,0.610,0.058,23.30,-0.02,0.5204,0.3235,0.7745,20.00,0.500,5.551,5.571,0.421,23.13,0.64
0.8300,0.0518,0.0274,0.1273,20.00,0.500,-0.723,-0.748,-0.062,23.39,0.02,0.1891,0.1771,1.1685,20.00,0.500,0.136,0.137,-0.019,23.30,-0.01,0.5176,0.3284,1.4815,20.00,0.500,-5.069,-4.371,-0.422,23.29,0.63,0.0060,-0.0185,0.2307,20.00,0.500,-0.920,-0.902,-0.069,23.49,0.03,0.5582,0.5695,1.1670,20.00,0.500,0.820,0.760,0.077,23.45,-0.01,0.2341,0.0662,1.2673,20.00,0.500,4.983,4.851,0.366,23.31,0.56,0.0343,0.0009,0.0839,20.00,0.500,-1.120,-1.146,-0.090,23.41,0.03,0.2530,0.2468,0.9228,20.00,0.500,-0.399,-0.330,-0.027,23.25,-0.00,0.4084,0.2454,1.1250,20.00,0.500,-4.662,-4.652,-0.351,23.15,0.49,0.0384,0.0001,0.0270,20.00,0.500,1.198,1.207,0.094,23.30,0.03,0.2572,0.2676,0.7445,20.00,0.500,0.945,0.610,0.058,23.30,-0.02,0.5318,0.3295,0.6457,20.00,0.500,5.551,5.571,0.421,23.13,0.64
0.8400,0.0527,0.0300,0.2846,20.00,0.500,-0.723,-0.748,-0.062,23.39,0.02,0.1962,0.1904,1.2479,20.00,0.500,0.136,0.137,-0.019,23.30,-0.01,0.5291,0.3480,1.6898,20.00,0.500,-5.069,-4.371,-0.422,23.29,0.63,0.0069,-0.0181,0.0644,20.00,0.500,-0.920,-0.902,-0.069,23.49,0.03,0.5653,0.5790,0.8104,20.00,0.500,0.820,0.760,0.077,23.45,-0.01,0.2457,0.0770,1.0366,20.00,0.500,4.983,4.851,0.366,23.31,0.56,0.0352,0.0011,-0.0000,20.00,0.500,-1.120,-1.146,-0.090,23.41,0.03,0.2601,0.2551,0.7400,20.00,0.500,-0.399,-0.330,-0.027,23.25,-0.00,0.4199,0.2569,1.1160,20.00,0.500,-4.662,-4.652,-0.351,23.15,0.49,0.0393,-0.0001,0.0030,20.00,0.500,1.198,1.207,0.094,23.30,0.03,0.2643,0.2760,0.9018,20.00,0.500,0.945,0.610,0.058,23.30,-0.02,0.5433,0.3399,1.0726,20.00,0.500,5.551,5.571,0.421,23.13,0.64
0.8500,0.0536,0.0311,0.0749,20.00,0.500,-0.723,-0.748,-0.062,23.39,0.02,0.2033,0.2003,0.9962,20.00,0.500,0.136,0.137,-0.019,23.30,-0.01,0.5407,0.3588,1.1804,20.00,0.500,-5.069,-4.371,-0.422,23.29,0.63,0.0078,-0.0153,0.3535,20.00,0.500,-0.920,-0.902,-0.069,23.49,0.03,0.5724,0.5881,0.9198,20.00,0.500,0.820,0.760,0.077,23.45,-0.01,0.2573,0.0892,1.2449,20.00,0.500,4.983,4.851,0.366,23.31,0.56,0.0361,0.0018,0.0974,20.00,0.500,-1.120,-1.146,-0.090,23.41,0.03,0.2672,0.2624,0.7745,20.00,0.500,-0.399,-0.330,-0.027,23.25,-0.00,0.4315,0.2661,0.9333,20.00,0.500,-4.662,-4.652,-0.351,23.15,0.49,0.0402,0.0000,0.0165,20.00,0.500,1.198,1.207,0.094,23.30,0.03,0.2715,0.2833,0.6516,20.00,0.500,0.945,0.610,0.058,23.30,-0.02,0.5550,0.3606,0.9198,20.00,0.500,5.551,5.571,0.421,23.13,0.64
0.8600,0.0545,0.0330,0.2292,20.00,0.500,-0.682,-0.826,-0.050,23.40,0.01,0.2105,0.2115,1.1385,20.00,0.500,-0.745,-0.361,-0.073,23.32,-0.06,0.5524,0.3735,1.3542,20.00,0.500,-4.949,-5.007,-0.395,23.26,0.52,0.0087,-0.0133,0.2487,20.00,0.500,-0.641,-0.727,-0.059,23.49,0.01,0.5796,0.5988,1.0606,20.00,0.500,1.367,1.321,0.108,23.46,0.01,0.2689,0.1016,1.1924,20.00,0.500,4.600,4.260,0.362,23.32,0.55,0.0370,0.0027,0.0779,20.00,0.500,-1.112,-1.222,-0.085,23.41,0.04,0.2744,0.2710,0.7940,20.00,0.500,-0.456,-0.279,-0.016,23.25,-0.00,0.4432,0.2768,1.0576,20.00,0.500,-4.769,-5.327,-0.370,23.15,0.55,0.0411,-0.0001,-0.0105,20.00,0.500,1.328,1.356,0.102,23.29,0.04,0.2787,0.2918,0.7984,20.00,0.500,0.866,0.870,0.082,23.28,-0.01,0.5666,0.3674,0.6217,20.00,0.500,6.157,6.075,0.465,23.10,0.73
0.8700,0.0554,0.0330,0.2292,20.00,0.500,-0.682,-0.826,-0.050,23.40,0.01,0.2177,0.2200,0.7790,20.00,0.500,-0.745,-0.361,-0.073,23.32,-0.06,0.5641,0.3832,1.0816,20.00,0.500,-4.949,-5.007,-0.395,23.26,0.52,0.0096,-0.0099,0.3221,20.00,0.500,-0.641,-0.727,-0.059,23.49,0.01,0.5869,0.6073,0.8808,20.00,0.500,1.367,1.321,0.108,23.46,0.01,0.2807,0.1125,1.1430,20.00,0.500,4.600,4.260,0.362,23.32,0.55,0.0379,0.0037,0.0944,20.00,0.500,-1.112,-1.222,-0.085,23.41,0.04,0.2816,0.2760,0.5693,20.00,0.500,-0.456,-0.279,-0.016,23.25,-0.00,0.4550,0.2859,0.9557,20.00,0.500,-4.769,-5.327,-0.370,23.15,0.55,0.0420,0.0005,0.0689,20.00,0.500,1.328,1.356,0.102,23.29,0.04,0.2859,0.2979,0.6636,20.00,0.500,0.866,0.870,0.082,23.28,-0.01,0.5784,0.3674,0.6217,20.00,0.500,6.157,6.075,0.465,23.10,0.73
0.8800,0.0563,0.0346,0.1468,20.00,0.500,-0.682,-0.826,-0.050,23.40,0.01,0.2250,0.2294,1.0606,20.00,0.500,-0.745,-0.361,-0.073,23.32,-0.06,0.5759,0.4019,1.8980,20.00,0.500,-4.949,-5.007,-0.395,23.26,0.52,0.0105,-0.0074,0.2052,20.00,0.500,-0.641,-0.727,-0.059,23.49,0.01,0.5941,0.6164,0.9602,20.00,0.500,1.367,1.321,0.108,23.46,0.01,0.2925,0.1269,1.4995,20.00,0.500,4.600,4.260,0.362,23.32,0.55,0.0388,0.0061,0.2232,20.00,0.500,-1.112,-1.222,-0.085,23.41,0.04,0.2889,0.2856,1.0067,20.00,0.500,-0.456,-0.279,-0.016,23.25,-0.00,0.4668,0.2997,1.4366,20.00,0.500,-4.769,-5.327,-0.370,23.15,0.55,0.0429,0.0028,0.2801,20.00,0.500,1.328,1.356,0.102,23.29,0.04,0.2932,0.3037,0.6591,20.00,0.500,0.866,0.870,0.082,23.28,-0.01,0.5902,0.3725,0.6247,20.00,0.500,6.157,6.075,0.465,23.10,0.73
0.8900,0.0572,0.0365,0.1828,20.00,0.500,-0.682,-0.826,-0.050,23.40,0.01,0.2323,0.2421,1.1999,20.00,0.500,-0.745,-0.361,-0.073,23.32,-0.06,0.5878,0.4195,1.7063,20.00,0.500,-4.949,-5.007,-0.395,23.26,0.52,0.0114,-0.0060,0.0644,20.00,0.500,-0.641,-0.727,-0.059,23.49,0.01,0.6014,0.6271,1.0187,20.00,0.500,1.367,1.321,0.108,23.46,0.01,0.3044,0.1425,1.4786,20.00,0.500,4.600,4.260,0.362,23.32,0.55,0.0397,0.0060,-0.0045,20.00,0.500,-1.112,-1.222,-0.085,23.41,0.04,0.2962,0.2932,0.6981,20.00,0.500,-0.456,-0.279,-0.016,23.25,-0.00,0.4786,0.3138,1.3497,20.00,0.500,-4.769,-5.327,-0.370,23.15,0.55,0.0438,0.0039,0.0554,20.00,0.500,1.328,1.356,0.102,23.29,0.04,0.3005,0.3131,0.9438,20.00,0.500,0.866,0.870,0.082,23.28,-0.01,0.6021,0.3875,1.6029,20.00,0.500,6.157,6.075,0.465,23.10,0.73
0.9000,0.0582,0.0376,0.1019,20.00,0.500,-0.682,-0.826,-0.050,23.40,0.01,0.2396,0.2503,0.8209,20.00,0.500,-0.745,-0.361,-0.073,23.32,-0.06,0.5997,0.4321,1.1804,20.00,0.500,-4.949,-5.007,-0.395,23.26,0.52,0.0123,-0.0052,0.1004,20.00,0.500,-0.641,-0.727,-0.059,23.49,0.01,0.6088,0.6354,0.7580,20.00,0.500,1.367,1.321,0.108,23.46,0.01,0.3163,0.1554,1.2449,20.00,0.500,4.600,4.260,0.362,23.32,0.55,0.0406,0.0073,0.1723,20.00,0.500,-1.112,-1.222,-0.085,23.41,0.04,0.3035,0.3007,0.7835,20.00,0.500,-0.456,-0.279,-0.016,23.25,-0.00,0.4906,0.3247,1.1070,20.00,0.500,-4.769,-5.327,-0.370,23.15,0.55,0.0447,0.0038,0.0285,20.00,0.500,1.328,1.356,0.102,23.29,0.04,0.3078,0.3223,0.9872,20.00,0.500,0.866,0.870,0.082,23.28,-0.01,0.6140,0.4139,1.3258,20.00,0.500,6.157,6.075,0.465,23.10,0.73
0.9100,0.0591,0.0397,0.1273,20.00,0.500,-0.581,-0.490,-0.091,23.37,0.01,0.2470,0.2604,0.9782,20.00,0.500,-1.042,-0.712,-0.054,23.30,-0.00,0.6117,0.4475,1.6329,20.00,0.500,-4.511,-4.813,-0.410,23.25,0.43,0.0133,-0.0008,0.3640,20.00,0.500,-0.250,-0.294,-0.030,23.47,0.01,0.6161,0.6435,0.7265,20.00,0.500,1.349,1.371,0.105,23.44,0.02,0.3283,0.1688,1.3542,20.00,0.500,4.236,4.185,0.354,23.30,0.51,0.0415,0.0100,0.1902,20.00,0.500,-0.884,-0.574,-0.068,23.39,0.03,0.3109,0.3085,0.7191,20.00,0.500,-0.440,-0.428,-0.009,23.22,-0.00,0.5025,0.3373,1.2988,20.00,0.500,-4.648,-4.599,-0.352,23.15,0.57,0.0457,0.0047,0.1079,20.00,0.500,1.242,1.582,0.098,23.29,0.03,0.3152,0.3303,0.8374,20.00,0.500,1.070,0.944,0.061,23.29,-0.01,0.6259,0.4271,1.2269,20.00,0.500,5.618,5.518,0.425,23.13,0.70
0.9200,0.0600,0.0397,0.1273,20.00,0.500,-0.581,-0.490,-0.091,23.37,0.01,0.2544,0.2683,0.7445,20.00,0.500,-1.042,-0.712,-0.054,23.30,-0.00,0.6237,0.4589,1.0336,20.00,0.500,-4.511,-4.813,-0.410,23.25,0.43,0.0142,0.0018,0.2262,20.00,0.500,-0.250,-0.294,-0.030,23.47,0.01,0.6235,0.6493,0.6457,20.00,0.500,1.349,1.371,0.105,23.44,0.02,0.3403,0.1796,1.0276,20.00,0.500,4.236,4.185,0.354,23.30,0.51,0.0424,0.0113,0.1303,20.00,0.500,-0.884,-0.574,-0.068,23.39,0.03,0.3183,0.3147,0.6576,20.00,0.500,-0.440,-0.428,-0.009,23.22,-0.00,0.5145,0.3506,1.3198,20.00,0.500,-4.648,-4.599,-0.352,23.15,0.57,0.0466,0.0047,0.1079,20.00,0.500,1.242,1.582,0.098,23.29,0.03,0.3225,0.3372,0.6861,20.00,0.500,1.070,0.944,0.061,23.29,-0.01,0.6380,0.4271,1.2269,20.00,0.500,5.618,5.518,0.425,23.13,0.70
0.9300,0.0609,0.0412,0.1708,20.00,0.500,-0.581,-0.490,-0.091,23.37,0.01,0.2618,0.2778,0.9602,20.00,0.500,-1.042,-0.712,-0.054,23.30,-0.00,0.6357,0.4762,1.9774,20.00,0.500,-4.511,-4.813,-0.410,23.25,0.43,0.0151,0.0042,0.1408,20.00,0.500,-0.250,-0.294,-0.030,23.47,0.01,0.6309,0.6583,0.9617,20.00,0.500,1.349,1.371,0.105,23.44,0.02,0.3523,0.1937,1.5400,20.00,0.500,4.236,4.185,0.354,23.30,0.51,0.0434,0.0141,0.2442,20.00,0.500,-0.884,-0.574,-0.068,23.39,0.03,0.3257,0.3233,0.9303,20.00,0.500,-0.440,-0.428,-0.009,23.22,-0.00,0.5266,0.3666,1.6703,20.00,0.500,-4.648,-4.599,-0.352,23.15,0.57,0.0475,0.0084,0.2906,20.00,0.500,1.242,1.582,0.098,23.29,0.03,0.3300,0.3449,0.7685,20.00,0.500,1.070,0.944,0.061,23.29,-0.01,0.6500,0.4360,0.9857,20.00,0.500,5.618,5.518,0.425,23.13,0.70
0.9400,0.0619,0.0440,0.0120,20.00,0.500,-0.581,-0.490,-0.091,23.37,0.01,0.2692,0.2873,0.9048,20.00,0.500,-1.042,-0.712,-0.054,23.30,-0.00,0.6478,0.4937,1.5070,20.00,0.500,-4.511,-4.813,-0.410,23.25,0.43,0.0160,0.0055,0.1798,20.00,0.500,-0.250,-0.294,-0.030,23.47,0.01,0.6384,0.6680,0.8404,20.00,0.500,1.349,1.371,0.105,23.44,0.02,0.3644,0.2107,1.5430,20.00,0.500,4.236,4.185,0.354,23.30,0.51,0.0443,0.0148,0.0674,20.00,0.500,-0.884,-0.574,-0.068,23.39,0.03,0.3332,0.3319,0.8134,20.00,0.500,-0.440,-0.428,-0.009,23.22,-0.00,0.5387,0.3833,1.5639,20.00,0.500,-4.648,-4.599,-0.352,23.15,0.57,0.0484,0.0101,0.1243,20.00,0.500,1.242,1.582,0.098,23.29,0.03,0.3374,0.3531,0.8614,20.00,0.500,1.070,0.944,0.061,23.29,-0.01,0.6621,0.4703,1.4980,20.00,0.500,5.618,5.518,0.425,23.13,0.70
0.9500,0.0628,0.0444,0.0330,20.00,0.500,-0.581,-0.490,-0.091,23.37,0.01,0.2767,0.2942,0.6996,20.00,0.500,-1.042,-0.712,-0.054,23.30,-0.00,0.6599,0.5074,1.3917,20.00,0.500,-4.511,-4.813,-0.410,23.25,0.43,0.0170,0.0070,0.1004,20.00,0.500,-0.250,-0.294,-0.030,23.47,0.01,0.6458,0.6750,0.6337,20.00,0.500,1.349,1.371,0.105,23.44,0.02,0.3765,0.2254,1.4830,20.00,0.500,4.236,4.185,0.354,23.30,0.51,0.0452,0.0164,0.1768,20.00,0.500,-0.884,-0.574,-0.068,23.39,0.03,0.3406,0.3398,0.7955,20.00,0.500,-0.440,-0.428,-0.009,23.22,-0.00,0.5508,0.3967,1.3842,20.00,0.500,-4.648,-4.599,-0.352,23.15,0.57,0.0494,0.0109,0.1228,20.00,0.500,1.242,1.582,0.098,23.29,0.03,0.3449,0.3611,0.7670,20.00,0.500,1.070,0.944,0.061,23.29,-0.01,0.6742,0.4834,1.3557,20.00,0.500,5.618,5.518,0.425,23.13,0.70
0.9600,0.0637,0.0455,0.1333,20.00,0.500,-0.577,-1.095,-0.035,23.43,0.01,0.2842,0.2995,0.4929,20.00,0.500,-0.856,-0.896,-0.055,23.34,0.00,0.6721,0.5200,1.2344,20.00,0.500,-4.236,-4.980,-0.284,23.27,0.41,0.0179,0.0087,0.1962,20.00,0.500,-0.212,-0.279,-0.017,23.51,0.00,0.6533,0.6801,0.5872,20.00,0.500,1.197,1.167,0.087,23.48,0.01,0.3887,0.2375,1.1640,20.00,0.500,4.114,4.268,0.303,23.32,0.46,0.0462,0.0185,0.1858,20.00,0.500,-0.800,-1.019,-0.067,23.42,0.03,0.3481,0.3477,0.7235,20.00,0.500,-0.514,-0.434,-0.034,23.28,-0.00,0.5629,0.4129,1.5669,20.00,0.500,-3.862,-3.770,-0.299,23.17,0.44,0.0503,0.0141,0.3086,20.00,0.500,0.909,0.898,0.067,23.32,0.04,0.3523,0.3693,0.7865,20.00,0.500,0.991,0.922,0.075,23.34,-0.01,0.6863,0.4990,1.5130,20.00,0.500,5.026,5.361,0.378,23.15,0.65
0.9700,0.0647,0.0476,0.1768,20.00,0.500,-0.577,-1.095,-0.035,23.43,0.01,0.2916,0.3043,0.4404,20.00,0.500,-0.856,-0.896,-0.055,23.34,0.00,0.6842,0.5349,1.4815,20.00,0.500,-4.236,-4.980,-0.284,23.27,0.41,0.0188,0.0099,0.1124,20.00,0.500,-0.212,-0.279,-0.017,23.51,0.00,0.6608,0.6845,0.3685,20.00,0.500,1.197,1.167,0.087,23.48,0.01,0.4008,0.2467,0.9273,20.00,0.500,4.114,4.268,0.303,23.32,0.46,0.0471,0.0201,0.1363,20.00,0.500,-0.800,-1.019,-0.067,23.42,0.03,0.3556,0.3512,0.3565,20.00,0.500,-0.514,-0.434,-0.034,23.28,-0.00,0.5751,0.4242,1.1415,20.00,0.500,-3.862,-3.770,-0.299,23.17,0.44,0.0512,0.0156,0.1243,20.00,0.500,0.909,0.898,0.067,23.32,0.04,0.3598,0.3752,0.6127,20.00,0.500,0.991,0.922,0.075,23.34,-0.01,0.6985,0.5107,1.1969,20.00,0.500,5.026,5.361,0.378,23.15,0.65
0.9800,0.0656,0.0476,0.1768,20.00,0.500,-0.577,-1.095,-0.035,23.43,0.01,0.2991,0.3113,0.7550,20.00,0.500,-0.856,-0.896,-0.055,23.34,0.00,0.6964,0.5470,1.2284,20.00,0.500,-4.236,-4.980,-0.284,23.27,0.41,0.0198,0.0122,0.2966,20.00,0.500,-0.212,-0.279,-0.017,23.51,0.00,0.6683,0.6907,0.7086,20.00,0.500,1.197,1.167,0.087,23.48,0.01,0.4130,0.2608,1.5445,20.00,0.500,4.114,4.268,0.303,23.32,0.46,0.0480,0.0226,0.3101,20.00,0.500,-0.800,-1.019,-0.067,23.42,0.03,0.3631,0.3586,0.7835,20.00,0.500,-0.514,-0.434,-0.034,23.28,-0.00,0.5873,0.4403,1.6628,20.00,0.500,-3.862,-3.770,-0.299,23.17,0.44,0.0522,0.0176,0.2277,20.00,0.500,0.909,0.898,0.067,23.32,0.04,0.3673,0.3814,0.6516,20.00,0.500,0.991,0.922,0.075,23.34,-0.01,0.7107,0.5107,1.1969,20.00,0.500,5.026,5.361,0.378,23.15,0.65
0.9900,0.0665,0.0488,0.1109,20.00,0.500,-0.577,-1.095,-0.035,23.43,0.01,0.3066,0.3203,0.8269,20.00,0.500,-0.856,-0.896,-0.055,23.34,0.00,0.7086,0.5631,1.6299,20.00,0.500,-4.236,-4.980,-0.284,23.27,0.41,0.0207,0.0133,0.0854,20.00,0.500,-0.212,-0.279,-0.017,23.51,0.00,0.6758,0.6988,0.7101,20.00,0.500,1.197,1.167,0.087,23.48,0.01,0.4252,0.2785,1.7737,20.00,0.500,4.114,4.268,0.303,23.32,0.46,0.0490,0.0231,0.0120,20.00,0.500,-0.800,-1.019,-0.067,23.42,0.03,0.3705,0.3659,0.6711,20.00,0.500,-0.514,-0.434,-0.034,23.28,-0.00,0.5994,0.4577,1.6838,20.00,0.500,-3.862,-3.770,-0.299,23.17,0.44,0.0531,0.0197,0.1588,20.00,0.500,0.909,0.898,0.067,23.32,0.04,0.3748,0.3896,0.7625,20.00,0.500,0.991,0.922,0.075,23.34,-0.01,0.7229,0.5294,1.9474,20.00,0.500,5.026,5.361,0.378,23.15,0.65
1.0000,0.0675,0.0487,0.0075,20.00,0.500,-0.577,-1.095,-0.035,23.43,0.01,0.3141,0.3256,0.5138,20.00,0.500,-0.856,-0.896,-0.055,23.34,0.00,0.7208,0.5764,1.2613,20.00,0.500,-4.236,-4.980,-0.284,23.27,0.41,0.0216,0.0142,0.1034,20.00,0.500,-0.212,-0.279,-0.017,23.51,0.00,0.6833,0.7045,0.6516,20.00,0.500,1.197,1.167,0.087,23.48,0.01,0.4374,0.2944,1.4426,20.00,0.500,4.114,4.268,0.303,23.32,0.46,0.0499,0.0233,0.0360,20.00,0.500,-0.800,-1.019,-0.067,23.42,0.03,0.3780,0.3720,0.6516,20.00,0.500,-0.514,-0.434,-0.034,23.28,-0.00,0.6116,0.4712,1.3003,20.00,0.500,-3.862,-3.770,-0.299,23.17,0.44,0.0541,0.0203,0.0764,20.00,0.500,0.909,0.898,0.067,23.32,0.04,0.3823,0.3962,0.6576,20.00,0.500,0.991,0.922,0.075,23.34,-0.01,0.7350,0.5454,1.5190,20.00,0.500,5.026,5.361,0.378,23.15,0.65
1.0100,0.0684,0.0509,0.1318,20.00,0.500,-0.510,-0.378,-0.043,23.44,0.01,0.3216,0.3306,0.4659,20.00,0.500,-0.557,-1.502,-0.005,23.36,-0.00,0.7330,0.5918,1.5520,20.00,0.500,-3.751,-4.258,-0.317,23.34,0.38,0.0226,0.0155,0.1183,20.00,0.500,-0.188,-0.141,-0.016,23.54,0.00,0.6908,0.7077,0.2442,20.00,0.500,0.633,0.653,0.049,23.50,0.01,0.4495,0.3042,1.0516,20.00,0.500,4.064,3.864,0.331,23.36,0.45,0.0508,0.0249,0.2157,20.00,0.500,-0.844,-0.824,-0.063,23.47,0.02,0.3855,0.3791,0.6501,20.00,0.500,-0.255,-0.101,-0.014,23.31,-0.00,0.6238,0.4849,1.3632,20.00,0.500,-3.716,-4.191,-0.249,23.20,0.40,0.0550,0.0221,0.1947,20.00,0.500,0.927,0.794,0.070,23.38,0.03,0.3898,0.4019,0.5153,20.00,0.500,0.690,0.685,0.076,23.38,-0.00,0.7472,0.5764,1.5025,20.00,0.500,4.521,4.677,0.341,23.21,0.57
1.0200,0.0693,0.0509,0.1318,20.00,0.500,-0.510,-0.378,-0.043,23.44,0.01,0.3291,0.3338,0.4150,20.00,0.500,-0.557,-1.502,-0.005,23.36,-0.00,0.7452,0.6000,0.7730,20.00,0.500,-3.751,-4.258,-0.317,23.34,0.38,0.0235,0.0167,0.1153,20.00,0.500,-0.188,-0.141,-0.016,23.54,0.00,0.6983,0.7106,0.3685,20.00,0.500,0.633,0.653,0.049,23.50,0.01,0.4617,0.3158,1.1235,20.00,0.500,4.064,3.864,0.331,23.36,0.45,0.0518,0.0270,0.1798,20.00,0.500,-0.844,-0.824,-0.063,23.47,0.02,0.3930,0.3822,0.3011,20.00,0.500,-0.255,-0.101,-0.014,23.31,-0.00,0.6360,0.4964,1.1370,20.00,0.500,-3.716,-4.191,-0.249,23.20,0.40,0.0559,0.0237,0.1318,20.00,0.500,0.927,0.794,0.070,23.38,0.03,0.3973,0.4075,0.4973,20.00,0.500,0.690,0.685,0.076,23.38,-0.00,0.7594,0.5764,1.5025,20.00,0.500,4.521,4.677,0.341,23.21,0.57
1.0300,0.0703,0.0532,0.2322,20.00,0.500,-0.510,-0.378,-0.043,23.44,0.01,0.3366,0.3412,0.7655,20.00,0.500,-0.557,-1.502,-0.005,23.36,-0.00,0.7573,0.6128,1.5175,20.00,0.500,-3.751,-4.258,-0.317,23.34,0.38,0.0245,0.0172,0.0389,20.00,0.500,-0.188,-0.141,-0.016,23.54,0.00,0.7058,0.7172,0.6681,20.00,0.500,0.633,0.653,0.049,23.50,0.01,0.4739,0.3291,1.4366,20.00,0.500,4.064,3.864,0.331,23.36,0.45,0.0527,0.0312,0.3760,20.00,0.500,-0.844,-0.824,-0.063,23.47,0.02,0.4005,0.3900,0.8284,20.00,0.500,-0.255,-0.101,-0.014,23.31,-0.00,0.6482,0.5133,1.8066,20.00,0.500,-3.716,-4.191,-0.249,23.20,0.40,0.0569,0.0245,0.0959,20.00,0.500,0.927,0.794,0.070,23.38,0.03,0.4048,0.4112,0.4000,20.00,0.500,0.690,0.685,0.076,23.38,-0.00,0.7716,0.5886,1.2224,20.00,0.500,4.521,4.677,0.341,23.21,0.57
1.0400,0.0712,0.0540,0.0824,20.00,0.500,-0.510,-0.378,-0.043,23.44,0.01,0.3441,0.3471,0.6172,20.00,0.500,-0.557,-1.502,-0.005,23.36,-0.00,0.7695,0.6308,1.6014,20.00,0.500,-3.751,-4.258,-0.317,23.34,0.38,0.0254,0.0173,-0.0015,20.00,0.500,-0.188,-0.141,-0.016,23.54,0.00,0.7132,0.7245,0.7116,20.00,0.500,0.633,0.653,0.049,23.50,0.01,0.4861,0.3474,1.7572,20.00,0.500,4.064,3.864,0.331,23.36,0.45,0.0537,0.0332,0.1124,20.00,0.500,-0.844,-0.824,-0.063,23.47,0.02,0.4080,0.3986,0.8149,20.00,0.500,-0.255,-0.101,-0.014,23.31,-0.00,0.6603,0.5303,1.5744,20.00,0.500,-3.716,-4.191,-0.249,23.20,0.40,0.0578,0.0263,0.2217,20.00,0.500,0.927,0.794,0.070,23.38,0.03,0.4123,0.4194,0.8838,20.00,0.500,0.690,0.685,0.076,23.38,-0.00,0.7837,0.6211,1.6943,20.00,0.500,4.521,4.677,0.341,23.21,0.57
1.0500,0.0722,0.0571,0.1034,20.00,0.500,-0.510,-0.378,-0.043,23.44,0.01,0.3516,0.3515,0.3371,20.00,0.500,-0.557,-1.502,-0.005,23.36,-0.00,0.7816,0.6434,1.2763,20.00,0.500,-3.751,-4.258,-0.317,23.34,0.38,0.0263,0.0174,0.0075,20.00,0.500,-0.188,-0.141,-0.016,23.54,0.00,0.7207,0.7304,0.5003,20.00,0.500,0.633,0.653,0.049,23.50,0.01,0.4982,0.3606,1.2119,20.00,0.500,4.064,3.864,0.331,23.36,0.45,0.0546,0.0335,0.0569,20.00,0.500,-0.844,-0.824,-0.063,23.47,0.02,0.4155,0.4052,0.6711,20.00,0.500,-0.255,-0.101,-0.014,23.31,-0.00,0.6725,0.5430,1.3093,20.00,0.500,-3.716,-4.191,-0.249,23.20,0.40,0.0587,0.0277,0.0824,20.00,0.500,0.927,0.794,0.070,23.38,0.03,0.4197,0.4268,0.7475,20.00,0.500,0.690,0.685,0.076,23.38,-0.00,0.7959,0.6368,1.5669,20.00,0.500,4.521,4.677,0.341,23.21,0.57
1.0600,0.0731,0.0583,0.1079,20.00,0.500,-0.410,-0.343,-0.037,23.47,0.01,0.3590,0.3553,0.3670,20.00,0.500,-0.051,-0.665,-0.020,23.42,0.00,0.7937,0.6534,0.9453,20.00,0.500,-4.042,-4.205,-0.333,23.34,0.36,0.0273,0.0186,0.1019,20.00,0.500,-0.256,-0.253,0.023,23.60,0.00,0.7282,0.7359,0.6442,20.00,0.500,0.626,0.440,0.039,23.53,-0.00,0.5103,0.3714,1.1939,20.00,0.500,3.588,3.651,0.277,23.39,0.38,0.0555,0.0358,0.2232,20.00,0.500,-0.539,-0.485,-0.004,23.51,0.01,0.4229,0.4118,0.6172,20.00,0.500,-0.040,-0.076,-0.002,23.37,0.00,0.6846,0.5564,1.3003,20.00,0.500,-3.359,-3.326,-0.246,23.23,0.32,0.0597,0.0279,0.0330,20.00,0.500,0.989,0.992,0.075,23.42,0.03,0.4272,0.4327,0.6067,20.00,0.500,0.474,0.511,0.041,23.42,-0.01,0.8080,0.6514,1.3647,20.00,0.500,4.158,4.431,0.322,23.22,0.43
1.0700,0.0740,0.0583,0.1079,20.00,0.500,-0.410,-0.343,-0.037,23.47,0.01,0.3665,0.3604,0.4404,20.00,0.500,-0.051,-0.665,-0.020,23.42,0.00,0.8058,0.6629,1.0142,20.00,0.500,-4.042,-4.205,-0.333,23.34,0.36,0.0282,0.0186,0.0180,20.00,0.500,-0.256,-0.253,0.023,23.60,0.00,0.7356,0.7383,0.0914,20.00,0.500,0.626,0.440,0.039,23.53,-0.00,0.5224,0.3846,1.2568,20.00,0.500,3.588,3.651,0.277,23.39,0.38,0.0565,0.0381,0.2232,20.00,0.500,-0.539,-0.485,-0.004,23.51,0.01,0.4304,0.4156,0.3655,20.00,0.500,-0.040,-0.076,-0.002,23.37,0.00,0.6967,0.5674,1.1250,20.00,0.500,-3.359,-3.326,-0.246,23.23,0.32,0.0606,0.0298,0.2097,20.00,0.500,0.989,0.992,0.075,23.42,0.03,0.4346,0.4388,0.6337,20.00,0.500,0.474,0.511,0.041,23.42,-0.01,0.8201,0.6514,1.3647,20.00,0.500,4.158,4.431,0.322,23.22,0.43
1.0800,0.0749,0.0590,0.0884,20.00,0.500,-0.410,-0.343,-0.037,23.47,0.01,0.3739,0.3663,0.7056,20.00,0.500,-0.051,-0.665,-0.020,23.42,0.00,0.8179,0.6792,1.6463,20.00,0.500,-4.042,-4.205,-0.333,23.34,0.36,0.0291,0.0207,0.2382,20.00,0.500,-0.256,-0.253,0.023,23.60,0.00,0.7430,0.7425,0.6187,20.00,0.500,0.626,0.440,0.039,23.53,-0.00,0.5344,0.3986,1.5115,20.00,0.500,3.588,3.651,0.277,23.39,0.38,0.0574,0.0399,0.1603,20.00,0.500,-0.539,-0.485,-0.004,23.51,0.01,0.4378,0.4214,0.6412,20.00,0.500,-0.040,-0.076,-0.002,23.37,0.00,0.7087,0.5835,1.6913,20.00,0.500,-3.359,-3.326,-0.246,23.23,0.32,0.0615,0.0313,0.1228,20.00,0.500,0.989,0.992,0.075,23.42,0.03,0.4420,0.4446,0.5752,20.00,0.500,0.474,0.511,0.041,23.42,-0.01,0.8321,0.6622,1.1445,20.00,0.500,4.158,4.431,0.322,23.22,0.43
1.0900,0.0759,0.0617,0.2067,20.00,0.500,-0.410,-0.343,-0.037,23.47,0.01,0.3813,0.3749,0.7790,20.00,0.500,-0.051,-0.665,-0.020,23.42,0.00,0.8299,0.6937,1.4711,20.00,0.500,-4.042,-4.205,-0.333,23.34,0.36,0.0300,0.0209,0.0030,20.00,0.500,-0.256,-0.253,0.023,23.60,0.00,0.7504,0.7528,0.8853,20.00,0.500,0.626,0.440,0.039,23.53,-0.00,0.5465,0.4154,1.5714,20.00,0.500,3.588,3.651,0.277,23.39,0.38,0.0583,0.0410,0.0974,20.00,0.500,-0.539,-0.485,-0.004,23.51,0.01,0.4452,0.4305,0.8434,20.00,0.500,-0.040,-0.076,-0.002,23.37,0.00,0.7207,0.5996,1.5430,20.00,0.500,-3.359,-3.326,-0.246,23.23,0.32,0.0624,0.0340,0.1543,20.00,0.500,0.989,0.992,0.075,23.42,0.03,0.4494,0.4527,0.8823,20.00,0.500,0.474,0.511,0.041,23.42,-0.01,0.8441,0.6968,1.6658,20.00,0.500,4.158,4.431,0.322,23.22,0.43
1.1000,0.0768,0.0617,0.2067,20.00,0.500,-0.410,-0.343,-0.037,23.47,0.01,0.3886,0.3809,0.5408,20.00,0.500,-0.051,-0.665,-0.020,23.42,0.00,0.8418,0.7076,1.2314,20.00,0.500,-4.042,-4.205,-0.333,23.34,0.36,0.0310,0.0215,0.0434,20.00,0.500,-0.256,-0.253,0.023,23.60,0.00,0.7578,0.7585,0.5513,20.00,0.500,0.626,0.440,0.039,23.53,-0.00,0.5584,0.4286,1.2583,20.00,0.500,3.588,3.651,0.277,23.39,0.38,0.0592,0.0411,0.0180,20.00,0.500,-0.539,-0.485,-0.004,23.51,0.01,0.4525,0.4369,0.5827,20.00,0.500,-0.040,-0.076,-0.002,23.37,0.00,0.7327,0.6116,1.1715,20.00,0.500,-3.359,-3.326,-0.246,23.23,0.32,0.0634,0.0339,0.0090,20.00,0.500,0.989,0.992,0.075,23.42,0.03,0.4568,0.4599,0.7295,20.00,0.500,0.474,0.511,0.041,23.42,-0.01,0.8561,0.6968,1.6658,20.00,0.500,4.158,4.431,0.322,23.22,0.43
1.1100,0.0777,0.0626,0.0764,20.00,0.500,-0.485,-0.461,-0.036,23.49,0.01,0.3960,0.3867,0.5408,20.00,0.500,-0.004,0.432,0.021,23.42,-0.02,0.8538,0.7169,0.9617,20.00,0.500,-4.008,-3.333,-0.282,23.34,0.27,0.0319,0.0217,0.0404,20.00,0.500,-0.383,-0.643,-0.054,23.59,0.00,0.7651,0.7644,0.5737,20.00,0.500,0.297,0.159,0.007,23.53,-0.00,0.5703,0.4409,1.3063,20.00,0.500,3.374,3.386,0.269,23.40,0.37,0.0601,0.0421,0.1139,20.00,0.500,-0.595,-0.450,-0.042,23.50,0.01,0.4599,0.4436,0.6486,20.00,0.500,0.106,0.075,0.003,23.37,0.00,0.7446,0.6241,1.2733,20.00,0.500,-3.209,-3.224,-0.263,23.25,0.28,0.0643,0.0353,0.1992,20.00,0.500,0.842,0.918,0.069,23.44,0.01,0.4641,0.4652,0.4674,20.00,0.500,0.256,0.297,0.033,23.43,-0.00,0.8680,0.7254,1.4920,20.00,0.500,3.657,3.767,0.299,23.25,0.40
1.1200,0.0786,0.0626,0.0764,20.00,0.500,-0.485,-0.461,-0.036,23.49,0.01,0.4033,0.3928,0.6636,20.00,0.500,-0.004,0.432,0.021,23.42,-0.02,0.8656,0.7289,1.1849,20.00,0.500,-4.008,-3.333,-0.282,23.34,0.27,0.0328,0.0224,0.0719,20.00,0.500,-0.383,-0.643,-0.054,23.59,0.00,0.7724,0.7706,0.6846,20.00,0.500,0.297,0.159,0.007,23.53,-0.00,0.5822,0.4550,1.3572,20.00,0.500,3.374,3.386,0.269,23.40,0.37,0.0611,0.0430,0.0869,20.00,0.500,-0.595,-0.450,-0.042,23.50,0.01,0.4672,0.4478,0.4359,20.00,0.500,0.106,0.075,0.003,23.37,0.00,0.7565,0.6351,1.0801,20.00,0.500,-3.209,-3.224,-0.263,23.25,0.28,0.0652,0.0373,0.1423,20.00,0.500,0.842,0.918,0.069,23.44,0.01,0.4714,0.4711,0.5902,20.00,0.500,0.256,0.297,0.033,23.43,-0.00,0.8799,0.7254,1.4920,20.00,0.500,3.657,3.767,0.299,23.25,0.40
1.1300,0.0795,0.0632,0.0629,20.00,0.500,-0.485,-0.461,-0.036,23.49,0.01,0.4105,0.3993,0.6876,20.00,0.500,-0.004,0.432,0.021,23.42,-0.02,0.8774,0.7407,1.2014,20.00,0.500,-4.008,-3.333,-0.282,23.34,0.27,0.0337,0.0238,0.1513,20.00,0.500,-0.383,-0.643,-0.054,23.59,0.00,0.7797,0.7755,0.5767,20.00,0.500,0.297,0.159,0.007,23.53,-0.00,0.5940,0.4669,1.2224,20.00,0.500,3.374,3.386,0.269,23.40,0.37,0.0620,0.0459,0.3071,20.00,0.500,-0.595,-0.450,-0.042,23.50,0.01,0.4745,0.4550,0.7865,20.00,0.500,0.106,0.075,0.003,23.37,0.00,0.7683,0.6502,1.5849,20.00,0.500,-3.209,-3.224,-0.263,23.25,0.28,0.0661,0.0392,0.1693,20.00,0.500,0.842,0.918,0.069,23.44,0.01,0.4787,0.4765,0.5303,20.00,0.500,0.256,0.297,0.033,23.43,-0.00,0.8917,0.7354,1.0127,20.00,0.500,3.657,3.767,0.299,23.25,0.40
1.1400,0.0804,0.0648,0.1992,20.00,0.500,-0.485,-0.461,-0.036,23.49,0.01,0.4178,0.4064,0.6771,20.00,0.500,-0.004,0.432,0.021,23.42,-0.02,0.8892,0.7564,1.6014,20.00,0.500,-4.008,-3.333,-0.282,23.34,0.27,0.0346,0.0252,0.1153,20.00,0.500,-0.383,-0.643,-0.054,23.59,0.00,0.7869,0.7848,0.8689,20.00,0.500,0.297,0.159,0.007,23.53,-0.00,0.6058,0.4831,1.6164,20.00,0.500,3.374,3.386,0.269,23.40,0.37,0.0629,0.0461,-0.0180,20.00,0.500,-0.595,-0.450,-0.042,23.50,0.01,0.4817,0.4631,0.7460,20.00,0.500,0.106,0.075,0.003,23.37,0.00,0.7800,0.6657,1.4711,20.00,0.500,-3.209,-3.224,-0.263,23.25,0.28,0.0670,0.0402,0.1183,20.00,0.500,0.842,0.918,0.069,23.44,0.01,0.4859,0.4851,0.9213,20.00,0.500,0.256,0.297,0.033,23.43,-0.00,0.9034,0.7675,1.4920,20.00,0.500,3.657,3.767,0.299,23.25,0.40
1.1500,0.0813,0.0666,0.0659,20.00,0.500,-0.485,-0.461,-0.036,23.49,0.01,0.4250,0.4111,0.4614,20.00,0.500,-0.004,0.432,0.021,23.42,-0.02,0.9009,0.7681,1.0381,20.00,0.500,-4.008,-3.333,-0.282,23.34,0.27,0.0355,0.0262,0.0824,20.00,0.500,-0.383,-0.643,-0.054,23.59,0.00,0.7941,0.7919,0.7116,20.00,0.500,0.297,0.159,0.007,23.53,-0.00,0.6174,0.4971,1.2763,20.00,0.500,3.374,3.386,0.269,23.40,0.37,0.0638,0.0463,0.0479,20.00,0.500,-0.595,-0.450,-0.042,23.50,0.01,0.4889,0.4693,0.6816,20.00,0.500,0.106,0.075,0.003,23.37,0.00,0.7917,0.6781,1.2359,20.00,0.500,-3.209,-3.224,-0.263,23.25,0.28,0.0679,0.0415,0.1258,20.00,0.500,0.842,0.918,0.069,23.44,0.01,0.4931,0.4934,0.8494,20.00,0.500,0.256,0.297,0.033,23.43,-0.00,0.9151,0.7815,1.4666,20.00,0.500,3.657,3.767,0.299,23.25,0.40
1.1600,0.0822,0.0671,0.0434,20.00,0.500,-0.452,-0.482,-0.034,23.52,0.01,0.4321,0.4174,0.6142,20.00,0.500,0.097,0.873,0.041,23.44,0.00,0.9125,0.7788,1.1640,20.00,0.500,-3.752,-4.563,-0.272,23.38,0.40,0.0364,0.0266,0.0389,20.00,0.500,-0.369,-0.138,-0.025,23.62,0.00,0.8012,0.7972,0.4479,20.00,0.500,0.081,0.027,0.006,23.56,0.00,0.6291,0.5105,1.4126,20.00,0.500,2.829,2.971,0.222,23.42,0.27,0.0647,0.0471,0.0854,20.00,0.500,-0.575,-0.501,-0.032,23.55,0.01,0.4960,0.4769,0.7086,20.00,0.500,0.139,-0.035,0.006,23.41,0.00,0.8033,0.6905,1.2059,20.00,0.500,-2.940,-3.017,-0.231,23.28,0.26,0.0688,0.0421,0.0644,20.00,0.500,0.803,1.128,0.097,23.47,0.03,0.5003,0.4996,0.6382,20.00,0.500,0.394,0.093,0.040,23.46,-0.01,0.9267,0.7948,1.2224,20.00,0.500,3.452,3.580,0.289,23.27,0.35
1.1700,0.0831,0.0671,0.0434,20.00,0.500,-0.452,-0.482,-0.034,23.52,0.01,0.4392,0.4216,0.4554,20.00,0.500,0.097,0.873,0.041,23.44,0.00,0.9240,0.7890,0.9093,20.00,0.500,-3.752,-4.563,-0.272,23.38,0.40,0.0373,0.0266,-0.0075,20.00,0.500,-0.369,-0.138,-0.025,23.62,0.00,0.8083,0.8032,0.4929,20.00,0.500,0.081,0.027,0.006,23.56,0.00,0.6406,0.5219,1.0396,20.00,0.500,2.829,2.971,0.222,23.42,0.27,0.0655,0.0473,0.0225,20.00,0.500,-0.575,-0.501,-0.032,23.55,0.01,0.5031,0.4814,0.4509,20.00,0.500,0.139,-0.035,0.006,23.41,0.00,0.8149,0.7004,1.0022,20.00,0.500,-2.940,-3.017,-0.231,23.28,0.26,0.0697,0.0441,0.2487,20.00,0.500,0.803,1.128,0.097,23.47,0.03,0.5074,0.5051,0.5048,20.00,0.500,0.394,0.093,0.040,23.46,-0.01,0.9383,0.8047,1.0471,20.00,0.500,3.452,3.580,0.289,23.27,0.35
1.1800,0.0840,0.0681,0.1109,20.00,0.500,-0.452,-0.482,-0.034,23.52,0.01,0.4462,0.4293,0.7565,20.00,0.500,0.097,0.873,0.041,23.44,0.00,0.9355,0.7985,1.1205,20.00,0.500,-3.752,-4.563,-0.272,23.38,0.40,0.0382,0.0278,0.1034,20.00,0.500,-0.369,-0.138,-0.025,23.62,0.00,0.8154,0.8070,0.4404,20.00,0.500,0.081,0.027,0.006,23.56,0.00,0.6520,0.5315,1.1175,20.00,0.500,2.829,2.971,0.222,23.42,0.27,0.0664,0.0490,0.1693,20.00,0.500,-0.575,-0.501,-0.032,23.55,0.01,0.5102,0.4884,0.7655,20.00,0.500,0.139,-0.035,0.006,23.41,0.00,0.8263,0.7155,1.5849,20.00,0.500,-2.940,-3.017,-0.231,23.28,0.26,0.0706,0.0476,0.3745,20.00,0.500,0.803,1.128,0.097,23.47,0.03,0.5144,0.5110,0.6172,20.00,0.500,0.394,0.093,0.040,23.46,-0.01,0.9497,0.8047,1.0471,20.00,0.500,3.452,3.580,0.289,23.27,0.35
1.1900,0.0849,0.0689,0.0824,20.00,0.500,-0.452,-0.482,-0.034,23.52,0.01,0.4532,0.4379,0.8419,20.00,0.500,0.097,0.873,0.041,23.44,0.00,0.9468,0.8161,1.6703,20.00,0.500,-3.752,-4.563,-0.272,23.38,0.40,0.0390,0.0297,0.1693,20.00,0.500,-0.369,-0.138,-0.025,23.62,0.00,0.8224,0.8158,0.7670,20.00,0.500,0.081,0.027,0.006,23.56,0.00,0.6634,0.5481,1.6194,20.00,0.500,2.829,2.971,0.222,23.42,0.27,0.0673,0.0495,0.0285,20.00,0.500,-0.575,-0.501,-0.032,23.55,0.01,0.5172,0.4969,0.7565,20.00,0.500,0.139,-0.035,0.006,23.41,0.00,0.8377,0.7311,1.4995,20.00,0.500,-2.940,-3.017,-0.231,23.28,0.26,0.0714,0.0472,-0.0569,20.00,0.500,0.803,1.128,0.097,23.47,0.03,0.5214,0.5196,0.8344,20.00,0.500,0.394,0.093,0.040,23.46,-0.01,0.9611,0.8357,1.4890,20.00,0.500,3.452,3.580,0.289,23.27,0.35
1.2000,0.0857,0.0691,0.0225,20.00,0.500,-0.452,-0.482,-0.034,23.52,0.01,0.4602,0.4447,0.6726,20.00,0.500,0.097,0.873,0.041,23.44,0.00,0.9581,0.8261,0.9123,20.00,0.500,-3.752,-4.563,-0.272,23.38,0.40,0.0399,0.0296,0.0210,20.00,0.500,-0.369,-0.138,-0.025,23.62,0.00,0.8293,0.8218,0.5498,20.00,0.500,0.081,0.027,0.006,23.56,0.00,0.6747,0.5618,1.2688,20.00,0.500,2.829,2.971,0.222,23.42,0.27,0.0682,0.0494,0.0075,20.00,0.500,-0.575,-0.501,-0.032,23.55,0.01,0.5241,0.5031,0.6292,20.00,0.500,0.139,-0.035,0.006,23.41,0.00,0.8490,0.7437,1.2314,20.00,0.500,-2.940,-3.017,-0.231,23.28,0.26,0.0723,0.0475,0.0854,20.00,0.500,0.803,1.128,0.097,23.47,0.03,0.5283,0.5270,0.7445,20.00,0.500,0.394,0.093,0.040,23.46,-0.01,0.9724,0.8488,1.2973,20.00,0.500,3.452,3.580,0.289,23.27,0.35
1.2100,0.0866,0.0708,0.0719,20.00,0.500,-0.453,-0.456,-0.038,23.55,0.01,0.4671,0.4514,0.5857,20.00,0.500,0.115,0.403,-0.029,23.45,-0.01,0.9693,0.8379,1.2074,20.00,0.500,-3.668,-3.739,-0.279,23.38,0.37,0.0408,0.0301,0.0404,20.00,0.500,-0.367,-0.306,-0.026,23.64,0.01,0.8362,0.8288,0.6127,20.00,0.500,0.056,-0.051,-0.002,23.58,-0.00,0.6859,0.5732,1.1475,20.00,0.500,2.912,2.947,0.229,23.43,0.25,0.0690,0.0503,0.0764,20.00,0.500,-0.615,-0.632,-0.048,23.56,0.01,0.5310,0.5105,0.6711,20.00,0.500,0.191,0.355,0.022,23.42,0.00,0.8601,0.7551,1.1250,20.00,0.500,-2.775,-2.542,-0.222,23.28,0.25,0.0732,0.0478,0.0285,20.00,0.500,0.782,1.037,0.063,23.48,0.02,0.5352,0.5323,0.5513,20.00,0.500,0.262,-0.099,0.036,23.46,-0.01,0.9836,0.8609,1.1864,20.00,0.500,3.195,3.334,0.259,23.28,0.28
1.2200,0.0874,0.0708,0.0719,20.00,0.500,-0.453,-0.456,-0.038,23.55,0.01,0.4739,0.4557,0.4764,20.00,0.500,0.115,0.403,-0.029,23.45,-0.01,0.9804,0.8458,0.7250,20.00,0.500,-3.668,-3.739,-0.279,23.38,0.37,0.0416,0.0303,0.0045,20.00,0.500,-0.367,-0.306,-0.026,23.64,0.01,0.8430,0.8340,0.5168,20.00,0.500,0.056,-0.051,-0.002,23.58,-0.00,0.6970,0.5836,1.0052,20.00,0.500,2.912,2.947,0.229,23.43,0.25,0.0699,0.0508,0.0464,20.00,0.500,-0.615,-0.632,-0.048,23.56,0.01,0.5378,0.5140,0.3640,20.00,0.500,0.191,0.355,0.022,23.42,0.00,0.8712,0.7656,1.0546,20.00,0.500,-2.775,-2.542,-0.222,23.28,0.25,0.0740,0.0482,0.0389,20.00,0.500,0.782,1.037,0.063,23.48,0.02,0.5420,0.5372,0.4374,20.00,0.500,0.262,-0.099,0.036,23.46,-0.01,0.9946,0.8609,1.1864,20.00,0.500,3.195,3.334,0.259,23.28,0.28
1.2300,0.0883,0.0714,0.0929,20.00,0.500,-0.453,-0.456,-0.038,23.55,0.01,0.4806,0.4606,0.4239,20.00,0.500,0.115,0.403,-0.029,23.45,-0.01,0.9914,0.8562,1.2344,20.00,0.500,-3.668,-3.739,-0.279,23.38,0.37,0.0425,0.0307,0.0494,20.00,0.500,-0.367,-0.306,-0.026,23.64,0.01,0.8498,0.8393,0.5168,20.00,0.500,0.056,-0.051,-0.002,23.58,-0.00,0.7079,0.5942,1.1205,20.00,0.500,2.912,2.947,0.229,23.43,0.25,0.0707,0.0519,0.0944,20.00,0.500,-0.615,-0.632,-0.048,23.56,0.01,0.5446,0.5223,0.8719,20.00,0.500,0.191,0.355,0.022,23.42,0.00,0.8822,0.7795,1.4636,20.00,0.500,-2.775,-2.542,-0.222,23.28,0.25,0.0749,0.0511,0.2502,20.00,0.500,0.782,1.037,0.063,23.48,0.02,0.5488,0.5422,0.5513,20.00,0.500,0.262,-0.099,0.036,23.46,-0.01,1.0056,0.8713,1.0651,20.00,0.500,3.195,3.334,0.259,23.28,0.28
1.2400,0.0891,0.0724,0.0734,20.00,0.500,-0.453,-0.456,-0.038,23.55,0.01,0.4873,0.4668,0.6666,20.00,0.500,0.115,0.403,-0.029,23.45,-0.01,1.0022,0.8747,1.6568,20.00,0.500,-3.668,-3.739,-0.279,23.38,0.37,0.0433,0.0315,0.0569,20.00,0.500,-0.367,-0.306,-0.026,23.64,0.01,0.8565,0.8461,0.7235,20.00,0.500,0.056,-0.051,-0.002,23.58,-0.00,0.7188,0.6093,1.4860,20.00,0.500,2.912,2.947,0.229,23.43,0.25,0.0716,0.0520,-0.0210,20.00,0.500,-0.615,-0.632,-0.048,23.56,0.01,0.5513,0.5293,0.6097,20.00,0.500,0.191,0.355,0.022,23.42,0.00,0.8931,0.7944,1.4426,20.00,0.500,-2.775,-2.542,-0.222,23.28,0.25,0.0757,0.0518,0.1124,20.00,0.500,0.782,1.037,0.063,23.48,0.02,0.5555,0.5509,0.8254,20.00,0.500,0.262,-0.099,0.036,23.46,-0.01,1.0165,0.9005,1.3362,20.00,0.500,3.195,3.334,0.259,23.28,0.28
1.2500,0.0899,0.0750,0.1888,20.00,0.500,-0.453,-0.456,-0.038,23.55,0.01,0.4940,0.4734,0.6307,20.00,0.500,0.115,0.403,-0.029,23.45,-0.01,1.0130,0.8821,0.7191,20.00,0.500,-3.668,-3.739,-0.279,23.38,0.37,0.0441,0.0314,0.0090,20.00,0.500,-0.367,-0.306,-0.026,23.64,0.01,0.8631,0.8525,0.6142,20.00,0.500,0.056,-0.051,-0.002,23.58,-0.00,0.7296,0.6227,1.2748,20.00,0.500,2.912,2.947,0.229,23.43,0.25,0.0724,0.0524,0.0569,20.00,0.500,-0.615,-0.632,-0.048,23.56,0.01,0.5579,0.5350,0.6187,20.00,0.500,0.191,0.355,0.022,23.42,0.00,0.9039,0.8062,1.1475,20.00,0.500,-2.775,-2.542,-0.222,23.28,0.25,0.0765,0.0521,0.0285,20.00,0.500,0.782,1.037,0.063,23.48,0.02,0.5621,0.5582,0.7206,20.00,0.500,0.262,-0.099,0.036,23.46,-0.01,1.0273,0.9117,1.1864,20.00,0.500,3.195,3.334,0.259,23.28,0.28
1.2600,0.0908,0.0770,0.2427,20.00,0.500,-0.360,-0.342,-0.041,23.54,0.00,0.5005,0.4799,0.7161,20.00,0.500,0.349,0.633,-0.001,23.47,0.02,1.0237,0.8941,1.3168,20.00,0.500,-3.453,-2.810,-0.197,23.40,0.27,0.0449,0.0320,0.0300,20.00,0.500,-0.452,-0.378,-0.022,23.65,0.01,0.8697,0.8595,0.6786,20.00,0.500,0.048,-0.356,-0.006,23.59,-0.00,0.7402,0.6323,0.9707,20.00,0.500,2.811,2.650,0.191,23.44,0.24,0.0732,0.0534,0.1049,20.00,0.500,-0.634,-0.640,-0.045,23.57,0.01,0.5644,0.5420,0.6546,20.00,0.500,0.302,0.344,0.030,23.46,0.01,0.9145,0.8177,1.1505,20.00,0.500,-2.431,-2.574,-0.190,23.30,0.20,0.0774,0.0531,0.1213,20.00,0.500,0.644,0.602,0.054,23.50,0.01,0.5687,0.5620,0.4374,20.00,0.500,0.077,-0.013,-0.039,23.49,-0.00,1.0379,0.9242,1.1730,20.00,0.500,2.899,3.013,0.223,23.30,0.24
1.2700,0.0916,0.0770,0.2427,20.00,0.500,-0.360,-0.342,-0.041,23.54,0.00,0.5070,0.4833,0.2232,20.00,0.500,0.349,0.633,-0.001,23.47,0.02,1.0342,0.9033,0.7880,20.00,0.500,-3.453,-2.810,-0.197,23.40,0.27,0.0458,0.0320,0.0030,20.00,0.500,-0.452,-0.378,-0.022,23.65,0.01,0.8761,0.8630,0.3595,20.00,0.500,0.048,-0.356,-0.006,23.59,-0.00,0.7508,0.6425,1.0576,20.00,0.500,2.811,2.650,0.191,23.44,0.24,0.0740,0.0551,0.1498,20.00,0.500,-0.634,-0.640,-0.045,23.57,0.01,0.5709,0.5452,0.2966,20.00,0.500,0.302,0.344,0.030,23.46,0.01,0.9250,0.8270,0.9048,20.00,0.500,-2.431,-2.574,-0.190,23.30,0.20,0.0782,0.0541,0.0689,20.00,0.500,0.644,0.602,0.054,23.50,0.01,0.5752,0.5672,0.4794,20.00,0.500,0.077,-0.013,-0.039,23.49,-0.00,1.0485,0.9242,1.1730,20.00,0.500,2.899,3.013,0.223,23.30,0.24
1.2800,0.0924,0.0776,0.0434,20.00,0.500,-0.360,-0.342,-0.041,23.54,0.00,0.5134,0.4902,0.7385,20.00,0.500,0.349,0.633,-0.001,23.47,0.02,1.0446,0.9120,1.0846,20.00,0.500,-3.453,-2.810,-0.197,23.40,0.27,0.0466,0.0329,0.1318,20.00,0.500,-0.452,-0.378,-0.022,23.65,0.01,0.8825,0.8695,0.6831,20.00,0.500,0.048,-0.356,-0.006,23.59,-0.00,0.7612,0.6530,1.0786,20.00,0.500,2.811,2.650,0.191,23.44,0.24,0.0748,0.0562,0.1094,20.00,0.500,-0.634,-0.640,-0.045,23.57,0.01,0.5773,0.5519,0.7400,20.00,0.500,0.302,0.344,0.030,23.46,0.01,0.9355,0.8391,1.3153,20.00,0.500,-2.431,-2.574,-0.190,23.30,0.20,0.0790,0.0561,0.2172,20.00,0.500,0.644,0.602,0.054,23.50,0.01,0.5816,0.5715,0.4958,20.00,0.500,0.077,-0.013,-0.039,23.49,-0.00,1.0589,0.9326,0.8299,20.00,0.500,2.899,3.013,0.223,23.30,0.24
1.2900,0.0932,0.0781,0.0674,20.00,0.500,-0.360,-0.342,-0.041,23.54,0.00,0.5197,0.4988,0.7925,20.00,0.500,0.349,0.633,-0.001,23.47,0.02,1.0549,0.9298,1.6853,20.00,0.500,-3.453,-2.810,-0.197,23.40,0.27,0.0473,0.0338,0.0644,20.00,0.500,-0.452,-0.378,-0.022,23.65,0.01,0.8889,0.8748,0.4958,20.00,0.500,0.048,-0.356,-0.006,23.59,-0.00,0.7715,0.6656,1.2643,20.00,0.500,2.811,2.650,0.191,23.44,0.24,0.0756,0.0564,-0.0060,20.00,0.500,-0.634,-0.640,-0.045,23.57,0.01,0.5837,0.5599,0.7250,20.00,0.500,0.302,0.344,0.030,23.46,0.01,0.9457,0.8537,1.3842,20.00,0.500,-2.431,-2.574,-0.190,23.30,0.20,0.0798,0.0555,-0.0704,20.00,0.500,0.644,0.602,0.054,23.50,0.01,0.5879,0.5766,0.5648,20.00,0.500,0.077,-0.013,-0.039,23.49,-0.00,1.0692,0.9605,1.1715,20.00,0.500,2.899,3.013,0.223,23.30,0.24
1.3000,0.0940,0.0794,-0.0090,20.00,0.500,-0.360,-0.342,-0.041,23.54,0.00,0.5260,0.5054,0.6307,20.00,0.500,0.349,0.633,-0.001,23.47,0.02,1.0651,0.9398,0.9183,20.00,0.500,-3.453,-2.810,-0.197,23.40,0.27,0.0481,0.0340,0.0225,20.00,0.500,-0.452,-0.378,-0.022,23.65,0.01,0.8951,0.8791,0.3835,20.00,0.500,0.048,-0.356,-0.006,23.59,-0.00,0.7816,0.6791,1.3153,20.00,0.500,2.811,2.650,0.191,23.44,0.24,0.0764,0.0564,0.0404,20.00,0.500,-0.634,-0.640,-0.045,23.57,0.01,0.5899,0.5644,0.4389,20.00,0.500,0.302,0.344,0.030,23.46,0.01,0.9559,0.8653,1.1400,20.00,0.500,-2.431,-2.574,-0.190,23.30,0.20,0.0805,0.0557,0.0075,20.00,0.500,0.644,0.602,0.054,23.50,0.01,0.5942,0.5846,0.6981,20.00,0.500,0.077,-0.013,-0.039,23.49,-0.00,1.0793,0.9701,1.0127,20.00,0.500,2.899,3.013,0.223,23.30,0.24
1.3100,0.0947,0.0798,0.0419,20.00,0.500,-0.480,-0.466,-0.043,23.55,0.01,0.5322,0.5108,0.5258,20.00,0.500,0.381,0.514,0.040,23.47,0.01,1.0751,0.9593,0.6262,20.00,0.500,-3.399,-3.432,-0.299,23.41,0.39,0.0489,0.0345,0.0389,20.00,0.500,-0.468,-0.727,-0.035,23.67,0.01,0.9013,0.8900,0.5303,20.00,0.500,-0.284,-0.524,-0.023,23.59,-0.00,0.7917,0.6943,0.6292,20.00,0.500,2.798,3.146,0.222,23.45,0.19,0.0772,0.0570,0.0419,20.00,0.500,-0.652,-0.654,-0.057,23.58,0.01,0.5961,0.5703,0.6052,20.00,0.500,0.453,0.562,0.044,23.45,0.02,0.9659,0.8769,1.1535,20.00,0.500,-2.191,-2.558,-0.172,23.30,0.18,0.0813,0.0560,0.0315,20.00,0.500,0.775,0.762,0.061,23.50,0.02,0.6003,0.5898,0.5932,20.00,0.500,-0.003,-0.389,-0.024,23.49,-0.00,1.0893,0.9818,1.1011,20.00,0.500,2.746,2.802,0.216,23.30,0.23
1.3200,0.0955,0.0798,0.0419,20.00,0.500,-0.480,-0.466,-0.043,23.55,0.01,0.5382,0.5145,0.3401,20.00,0.500,0.381,0.514,0.040,23.47,0.01,1.0850,0.9593,0.6262,20.00,0.500,-3.399,-3.432,-0.299,23.41,0.39,0.0497,0.0346,0.0015,20.00,0.500,-0.468,-0.727,-0.035,23.67,0.01,0.9074,0.8900,0.5303,20.00,0.500,-0.284,-0.524,-0.023,23.59,-0.00,0.8016,0.6943,0.6292,20.00,0.500,2.798,3.146,0.222,23.45,0.19,0.0779,0.0570,0.0255,20.00,0.500,-0.652,-0.654,-0.057,23.58,0.01,0.6022,0.5750,0.4299,20.00,0.500,0.453,0.562,0.044,23.45,0.02,0.9758,0.8769,1.1535,20.00,0.500,-2.191,-2.558,-0.172,23.30,0.18,0.0821,0.0560,0.0315,20.00,0.500,0.775,0.762,0.061,23.50,0.02,0.6064,0.5920,0.1828,20.00,0.500,-0.003,-0.389,-0.024,23.49,-0.00,1.0992,0.9818,1.1011,20.00,0.500,2.746,2.802,0.216,23.30,0.23
1.3300,0.0962,0.0802,0.0599,20.00,0.500,-0.480,-0.466,-0.043,23.55,0.01,0.5442,0.5179,0.4479,20.00,0.500,0.381,0.514,0.040,23.47,0.01,1.0947,0.9676,1.0112,20.00,0.500,-3.399,-3.432,-0.299,23.41,0.39,0.0504,0.0363,0.1962,20.00,0.500,-0.468,-0.727,-0.035,23.67,0.01,0.9134,0.8938,0.4075,20.00,0.500,-0.284,-0.524,-0.023,23.59,-0.00,0.8113,0.7069,1.3422,20.00,0.500,2.798,3.146,0.222,23.45,0.19,0.0787,0.0582,0.1318,20.00,0.500,-0.652,-0.654,-0.057,23.58,0.01,0.6082,0.5799,0.5558,20.00,0.500,0.453,0.562,0.044,23.45,0.02,0.9856,0.8969,1.2673,20.00,0.500,-2.191,-2.558,-0.172,23.30,0.18,0.0828,0.0573,0.0809,20.00,0.500,0.775,0.762,0.061,23.50,0.02,0.6124,0.5946,0.3251,20.00,0.500,-0.003,-0.389,-0.024,23.49,-0.00,1.1090,1.0023,1.4052,20.00,0.500,2.746,2.802,0.216,23.30,0.23
1.3400,0.0970,0.0809,0.0584,20.00,0.500,-0.480,-0.466,-0.043,23.55,0.01,0.5502,0.5264,0.7970,20.00,0.500,0.381,0.514,0.040,23.47,0.01,1.1043,0.9851,1.6329,20.00,0.500,-3.399,-3.432,-0.299,23.41,0.39,0.0512,0.0359,-0.0689,20.00,0.500,-0.468,-0.727,-0.035,23.67,0.01,0.9193,0.9017,0.7700,20.00,0.500,-0.284,-0.524,-0.023,23.59,-0.00,0.8209,0.7213,1.2853,20.00,0.500,2.798,3.146,0.222,23.45,0.19,0.0794,0.0590,0.0389,20.00,0.500,-0.652,-0.654,-0.057,23.58,0.01,0.6141,0.5868,0.6681,20.00,0.500,0.453,0.562,0.044,23.45,0.02,0.9952,0.9102,1.2538,20.00,0.500,-2.191,-2.558,-0.172,23.30,0.18,0.0836,0.0581,0.0884,20.00,0.500,0.775,0.762,0.061,23.50,0.02,0.6183,0.6027,0.7984,20.00,0.500,-0.003,-0.389,-0.024,23.49,-0.00,1.1186,1.0023,1.4052,20.00,0.500,2.746,2.802,0.216,23.30,0.23
1.3500,0.0977,0.0809,0.0000,20.00,0.500,-0.480,-0.466,-0.043,23.55,0.01,0.5560,0.5318,0.5348,20.00,0.500,0.381,0.514,0.040,23.47,0.01,1.1138,0.9940,0.8404,20.00,0.500,-3.399,-3.432,-0.299,23.41,0.39,0.0519,0.0366,0.1004,20.00,0.500,-0.468,-0.727,-0.035,23.67,0.01,0.9251,0.9038,0.2157,20.00,0.500,-0.284,-0.524,-0.023,23.59,-0.00,0.8304,0.7302,0.9512,20.00,0.500,2.798,3.146,0.222,23.45,0.19,0.0801,0.0590,0.0195,20.00,0.500,-0.652,-0.654,-0.057,23.58,0.01,0.6199,0.5916,0.4779,20.00,0.500,0.453,0.562,0.044,23.45,0.02,1.0046,0.9197,0.9587,20.00,0.500,-2.191,-2.558,-0.172,23.30,0.18,0.0843,0.0588,0.0914,20.00,0.500,0.775,0.762,0.061,23.50,0.02,0.6241,0.6095,0.6711,20.00,0.500,-0.003,-0.389,-0.024,23.49,-0.00,1.1280,1.0257,0.9722,20.00,0.500,2.746,2.802,0.216,23.30,0.23
1.3600,0.0984,0.0810,0.0195,20.00,0.500,-0.533,-0.575,-0.043,23.57,0.01,0.5617,0.5371,0.4884,20.00,0.500,0.438,0.246,0.015,23.49,0.02,1.1231,1.0041,1.1040,20.00,0.500,-3.266,-3.409,-0.211,23.41,0.28,0.0526,0.0369,0.0240,20.00,0.500,-0.529,-0.536,-0.040,23.67,0.01,0.9308,0.9090,0.5857,20.00,0.500,-0.343,-0.559,-0.027,23.61,0.01,0.8397,0.7415,1.0951,20.00,0.500,2.432,2.527,0.189,23.47,0.20,0.0809,0.0598,0.0794,20.00,0.500,-0.668,-0.478,-0.057,23.59,0.01,0.6256,0.5970,0.4869,20.00,0.500,0.599,0.505,0.048,23.48,0.02,1.0139,0.9312,1.1250,20.00,0.500,-1.976,-2.259,-0.150,23.32,0.15,0.0850,0.0598,0.0824,20.00,0.500,0.719,1.022,0.027,23.52,0.01,0.6299,0.6160,0.5123,20.00,0.500,-0.238,-0.219,-0.039,23.49,-0.00,1.1374,1.0366,1.0306,20.00,0.500,2.577,2.667,0.212,23.31,0.19
1.3700,0.0991,0.0810,0.0195,20.00,0.500,-0.533,-0.575,-0.043,23.57,0.01,0.5673,0.5407,0.3535,20.00,0.500,0.438,0.246,0.015,23.49,0.02,1.1323,1.0135,0.8134,20.00,0.500,-3.266,-3.409,-0.211,23.41,0.28,0.0533,0.0371,0.0300,20.00,0.500,-0.529,-0.536,-0.040,23.67,0.01,0.9365,0.9122,0.2397,20.00,0.500,-0.343,-0.559,-0.027,23.61,0.01,0.8488,0.7484,0.6187,20.00,0.500,2.432,2.527,0.189,23.47,0.20,0.0816,0.0605,0.0974,20.00,0.500,-0.668,-0.478,-0.057,23.59,0.01,0.6313,0.6007,0.3565,20.00,0.500,0.599,0.505,0.048,23.48,0.02,1.0231,0.9399,0.8179,20.00,0.500,-1.976,-2.259,-0.150,23.32,0.15,0.0857,0.0607,0.0674,20.00,0.500,0.719,1.022,0.027,23.52,0.01,0.6355,0.6192,0.3925,20.00,0.500,-0.238,-0.219,-0.039,23.49,-0.00,1.1465,1.0366,1.0306,20.00,0.500,2.577,2.667,0.212,23.31,0.19
1.3800,0.0998,0.0818,0.0659,20.00,0.500,-0.533,-0.575,-0.043,23.57,0.01,0.5729,0.5480,0.7880,20.00,0.500,0.438,0.246,0.015,23.49,0.02,1.1413,1.0203,0.8464,20.00,0.500,-3.266,-3.409,-0.211,23.41,0.28,0.0540,0.0390,0.2142,20.00,0.500,-0.529,-0.536,-0.040,23.67,0.01,0.9420,0.9165,0.5318,20.00,0.500,-0.343,-0.559,-0.027,23.61,0.01,0.8578,0.7563,0.9018,20.00,0.500,2.432,2.527,0.189,23.47,0.20,0.0823,0.0622,0.1678,20.00,0.500,-0.668,-0.478,-0.057,23.59,0.01,0.6368,0.6082,0.7655,20.00,0.500,0.599,0.505,0.048,23.48,0.02,1.0321,0.9508,1.1879,20.00,0.500,-1.976,-2.259,-0.150,23.32,0.15,0.0864,0.0611,0.0479,20.00,0.500,0.719,1.022,0.027,23.52,0.01,0.6410,0.6249,0.4599,20.00,0.500,-0.238,-0.219,-0.039,23.49,-0.00,1.1555,1.0559,1.2374,20.00,0.500,2.577,2.667,0.212,23.31,0.19
1.3900,0.1005,0.0818,0.0659,20.00,0.500,-0.533,-0.575,-0.043,23.57,0.01,0.5783,0.5557,0.7565,20.00,0.500,0.438,0.246,0.015,23.49,0.02,1.1501,1.0354,1.5295,20.00,0.500,-3.266,-3.409,-0.211,23.41,0.28,0.0547,0.0390,-0.0345,20.00,0.500,-0.529,-0.536,-0.040,23.67,0.01,0.9475,0.9245,0.7041,20.00,0.500,-0.343,-0.559,-0.027,23.61,0.01,0.8667,0.7688,1.2269,20.00,0.500,2.432,2.527,0.189,23.47,0.20,0.0829,0.0637,0.1333,20.00,0.500,-0.668,-0.478,-0.057,23.59,0.01,0.6422,0.6134,0.3985,20.00,0.500,0.599,0.505,0.048,23.48,0.02,1.0409,0.9637,1.1864,20.00,0.500,-1.976,-2.259,-0.150,23.32,0.15,0.0871,0.0613,0.0240,20.00,0.500,0.719,1.022,0.027,23.52,0.01,0.6465,0.6304,0.6022,20.00,0.500,-0.238,-0.219,-0.039,23.49,-0.00,1.1644,1.0559,1.2374,20.00,0.500,2.577,2.667,0.212,23.31,0.19
1.4000,0.1012,0.0833,0.1543,20.00,0.500,-0.533,-0.575,-0.043,23.57,0.01,0.5837,0.5600,0.3790,20.00,0.500,0.438,0.246,0.015,23.49,0.02,1.1588,1.0455,0.8284,20.00,0.500,-3.266,-3.409,-0.211,23.41,0.28,0.0553,0.0395,0.0434,20.00,0.500,-0.529,-0.536,-0.040,23.67,0.01,0.9528,0.9271,0.3326,20.00,0.500,-0.343,-0.559,-0.027,23.61,0.01,0.8754,0.7790,0.9917,20.00,0.500,2.432,2.527,0.189,23.47,0.20,0.0836,0.0654,0.1738,20.00,0.500,-0.668,-0.478,-0.057,23.59,0.01,0.6476,0.6188,0.6157,20.00,0.500,0.599,0.505,0.048,23.48,0.02,1.0496,0.9734,0.9483,20.00,0.500,-1.976,-2.259,-0.150,23.32,0.15,0.0877,0.0614,0.0045,20.00,0.500,0.719,1.022,0.027,23.52,0.01,0.6518,0.6365,0.5932,20.00,0.500,-0.238,-0.219,-0.039,23.49,-0.00,1.1730,1.0777,0.9872,20.00,0.500,2.577,2.667,0.212,23.31,0.19
1.4100,0.1018,0.0852,0.1213,20.00,0.500,-0.475,-0.451,-0.032,23.58,0.01,0.5889,0.5651,0.5108,20.00,0.500,0.550,0.745,0.063,23.51,0.01,1.1673,1.0633,1.0576,20.00,0.500,-3.431,-3.542,-0.271,23.42,0.29,0.0560,0.0393,-0.0135,20.00,0.500,-0.595,-0.670,-0.046,23.69,0.01,0.9580,0.9339,-0.0060,20.00,0.500,-0.427,-0.563,-0.037,23.61,0.02,0.8839,0.7946,0.5663,20.00,0.500,2.533,2.284,0.183,23.46,0.18,0.0843,0.0656,0.0195,20.00,0.500,-0.607,-0.777,-0.042,23.61,0.01,0.6528,0.6248,0.5812,20.00,0.500,0.539,0.619,0.047,23.48,0.02,1.0581,0.9834,0.9842,20.00,0.500,-1.886,-1.497,-0.151,23.34,0.13,0.0884,0.0615,0.0345,20.00,0.500,0.830,0.509,0.058,23.54,0.02,0.6571,0.6398,0.3416,20.00,0.500,-0.457,-0.412,-0.030,23.50,0.01,1.1816,1.0878,0.9378,20.00,0.500,2.418,2.540,0.197,23.33,0.16
1.4200,0.1025,0.0852,0.1213,20.00,0.500,-0.475,-0.451,-0.032,23.58,0.01,0.5940,0.5681,0.2532,20.00,0.500,0.550,0.745,0.063,23.51,0.01,1.1756,1.0633,1.0576,20.00,0.500,-3.431,-3.542,-0.271,23.42,0.29,0.0566,0.0398,0.0539,20.00,0.500,-0.595,-0.670,-0.046,23.69,0.01,0.9632,0.9339,-0.0060,20.00,0.500,-0.427,-0.563,-0.037,23.61,0.02,0.8922,0.7946,0.5663,20.00,0.500,2.533,2.284,0.183,23.46,0.18,0.0849,0.0662,0.0779,20.00,0.500,-0.607,-0.777,-0.042,23.61,0.01,0.6580,0.6281,0.3520,20.00,0.500,0.539,0.619,0.047,23.48,0.02,1.0665,0.9834,0.9842,20.00,0.500,-1.886,-1.497,-0.151,23.34,0.13,0.0890,0.0615,0.0345,20.00,0.500,0.830,0.509,0.058,23.54,0.02,0.6622,0.6452,0.6442,20.00,0.500,-0.457,-0.412,-0.030,23.50,0.01,1.1899,1.0878,0.9378,20.00,0.500,2.418,2.540,0.197,23.33,0.16
1.4300,0.1031,0.0857,0.0255,20.00,0.500,-0.475,-0.451,-0.032,23.58,0.01,0.5991,0.5726,0.4629,20.00,0.500,0.550,0.745,0.063,23.51,0.01,1.1838,1.0727,0.8898,20.00,0.500,-3.431,-3.542,-0.271,23.42,0.29,0.0573,0.0400,0.0195,20.00,0.500,-0.595,-0.670,-0.046,23.69,0.01,0.9682,0.9381,0.5483,20.00,0.500,-0.427,-0.563,-0.037,23.61,0.02,0.9004,0.8029,0.9003,20.00,0.500,2.533,2.284,0.183,23.46,0.18,0.0855,0.0679,0.1618,20.00,0.500,-0.607,-0.777,-0.042,23.61,0.01,0.6630,0.6328,0.5033,20.00,0.500,0.539,0.619,0.047,23.48,0.02,1.0747,1.0017,1.0366,20.00,0.500,-1.886,-1.497,-0.151,23.34,0.13,0.0897,0.0627,0.0704,20.00,0.500,0.830,0.509,0.058,23.54,0.02,0.6672,0.6495,0.3026,20.00,0.500,-0.457,-0.412,-0.030,23.50,0.01,1.1981,1.0948,0.7595,20.00,0.500,2.418,2.540,0.197,23.33,0.16
1.4400,0.1037,0.0859,0.0404,20.00,0.500,-0.475,-0.451,-0.032,23.58,0.01,0.6040,0.5784,0.5932,20.00,0.500,0.550,0.745,0.063,23.51,0.01,1.1918,1.0822,0.9767,20.00,0.500,-3.431,-3.542,-0.271,23.42,0.29,0.0579,0.0399,-0.0060,20.00,0.500,-0.595,-0.670,-0.046,23.69,0.01,0.9731,0.9458,0.6561,20.00,0.500,-0.427,-0.563,-0.037,23.61,0.02,0.9084,0.8151,1.1490,20.00,0.500,2.533,2.284,0.183,23.46,0.18,0.0861,0.0684,0.0210,20.00,0.500,-0.607,-0.777,-0.042,23.61,0.01,0.6679,0.6380,0.4914,20.00,0.500,0.539,0.619,0.047,23.48,0.02,1.0827,1.0126,1.0306,20.00,0.500,-1.886,-1.497,-0.151,23.34,0.13,0.0903,0.0635,0.0749,20.00,0.500,0.830,0.509,0.058,23.54,0.02,0.6722,0.6545,0.5917,20.00,0.500,-0.457,-0.412,-0.030,23.50,0.01,1.2061,1.1166,1.0411,20.00,0.500,2.418,2.540,0.197,23.33,0.16
1.4500,0.1043,0.0864,-0.0060,20.00,0.500,-0.475,-0.451,-0.032,23.58,0.01,0.6088,0.5827,0.3610,20.00,0.500,0.550,0.745,0.063,23.51,0.01,1.1997,1.0945,1.1340,20.00,0.500,-3.431,-3.542,-0.271,23.42,0.29,0.0585,0.0400,0.0045,20.00,0.500,-0.595,-0.670,-0.046,23.69,0.01,0.9780,0.9494,0.4419,20.00,0.500,-0.427,-0.563,-0.037,23.61,0.02,0.9163,0.8226,0.6681,20.00,0.500,2.533,2.284,0.183,23.46,0.18,0.0867,0.0684,0.0120,20.00,0.500,-0.607,-0.777,-0.042,23.61,0.01,0.6728,0.6421,0.4015,20.00,0.500,0.539,0.619,0.047,23.48,0.02,1.0905,1.0211,0.8554,20.00,0.500,-1.886,-1.497,-0.151,23.34,0.13,0.0909,0.0635,-0.0045,20.00,0.500,0.830,0.509,0.058,23.54,0.02,0.6770,0.6591,0.3520,20.00,0.500,-0.457,-0.412,-0.030,23.50,0.01,1.2139,1.1242,0.7490,20.00,0.500,2.418,2.540,0.197,23.33,0.16
1.4600,0.1049,0.0868,0.0300,20.00,0.500,-0.575,-0.720,-0.041,23.59,0.01,0.6135,0.5863,0.4389,20.00,0.500,0.740,1.262,0.100,23.52,0.03,1.2073,1.1009,0.5333,20.00,0.500,-3.154,-3.194,-0.249,23.42,0.18,0.0591,0.0400,0.0120,20.00,0.500,-0.675,-0.589,-0.051,23.70,0.01,0.9827,0.9539,0.4419,20.00,0.500,-0.712,-0.636,-0.042,23.62,0.03,0.9239,0.8290,0.7250,20.00,0.500,2.539,2.682,0.165,23.47,0.19,0.0873,0.0689,0.0689,20.00,0.500,-0.619,-0.641,-0.046,23.62,0.01,0.6775,0.6451,0.2861,20.00,0.500,0.858,0.753,0.046,23.50,0.03,1.0982,1.0293,0.7880,20.00,0.500,-1.812,-1.862,-0.130,23.34,0.11,0.0915,0.0639,0.0360,20.00,0.500,0.847,0.536,0.059,23.54,0.02,0.6817,0.6626,0.3595,20.00,0.500,-0.313,-0.231,-0.026,23.52,0.01,1.2216,1.1315,0.7101,20.00,0.500,2.449,2.515,0.205,23.34,0.16
1.4700,0.1055,0.0868,0.0300,20.00,0.500,-0.575,-0.720,-0.041,23.59,0.01,0.6182,0.5898,0.2442,20.00,0.500,0.740,1.262,0.100,23.52,0.03,1.2148,1.1061,0.5812,20.00,0.500,-3.154,-3.194,-0.249,23.42,0.18,0.0597,0.0406,0.0734,20.00,0.500,-0.675,-0.589,-0.051,23.70,0.01,0.9873,0.9558,0.0659,20.00,0.500,-0.712,-0.636,-0.042,23.62,0.03,0.9314,0.8373,0.8104,20.00,0.500,2.539,2.682,0.165,23.47,0.19,0.0879,0.0696,0.0644,20.00,0.500,-0.619,-0.641,-0.046,23.62,0.01,0.6821,0.6478,0.3281,20.00,0.500,0.858,0.753,0.046,23.50,0.03,1.1057,1.0357,0.6397,20.00,0.500,-1.812,-1.862,-0.130,23.34,0.11,0.0921,0.0647,0.0989,20.00,0.500,0.847,0.536,0.059,23.54,0.02,0.6863,0.6664,0.3356,20.00,0.500,-0.313,-0.231,-0.026,23.52,0.01,1.2291,1.1315,0.7101,20.00,0.500,2.449,2.515,0.205,23.34,0.16
1.4800,0.1060,0.0874,0.0704,20.00,0.500,-0.575,-0.720,-0.041,23.59,0.01,0.6227,0.5923,0.3071,20.00,0.500,0.740,1.262,0.100,23.52,0.03,1.2221,1.1159,1.1115,20.00,0.500,-3.154,-3.194,-0.249,23.42,0.18,0.0602,0.0417,0.0794,20.00,0.500,-0.675,-0.589,-0.051,23.70,0.01,0.9918,0.9591,0.4389,20.00,0.500,-0.712,-0.636,-0.042,23.62,0.03,0.9387,0.8462,0.9378,20.00,0.500,2.539,2.682,0.165,23.47,0.19,0.0885,0.0702,0.0464,20.00,0.500,-0.619,-0.641,-0.046,23.62,0.01,0.6866,0.6526,0.4854,20.00,0.500,0.858,0.753,0.046,23.50,0.03,1.1130,1.0453,1.0187,20.00,0.500,-1.812,-1.862,-0.130,23.34,0.11,0.0926,0.0651,0.0030,20.00,0.500,0.847,0.536,0.059,23.54,0.02,0.6908,0.6688,0.2412,20.00,0.500,-0.313,-0.231,-0.026,23.52,0.01,1.2364,1.1383,0.6786,20.00,0.500,2.449,2.515,0.205,23.34,0.16
1.4900,0.1066,0.0882,0.0644,20.00,0.500,-0.575,-0.720,-0.041,23.59,0.01,0.6270,0.5992,0.6801,20.00,0.500,0.740,1.262,0.100,23.52,0.03,1.2293,1.1270,0.9258,20.00,0.500,-3.154,-3.194,-0.249,23.42,0.18,0.0608,0.0414,0.0195,20.00,0.500,-0.675,-0.589,-0.051,23.70,0.01,0.9962,0.9655,0.6052,20.00,0.500,-0.712,-0.636,-0.042,23.62,0.03,0.9458,0.8549,0.7460,20.00,0.500,2.539,2.682,0.165,23.47,0.19,0.0890,0.0699,-0.0225,20.00,0.500,-0.619,-0.641,-0.046,23.62,0.01,0.6910,0.6567,0.3685,20.00,0.500,0.858,0.753,0.046,23.50,0.03,1.1201,1.0543,0.7999,20.00,0.500,-1.812,-1.862,-0.130,23.34,0.11,0.0932,0.0654,0.0345,20.00,0.500,0.847,0.536,0.059,23.54,0.02,0.6952,0.6716,0.2352,20.00,0.500,-0.313,-0.231,-0.026,23.52,0.01,1.2435,1.1474,0.9602,20.00,0.500,2.449,2.515,0.205,23.34,0.16
1.5000,0.1071,0.0884,0.0150,20.00,0.500,-0.575,-0.720,-0.041,23.59,0.01,0.6313,0.6036,0.4075,20.00,0.500,0.740,1.262,0.100,23.52,0.03,1.2362,1.1321,0.5648,20.00,0.500,-3.154,-3.194,-0.249,23.42,0.18,0.0613,0.0427,0.1183,20.00,0.500,-0.675,-0.589,-0.051,23.70,0.01,1.0005,0.9654,-0.0015,20.00,0.500,-0.712,-0.636,-0.042,23.62,0.03,0.9528,0.8608,0.6097,20.00,0.500,2.539,2.682,0.165,23.47,0.19,0.0896,0.0704,0.0404,20.00,0.500,-0.619,-0.641,-0.046,23.62,0.01,0.6952,0.6606,0.4135,20.00,0.500,0.858,0.753,0.046,23.50,0.03,1.1271,1.0609,0.6382,20.00,0.500,-1.812,-1.862,-0.130,23.34,0.11,0.0937,0.0651,-0.0270,20.00,0.500,0.847,0.536,0.059,23.54,0.02,0.6995,0.6782,0.6891,20.00,0.500,-0.313,-0.231,-0.026,23.52,0.01,1.2505,1.1558,0.8029,20.00,0.500,2.449,2.515,0.205,23.34,0.16
1.5100,0.1076,0.0889,0.0180,20.00,0.500,-0.538,-0.484,-0.038,23.59,0.01,0.6355,0.6075,0.4554,20.00,0.500,0.796,1.916,0.055,23.51,0.05,1.2430,1.1496,0.8689,20.00,0.500,-3.036,-2.630,-0.190,23.40,0.27,0.0618,0.0431,0.0375,20.00,0.500,-0.624,-0.618,-0.057,23.68,0.01,1.0046,0.9731,0.4869,20.00,0.500,-1.054,-0.867,-0.075,23.62,0.04,0.9595,0.8755,0.5648,20.00,0.500,2.361,2.525,0.185,23.47,0.19,0.0901,0.0704,0.0045,20.00,0.500,-0.685,-0.536,-0.082,23.62,0.01,0.6994,0.6641,0.3430,20.00,0.500,0.917,0.827,0.067,23.50,0.03,1.1338,1.0679,0.7176,20.00,0.500,-1.790,-1.707,-0.128,23.34,0.13,0.0942,0.0652,0.0135,20.00,0.500,0.923,1.441,0.058,23.54,0.02,0.7036,0.6808,0.1124,20.00,0.500,-0.824,-0.728,-0.078,23.51,0.01,1.2572,1.1725,0.8254,20.00,0.500,2.198,2.279,0.176,23.33,0.15
1.5200,0.1081,0.0889,0.0180,20.00,0.500,-0.538,-0.484,-0.038,23.59,0.01,0.6395,0.6125,0.5303,20.00,0.500,0.796,1.916,0.055,23.51,0.05,1.2496,1.1496,0.8689,20.00,0.500,-3.036,-2.630,-0.190,23.40,0.27,0.0623,0.0447,0.1858,20.00,0.500,-0.624,-0.618,-0.057,23.68,0.01,1.0087,0.9731,0.4869,20.00,0.500,-1.054,-0.867,-0.075,23.62,0.04,0.9661,0.8755,0.5648,20.00,0.500,2.361,2.525,0.185,23.47,0.19,0.0906,0.0708,0.0614,20.00,0.500,-0.685,-0.536,-0.082,23.62,0.01,0.7034,0.6667,0.2622,20.00,0.500,0.917,0.827,0.067,23.50,0.03,1.1404,1.0731,0.4105,20.00,0.500,-1.790,-1.707,-0.128,23.34,0.13,0.0947,0.0666,0.1348,20.00,0.500,0.923,1.441,0.058,23.54,0.02,0.7077,0.6808,0.0494,20.00,0.500,-0.824,-0.728,-0.078,23.51,0.01,1.2638,1.1725,0.8254,20.00,0.500,2.198,2.279,0.176,23.33,0.15
1.5300,0.1086,0.0891,0.0569,20.00,0.500,-0.538,-0.484,-0.038,23.59,0.01,0.6435,0.6162,0.3670,20.00,0.500,0.796,1.916,0.055,23.51,0.05,1.2560,1.1541,0.4464,20.00,0.500,-3.036,-2.630,-0.190,23.40,0.27,0.0628,0.0450,0.0464,20.00,0.500,-0.624,-0.618,-0.057,23.68,0.01,1.0126,0.9758,0.1947,20.00,0.500,-1.054,-0.867,-0.075,23.62,0.04,0.9725,0.8808,0.6531,20.00,0.500,2.361,2.525,0.185,23.47,0.19,0.0911,0.0719,0.1019,20.00,0.500,-0.685,-0.536,-0.082,23.62,0.01,0.7074,0.6716,0.5048,20.00,0.500,0.917,0.827,0.067,23.50,0.03,1.1468,1.0800,0.7610,20.00,0.500,-1.790,-1.707,-0.128,23.34,0.13,0.0952,0.0671,0.0524,20.00,0.500,0.923,1.441,0.058,23.54,0.02,0.7116,0.6848,0.4704,20.00,0.500,-0.824,-0.728,-0.078,23.51,0.01,1.2702,1.1766,0.3910,20.00,0.500,2.198,2.279,0.176,23.33,0.15
1.5400,0.1091,0.0894,-0.0030,20.00,0.500,-0.538,-0.484,-0.038,23.59,0.01,0.6473,0.6203,0.4509,20.00,0.500,0.796,1.916,0.055,23.51,0.05,1.2622,1.1597,0.6367,20.00,0.500,-3.036,-2.630,-0.190,23.40,0.27,0.0633,0.0453,0.0419,20.00,0.500,-0.624,-0.618,-0.057,23.68,0.01,1.0164,0.9797,0.3985,20.00,0.500,-1.054,-0.867,-0.075,23.62,0.04,0.9787,0.8892,0.7610,20.00,0.500,2.361,2.525,0.185,23.47,0.19,0.0916,0.0722,0.0090,20.00,0.500,-0.685,-0.536,-0.082,23.62,0.01,0.7112,0.6758,0.3475,20.00,0.500,0.917,0.827,0.067,23.50,0.03,1.1530,1.0893,0.8883,20.00,0.500,-1.790,-1.707,-0.128,23.34,0.13,0.0957,0.0689,0.2037,20.00,0.500,0.923,1.441,0.058,23.54,0.02,0.7154,0.6909,0.4135,20.00,0.500,-0.824,-0.728,-0.078,23.51,0.01,1.2764,1.1908,0.7415,20.00,0.500,2.198,2.279,0.176,23.33,0.15
1.5500,0.1096,0.0896,0.0360,20.00,0.500,-0.538,-0.484,-0.038,23.59,0.01,0.6510,0.6238,0.2622,20.00,0.500,0.796,1.916,0.055,23.51,0.05,1.2682,1.1685,0.8509,20.00,0.500,-3.036,-2.630,-0.190,23.40,0.27,0.0638,0.0454,0.0419,20.00,0.500,-0.624,-0.618,-0.057,23.68,0.01,1.0201,0.9857,0.5288,20.00,0.500,-1.054,-0.867,-0.075,23.62,0.04,0.9848,0.8978,0.8868,20.00,0.500,2.361,2.525,0.185,23.47,0.19,0.0920,0.0722,0.0165,20.00,0.500,-0.685,-0.536,-0.082,23.62,0.01,0.7149,0.6790,0.3745,20.00,0.500,0.917,0.827,0.067,23.50,0.03,1.1590,1.0969,0.7385,20.00,0.500,-1.790,-1.707,-0.128,23.34,0.13,0.0962,0.0688,-0.0120,20.00,0.500,0.923,1.441,0.058,23.54,0.02,0.7192,0.6932,0.2457,20.00,0.500,-0.824,-0.728,-0.078,23.51,0.01,1.2824,1.1970,0.5588,20.00,0.500,2.198,2.279,0.176,23.33,0.15
1.5600,0.1100,0.0897,-0.0030,20.00,0.500,-0.578,-0.476,-0.046,23.60,0.01,0.6546,0.6250,0.1573,20.00,0.500,0.913,0.462,0.078,23.53,0.01,1.2740,1.1765,0.7265,20.00,0.500,-2.702,-1.985,-0.138,23.44,0.17,0.0642,0.0459,0.0404,20.00,0.500,-0.607,-0.595,-0.023,23.71,0.01,1.0237,0.9883,0.1393,20.00,0.500,-1.140,-1.130,-0.089,23.63,0.04,0.9906,0.9051,0.6816,20.00,0.500,2.300,2.353,0.175,23.48,0.15,0.0925,0.0721,-0.0045,20.00,0.500,-0.709,-1.001,-0.035,23.64,0.01,0.7185,0.6832,0.3940,20.00,0.500,0.868,0.836,0.066,23.51,0.03,1.1649,1.1033,0.5842,20.00,0.500,-1.694,-1.763,-0.128,23.35,0.10,0.0966,0.0697,0.0764,20.00,0.500,0.769,1.050,0.077,23.57,0.02,0.7227,0.6989,0.5812,20.00,0.500,-0.462,-0.584,-0.039,23.52,0.00,1.2883,1.2034,0.6097,20.00,0.500,2.336,2.374,0.177,23.34,0.14
1.5700,0.1105,0.0897,-0.0030,20.00,0.500,-0.578,-0.476,-0.046,23.60,0.01,0.6581,0.6296,0.4629,20.00,0.500,0.913,0.462,0.078,23.53,0.01,1.2797,1.1797,0.2637,20.00,0.500,-2.702,-1.985,-0.138,23.44,0.17,0.0646,0.0461,0.0165,20.00,0.500,-0.607,-0.595,-0.023,23.71,0.01,1.0272,0.9904,0.3236,20.00,0.500,-1.140,-1.130,-0.089,23.63,0.04,0.9962,0.9093,0.3940,20.00,0.500,2.300,2.353,0.175,23.48,0.15,0.0929,0.0724,0.0375,20.00,0.500,-0.709,-1.001,-0.035,23.64,0.01,0.7220,0.6858,0.1992,20.00,0.500,0.868,0.836,0.066,23.51,0.03,1.1705,1.1082,0.4539,20.00,0.500,-1.694,-1.763,-0.128,23.35,0.10,0.0970,0.0696,0.0419,20.00,0.500,0.769,1.050,0.077,23.57,0.02,0.7262,0.7020,0.3176,20.00,0.500,-0.462,-0.584,-0.039,23.52,0.00,1.2939,1.2034,0.6097,20.00,0.500,2.336,2.374,0.177,23.34,0.14
1.5800,0.1109,0.0899,0.0330,20.00,0.500,-0.578,-0.476,-0.046,23.60,0.01,0.6614,0.6339,0.4120,20.00,0.500,0.913,0.462,0.078,23.53,0.01,1.2851,1.1831,0.4419,20.00,0.500,-2.702,-1.985,-0.138,23.44,0.17,0.0651,0.0464,0.0404,20.00,0.500,-0.607,-0.595,-0.023,23.71,0.01,1.0306,0.9965,0.6801,20.00,0.500,-1.140,-1.130,-0.089,23.63,0.04,1.0017,0.9144,0.5737,20.00,0.500,2.300,2.353,0.175,23.48,0.15,0.0933,0.0729,0.0449,20.00,0.500,-0.709,-1.001,-0.035,23.64,0.01,0.7253,0.6908,0.5198,20.00,0.500,0.868,0.836,0.066,23.51,0.03,1.1760,1.1143,0.6427,20.00,0.500,-1.694,-1.763,-0.128,23.35,0.10,0.0975,0.0699,0.0345,20.00,0.500,0.769,1.050,0.077,23.57,0.02,0.7296,0.7031,0.1528,20.00,0.500,-0.462,-0.584,-0.039,23.52,0.00,1.2994,1.2093,0.5528,20.00,0.500,2.336,2.374,0.177,23.34,0.14
1.5900,0.1113,0.0903,0.0479,20.00,0.500,-0.578,-0.476,-0.046,23.60,0.01,0.6647,0.6371,0.4060,20.00,0.500,0.913,0.462,0.078,23.53,0.01,1.2904,1.1909,0.7550,20.00,0.500,-2.702,-1.985,-0.138,23.44,0.17,0.0655,0.0465,0.0240,20.00,0.500,-0.607,-0.595,-0.023,23.71,0.01,1.0338,0.9993,0.1798,20.00,0.500,-1.140,-1.130,-0.089,23.63,0.04,1.0070,0.9211,0.5423,20.00,0.500,2.300,2.353,0.175,23.48,0.15,0.0937,0.0729,-0.0180,20.00,0.500,-0.709,-1.001,-0.035,23.64,0.01,0.7286,0.6947,0.3311,20.00,0.500,0.868,0.836,0.066,23.51,0.03,1.1812,1.1210,0.6232,20.00,0.500,-1.694,-1.763,-0.128,23.35,0.10,0.0979,0.0699,0.0120,20.00,0.500,0.769,1.050,0.077,23.57,0.02,0.7328,0.7079,0.5363,20.00,0.500,-0.462,-0.584,-0.039,23.52,0.00,1.3047,1.2223,0.6427,20.00,0.500,2.336,2.374,0.177,23.34,0.14
1.6000,0.1117,0.0906,0.0090,20.00,0.500,-0.578,-0.476,-0.046,23.60,0.01,0.6678,0.6403,0.3341,20.00,0.500,0.913,0.462,0.078,23.53,0.01,1.2955,1.1976,0.6711,20.00,0.500,-2.702,-1.985,-0.138,23.44,0.17,0.0659,0.0470,0.0539,20.00,0.500,-0.607,-0.595,-0.023,23.71,0.01,1.0369,1.0013,0.2846,20.00,0.500,-1.140,-1.130,-0.089,23.63,0.04,1.0121,0.9270,0.5962,20.00,0.500,2.300,2.353,0.175,23.48,0.15,0.0941,0.0733,0.0345,20.00,0.500,-0.709,-1.001,-0.035,23.64,0.01,0.7317,0.6969,0.3041,20.00,0.500,0.868,0.836,0.066,23.51,0.03,1.1863,1.1270,0.5737,20.00,0.500,-1.694,-1.763,-0.128,23.35,0.10,0.0983,0.0698,-0.0120,20.00,0.500,0.769,1.050,0.077,23.57,0.02,0.7360,0.7150,0.5767,20.00,0.500,-0.462,-0.584,-0.039,23.52,0.00,1.3097,1.2289,0.6801,20.00,0.500,2.336,2.374,0.177,23.34,0.14
1.6100,0.1121,0.0905,-0.0105,20.00,0.500,-0.673,-0.638,-0.055,23.61,0.01,0.6708,0.6442,0.4105,20.00,0.500,0.567,-0.383,0.093,23.53,0.03,1.3004,1.2044,0.6127,20.00,0.500,-2.695,-3.035,-0.201,23.44,0.23,0.0662,0.0473,0.0180,20.00,0.500,-0.633,-0.652,-0.029,23.72,0.01,1.0399,1.0074,0.5303,20.00,0.500,-0.708,-0.940,-0.065,23.64,0.03,1.0170,0.9333,0.6352,20.00,0.500,2.256,2.284,0.165,23.51,0.14,0.0945,0.0734,0.0090,20.00,0.500,-0.707,-0.750,-0.053,23.63,0.01,0.7347,0.7004,0.3206,20.00,0.500,0.897,1.053,0.052,23.52,0.03,1.1912,1.1305,0.3221,20.00,0.500,-1.829,-1.989,-0.131,23.36,0.09,0.0986,0.0700,0.0270,20.00,0.500,0.879,0.677,0.049,23.56,0.02,0.7390,0.7153,0.1049,20.00,0.500,-0.735,-0.627,-0.055,23.54,0.01,1.3146,1.2351,0.5498,20.00,0.500,2.209,2.198,0.167,23.34,0.13
1.6200,0.1124,0.0905,-0.0105,20.00,0.500,-0.673,-0.638,-0.055,23.61,0.01,0.6737,0.6461,0.0659,20.00,0.500,0.567,-0.383,0.093,23.53,0.03,1.3051,1.2066,0.1633,20.00,0.500,-2.695,-3.035,-0.201,23.44,0.23,0.0666,0.0480,0.0794,20.00,0.500,-0.633,-0.652,-0.029,23.72,0.01,1.0428,1.0080,0.0659,20.00,0.500,-0.708,-0.940,-0.065,23.64,0.03,1.0217,0.9373,0.3535,20.00,0.500,2.256,2.284,0.165,23.51,0.14,0.0949,0.0740,0.0629,20.00,0.500,-0.707,-0.750,-0.053,23.63,0.01,0.7376,0.7020,0.1528,20.00,0.500,0.897,1.053,0.052,23.52,0.03,1.1959,1.1341,0.3970,20.00,0.500,-1.829,-1.989,-0.131,23.36,0.09,0.0990,0.0700,-0.0075,20.00,0.500,0.879,0.677,0.049,23.56,0.02,0.7419,0.7204,0.5857,20.00,0.500,-0.735,-0.627,-0.055,23.54,0.01,1.3194,1.2351,0.5498,20.00,0.500,2.209,2.198,0.167,23.34,0.13
1.6300,0.1128,0.0909,0.0345,20.00,0.500,-0.673,-0.638,-0.055,23.61,0.01,0.6765,0.6481,0.3341,20.00,0.500,0.567,-0.383,0.093,23.53,0.03,1.3096,1.2096,0.4045,20.00,0.500,-2.695,-3.035,-0.201,23.44,0.23,0.0669,0.0481,0.0015,20.00,0.500,-0.633,-0.652,-0.029,23.72,0.01,1.0456,1.0119,0.4314,20.00,0.500,-0.708,-0.940,-0.065,23.64,0.03,1.0262,0.9429,0.6037,20.00,0.500,2.256,2.284,0.165,23.51,0.14,0.0952,0.0741,0.0015,20.00,0.500,-0.707,-0.750,-0.053,23.63,0.01,0.7404,0.7053,0.3416,20.00,0.500,0.897,1.053,0.052,23.52,0.03,1.2005,1.1397,0.5633,20.00,0.500,-1.829,-1.989,-0.131,23.36,0.09,0.0993,0.0700,0.0075,20.00,0.500,0.879,0.677,0.049,23.56,0.02,0.7447,0.7242,0.2756,20.00,0.500,-0.735,-0.627,-0.055,23.54,0.01,1.3239,1.2446,0.6816,20.00,0.500,2.209,2.198,0.167,23.34,0.13
1.6400,0.1131,0.0914,0.0539,20.00,0.500,-0.673,-0.638,-0.055,23.61,0.01,0.6792,0.6524,0.4374,20.00,0.500,0.567,-0.383,0.093,23.53,0.03,1.3140,1.2161,0.6576,20.00,0.500,-2.695,-3.035,-0.201,23.44,0.23,0.0673,0.0486,0.0434,20.00,0.500,-0.633,-0.652,-0.029,23.72,0.01,1.0483,1.0176,0.5153,20.00,0.500,-0.708,-0.940,-0.065,23.64,0.03,1.0305,0.9499,0.6741,20.00,0.500,2.256,2.284,0.165,23.51,0.14,0.0955,0.0740,-0.0090,20.00,0.500,-0.707,-0.750,-0.053,23.63,0.01,0.7431,0.7084,0.2262,20.00,0.500,0.897,1.053,0.052,23.52,0.03,1.2048,1.1446,0.4943,20.00,0.500,-1.829,-1.989,-0.131,23.36,0.09,0.0997,0.0701,0.0060,20.00,0.500,0.879,0.677,0.049,23.56,0.02,0.7473,0.7271,0.3505,20.00,0.500,-0.735,-0.627,-0.055,23.54,0.01,1.3282,1.2446,0.6816,20.00,0.500,2.209,2.198,0.167,23.34,0.13
1.6500,0.1134,0.0916,0.0195,20.00,0.500,-0.673,-0.638,-0.055,23.61,0.01,0.6817,0.6563,0.3146,20.00,0.500,0.567,-0.383,0.093,23.53,0.03,1.3181,1.2232,0.7340,20.00,0.500,-2.695,-3.035,-0.201,23.44,0.23,0.0676,0.0489,0.0180,20.00,0.500,-0.633,-0.652,-0.029,23.72,0.01,1.0509,1.0201,0.2037,20.00,0.500,-0.708,-0.940,-0.065,23.64,0.03,1.0347,0.9534,0.3101,20.00,0.500,2.256,2.284,0.165,23.51,0.14,0.0959,0.0745,0.0464,20.00,0.500,-0.707,-0.750,-0.053,23.63,0.01,0.7456,0.7100,0.2097,20.00,0.500,0.897,1.053,0.052,23.52,0.03,1.2090,1.1491,0.4434,20.00,0.500,-1.829,-1.989,-0.131,23.36,0.09,0.1000,0.0701,0.0060,20.00,0.500,0.879,0.677,0.049,23.56,0.02,0.7499,0.7322,0.4869,20.00,0.500,-0.735,-0.627,-0.055,23.54,0.01,1.3324,1.2543,0.4359,20.00,0.500,2.209,2.198,0.167,23.34,0.13
1.6600,0.1137,0.0917,0.0165,20.00,0.500,-0.677,-0.541,-0.046,23.62,0.01,0.6842,0.6569,0.0599,20.00,0.500,0.822,1.854,0.038,23.54,0.01,1.3221,1.2314,0.4105,20.00,0.500,-2.857,-1.770,-0.234,23.44,0.19,0.0679,0.0493,0.0375,20.00,0.500,-0.626,-0.720,-0.050,23.72,0.02,1.0533,1.0246,0.3326,20.00,0.500,-0.988,-0.807,-0.074,23.63,0.04,1.0387,0.9621,0.3640,20.00,0.500,2.167,2.031,0.162,23.49,0.13,0.0962,0.0748,0.0255,20.00,0.500,-0.711,-0.799,-0.062,23.64,0.01,0.7481,0.7126,0.2412,20.00,0.500,0.967,0.995,0.075,23.53,0.03,1.2129,1.1530,0.4150,20.00,0.500,-1.710,-2.162,-0.135,23.37,0.08,0.1003,0.0700,-0.0015,20.00,0.500,0.948,1.257,0.049,23.57,0.03,0.7523,0.7345,0.2262,20.00,0.500,-0.504,-0.606,-0.046,23.52,0.01,1.3363,1.2590,0.4614,20.00,0.500,2.155,2.230,0.164,23.35,0.11
1.6700,0.1140,0.0917,0.0165,20.00,0.500,-0.677,-0.541,-0.046,23.62,0.01,0.6865,0.6589,0.2427,20.00,0.500,0.822,1.854,0.038,23.54,0.01,1.3259,1.2314,0.4105,20.00,0.500,-2.857,-1.770,-0.234,23.44,0.19,0.0682,0.0499,0.0375,20.00,0.500,-0.626,-0.720,-0.050,23.72,0.02,1.0556,1.0246,0.3326,20.00,0.500,-0.988,-0.807,-0.074,23.63,0.04,1.0425,0.9621,0.3640,20.00,0.500,2.167,2.031,0.162,23.49,0.13,0.0965,0.0751,0.0360,20.00,0.500,-0.711,-0.799,-0.062,23.64,0.01,0.7504,0.7143,0.1573,20.00,0.500,0.967,0.995,0.075,23.53,0.03,1.2167,1.1530,0.4150,20.00,0.500,-1.710,-2.162,-0.135,23.37,0.08,0.1006,0.0700,-0.0015,20.00,0.500,0.948,1.257,0.049,23.57,0.03,0.7547,0.7353,0.0689,20.00,0.500,-0.504,-0.606,-0.046,23.52,0.01,1.3401,1.2590,0.4614,20.00,0.500,2.155,2.230,0.164,23.35,0.11
1.6800,0.1143,0.0936,0.0824,20.00,0.500,-0.677,-0.541,-0.046,23.62,0.01,0.6887,0.6646,0.5603,20.00,0.500,0.822,1.854,0.038,23.54,0.01,1.3295,1.2350,0.3895,20.00,0.500,-2.857,-1.770,-0.234,23.44,0.19,0.0685,0.0495,0.0015,20.00,0.500,-0.626,-0.720,-0.050,23.72,0.02,1.0579,1.0293,0.4464,20.00,0.500,-0.988,-0.807,-0.074,23.63,0.04,1.0461,0.9662,0.5093,20.00,0.500,2.167,2.031,0.162,23.49,0.13,0.0967,0.0759,0.0929,20.00,0.500,-0.711,-0.799,-0.062,23.64,0.01,0.7526,0.7174,0.2681,20.00,0.500,0.967,0.995,0.075,23.53,0.03,1.2203,1.1608,0.5108,20.00,0.500,-1.710,-2.162,-0.135,23.37,0.08,0.1009,0.0702,0.0105,20.00,0.500,0.948,1.257,0.049,23.57,0.03,0.7569,0.7361,0.0884,20.00,0.500,-0.504,-0.606,-0.046,23.52,0.01,1.3438,1.2663,0.5168,20.00,0.500,2.155,2.230,0.164,23.35,0.11
1.6900,0.1146,0.0936,0.0824,20.00,0.500,-0.677,-0.541,-0.046,23.62,0.01,0.6908,0.6662,0.0734,20.00,0.500,0.822,1.854,0.038,23.54,0.01,1.3329,1.2374,0.2981,20.00,0.500,-2.857,-1.770,-0.234,23.44,0.19,0.0687,0.0499,0.0060,20.00,0.500,-0.626,-0.720,-0.050,23.72,0.02,1.0600,1.0294,-0.0000,20.00,0.500,-0.988,-0.807,-0.074,23.63,0.04,1.0495,0.9727,0.5812,20.00,0.500,2.167,2.031,0.162,23.49,0.13,0.0970,0.0767,0.0854,20.00,0.500,-0.711,-0.799,-0.062,23.64,0.01,0.7548,0.7191,0.1902,20.00,0.500,0.967,0.995,0.075,23.53,0.03,1.2238,1.1653,0.3790,20.00,0.500,-1.710,-2.162,-0.135,23.37,0.08,0.1011,0.0701,-0.0060,20.00,0.500,0.948,1.257,0.049,23.57,0.03,0.7590,0.7387,0.2906,20.00,0.500,-0.504,-0.606,-0.046,23.52,0.01,1.3472,1.2663,0.5168,20.00,0.500,2.155,2.230,0.164,23.35,0.11
1.7000,0.1148,0.0944,0.0180,20.00,0.500,-0.677,-0.541,-0.046,23.62,0.01,0.6928,0.6686,0.3760,20.00,0.500,0.822,1.854,0.038,23.54,0.01,1.3362,1.2398,0.2756,20.00,0.500,-2.857,-1.770,-0.234,23.44,0.19,0.0690,0.0498,0.0030,20.00,0.500,-0.626,-0.720,-0.050,23.72,0.02,1.0620,1.0315,0.2427,20.00,0.500,-0.988,-0.807,-0.074,23.63,0.04,1.0528,0.9756,0.2981,20.00,0.500,2.167,2.031,0.162,23.49,0.13,0.0972,0.0770,0.0225,20.00,0.500,-0.711,-0.799,-0.062,23.64,0.01,0.7568,0.7216,0.2547,20.00,0.500,0.967,0.995,0.075,23.53,0.03,1.2270,1.1678,0.1663,20.00,0.500,-1.710,-2.162,-0.135,23.37,0.08,0.1014,0.0701,0.0000,20.00,0.500,0.948,1.257,0.049,23.57,0.03,0.7610,0.7451,0.6981,20.00,0.500,-0.504,-0.606,-0.046,23.52,0.01,1.3504,1.2755,0.4494,20.00,0.500,2.155,2.230,0.164,23.35,0.11
1.7100,0.1150,0.0943,-0.0015,20.00,0.500,-0.634,-0.550,-0.030,23.62,0.01,0.6947,0.6716,0.2517,20.00,0.500,0.479,0.590,0.052,23.54,0.02,1.3393,1.2449,0.4869,20.00,0.500,-2.830,-2.947,-0.243,23.44,0.17,0.0692,0.0499,0.0120,20.00,0.500,-0.672,-0.404,-0.065,23.72,0.01,1.0639,1.0344,0.2666,20.00,0.500,-0.820,-0.642,-0.044,23.64,0.02,1.0558,0.9792,0.3341,20.00,0.500,2.273,1.986,0.206,23.51,0.12,0.0975,0.0772,0.0285,20.00,0.500,-0.699,-0.722,-0.052,23.64,0.01,0.7587,0.7237,0.1813,20.00,0.500,0.989,0.980,0.062,23.52,0.03,1.2301,1.1716,0.3176,20.00,0.500,-1.804,-1.758,-0.151,23.37,0.09,0.1016,0.0701,0.0075,20.00,0.500,0.997,0.663,0.053,23.57,0.03,0.7629,0.7466,0.0584,20.00,0.500,-0.647,-0.661,-0.048,23.53,0.00,1.3535,1.2798,0.4015,20.00,0.500,2.123,2.097,0.163,23.36,0.11
1.7200,0.1153,0.0943,-0.0015,20.00,0.500,-0.634,-0.550,-0.030,23.62,0.01,0.6965,0.6720,0.0779,20.00,0.500,0.479,0.590,0.052,23.54,0.02,1.3422,1.2489,0.2996,20.00,0.500,-2.830,-2.947,-0.243,23.44,0.17,0.0694,0.0497,-0.0375,20.00,0.500,-0.672,-0.404,-0.065,23.72,0.01,1.0657,1.0376,0.2577,20.00,0.500,-0.820,-0.642,-0.044,23.64,0.02,1.0588,0.9815,0.1408,20.00,0.500,2.273,1.986,0.206,23.51,0.12,0.0977,0.0775,0.0270,20.00,0.500,-0.699,-0.722,-0.052,23.64,0.01,0.7604,0.7262,0.2262,20.00,0.500,0.989,0.980,0.062,23.52,0.03,1.2330,1.1737,0.1153,20.00,0.500,-1.804,-1.758,-0.151,23.37,0.09,0.1019,0.0701,0.0015,20.00,0.500,0.997,0.663,0.053,23.57,0.03,0.7647,0.7455,-0.0614,20.00,0.500,-0.647,-0.661,-0.048,23.53,0.00,1.3564,1.2817,0.2801,20.00,0.500,2.123,2.097,0.163,23.36,0.11
1.7300,0.1155,0.0944,-0.0135,20.00,0.500,-0.634,-0.550,-0.030,23.62,0.01,0.6982,0.6751,0.3805,20.00,0.500,0.479,0.590,0.052,23.54,0.02,1.3449,1.2526,0.4449,20.00,0.500,-2.830,-2.947,-0.243,23.44,0.17,0.0697,0.0498,0.0045,20.00,0.500,-0.672,-0.404,-0.065,23.72,0.01,1.0674,1.0375,0.0285,20.00,0.500,-0.820,-0.642,-0.044,23.64,0.02,1.0615,0.9819,0.0809,20.00,0.500,2.273,1.986,0.206,23.51,0.12,0.0979,0.0780,0.0509,20.00,0.500,-0.699,-0.722,-0.052,23.64,0.01,0.7621,0.7278,0.2082,20.00,0.500,0.989,0.980,0.062,23.52,0.03,1.2358,1.1768,0.2292,20.00,0.500,-1.804,-1.758,-0.151,23.37,0.09,0.1021,0.0703,0.0180,20.00,0.500,0.997,0.663,0.053,23.57,0.03,0.7664,0.7462,0.0899,20.00,0.500,-0.647,-0.661,-0.048,23.53,0.00,1.3592,1.2846,0.3356,20.00,0.500,2.123,2.097,0.163,23.36,0.11
1.7400,0.1157,0.0946,0.0225,20.00,0.500,-0.634,-0.550,-0.030,23.62,0.01,0.6998,0.6776,0.2771,20.00,0.500,0.479,0.590,0.052,23.54,0.02,1.3475,1.2573,0.3670,20.00,0.500,-2.830,-2.947,-0.243,23.44,0.17,0.0699,0.0499,0.0090,20.00,0.500,-0.672,-0.404,-0.065,23.72,0.01,1.0689,1.0390,0.1393,20.00,0.500,-0.820,-0.642,-0.044,23.64,0.02,1.0641,0.9855,0.3056,20.00,0.500,2.273,1.986,0.206,23.51,0.12,0.0981,0.0782,0.0210,20.00,0.500,-0.699,-0.722,-0.052,23.64,0.01,0.7637,0.7301,0.1843,20.00,0.500,0.989,0.980,0.062,23.52,0.03,1.2383,1.1811,0.4045,20.00,0.500,-1.804,-1.758,-0.151,23.37,0.09,0.1023,0.0702,-0.0120,20.00,0.500,0.997,0.663,0.053,23.57,0.03,0.7680,0.7478,0.1483,20.00,0.500,-0.647,-0.661,-0.048,23.53,0.00,1.3618,1.2846,0.3356,20.00,0.500,2.123,2.097,0.163,23.36,0.11
1.7500,0.1159,0.0953,0.0345,20.00,0.500,-0.634,-0.550,-0.030,23.62,0.01,0.7013,0.6782,0.0404,20.00,0.500,0.479,0.590,0.052,23.54,0.02,1.3499,1.2577,0.0809,20.00,0.500,-2.830,-2.947,-0.243,23.44,0.17,0.0700,0.0498,-0.0075,20.00,0.500,-0.672,-0.404,-0.065,23.72,0.01,1.0704,1.0396,0.0584,20.00,0.500,-0.820,-0.642,-0.044,23.64,0.02,1.0665,0.9889,0.2921,20.00,0.500,2.273,1.986,0.206,23.51,0.12,0.0983,0.0781,-0.0015,20.00,0.500,-0.699,-0.722,-0.052,23.64,0.01,0.7652,0.7316,0.1528,20.00,0.500,0.989,0.980,0.062,23.52,0.03,1.2408,1.1840,0.2427,20.00,0.500,-1.804,-1.758,-0.151,23.37,0.09,0.1024,0.0702,-0.0075,20.00,0.500,0.997,0.663,0.053,23.57,0.03,0.7694,0.7515,0.4314,20.00,0.500,-0.647,-0.661,-0.048,23.53,0.00,1.3642,1.2899,0.2097,20.00,0.500,2.123,2.097,0.163,23.36,0.11
1.7600,0.1160,0.0959,0.0584,20.00,0.500,-0.620,-0.513,-0.045,23.63,0.01,0.7027,0.6787,0.0554,20.00,0.500,0.733,0.787,0.066,23.55,0.02,1.3522,1.2612,0.3715,20.00,0.500,-2.761,-3.356,-0.203,23.45,0.18,0.0702,0.0497,-0.0135,20.00,0.500,-0.742,-0.765,-0.061,23.73,0.02,1.0718,1.0410,0.1513,20.00,0.500,-0.949,-0.956,-0.064,23.65,0.03,1.0687,0.9917,0.2097,20.00,0.500,2.386,2.355,0.182,23.51,0.13,0.0985,0.0781,-0.0135,20.00,0.500,-0.730,-0.737,-0.062,23.65,0.01,0.7666,0.7332,0.1678,20.00,0.500,0.934,1.002,0.072,23.55,0.03,1.2430,1.1858,0.1034,20.00,0.500,-1.878,-1.946,-0.120,23.38,0.07,0.1026,0.0701,-0.0045,20.00,0.500,1.038,1.272,0.070,23.57,0.03,0.7708,0.7547,0.1438,20.00,0.500,-0.673,-0.702,-0.038,23.54,0.00,1.3664,1.2926,0.2142,20.00,0.500,2.235,2.413,0.194,23.36,0.12
1.7700,0.1162,0.0958,0.0000,20.00,0.500,-0.620,-0.513,-0.045,23.63,0.01,0.7040,0.6787,-0.0075,20.00,0.500,0.733,0.787,0.066,23.55,0.02,1.3543,1.2616,0.0090,20.00,0.500,-2.761,-3.356,-0.203,23.45,0.18,0.0704,0.0498,0.0075,20.00,0.500,-0.742,-0.765,-0.061,23.73,0.02,1.0731,1.0428,0.1573,20.00,0.500,-0.949,-0.956,-0.064,23.65,0.03,1.0708,0.9946,0.3910,20.00,0.500,2.386,2.355,0.182,23.51,0.13,0.0986,0.0779,-0.0135,20.00,0.500,-0.730,-0.737,-0.062,23.65,0.01,0.7679,0.7349,0.0899,20.00,0.500,0.934,1.002,0.072,23.55,0.03,1.2451,1.1879,0.3056,20.00,0.500,-1.878,-1.946,-0.120,23.38,0.07,0.1028,0.0703,0.0075,20.00,0.500,1.038,1.272,0.070,23.57,0.03,0.7721,0.7532,-0.0629,20.00,0.500,-0.673,-0.702,-0.038,23.54,0.00,1.3685,1.2948,0.1783,20.00,0.500,2.235,2.413,0.194,23.36,0.12
1.7800,0.1163,0.0958,0.0000,20.00,0.500,-0.620,-0.513,-0.045,23.63,0.01,0.7052,0.6790,0.0285,20.00,0.500,0.733,0.787,0.066,23.55,0.02,1.3562,1.2626,0.1109,20.00,0.500,-2.761,-3.356,-0.203,23.45,0.18,0.0705,0.0498,-0.0180,20.00,0.500,-0.742,-0.765,-0.061,23.73,0.02,1.0743,1.0438,0.1243,20.00,0.500,-0.949,-0.956,-0.064,23.65,0.03,1.0728,0.9984,0.4269,20.00,0.500,2.386,2.355,0.182,23.51,0.13,0.0988,0.0780,0.0060,20.00,0.500,-0.730,-0.737,-0.062,23.65,0.01,0.7691,0.7353,0.0959,20.00,0.500,0.934,1.002,0.072,23.55,0.03,1.2470,1.1911,0.3970,20.00,0.500,-1.878,-1.946,-0.120,23.38,0.07,0.1029,0.0704,0.0210,20.00,0.500,1.038,1.272,0.070,23.57,0.03,0.7733,0.7545,0.0869,20.00,0.500,-0.673,-0.702,-0.038,23.54,0.00,1.3705,1.2948,0.1783,20.00,0.500,2.235,2.413,0.194,23.36,0.12
1.7900,0.1165,0.0962,0.0330,20.00,0.500,-0.620,-0.513,-0.045,23.63,0.01,0.7063,0.6797,0.0599,20.00,0.500,0.733,0.787,0.066,23.55,0.02,1.3580,1.2630,0.0375,20.00,0.500,-2.761,-3.356,-0.203,23.45,0.18,0.0707,0.0497,-0.0015,20.00,0.500,-0.742,-0.765,-0.061,23.73,0.02,1.0754,1.0464,0.2547,20.00,0.500,-0.949,-0.956,-0.064,23.65,0.03,1.0746,1.0021,0.3131,20.00,0.500,2.386,2.355,0.182,23.51,0.13,0.0989,0.0777,-0.0255,20.00,0.500,-0.730,-0.737,-0.062,23.65,0.01,0.7702,0.7370,0.1888,20.00,0.500,0.934,1.002,0.072,23.55,0.03,1.2488,1.1931,0.2127,20.00,0.500,-1.878,-1.946,-0.120,23.38,0.07,0.1031,0.0708,0.0255,20.00,0.500,1.038,1.272,0.070,23.57,0.03,0.7744,0.7543,-0.0135,20.00,0.500,-0.673,-0.702,-0.038,23.54,0.00,1.3723,1.2992,0.1977,20.00,0.500,2.235,2.413,0.194,23.36,0.12
1.8000,0.1166,0.0962,0.0330,20.00,0.500,-0.620,-0.513,-0.045,23.63,0.01,0.7073,0.6804,0.0674,20.00,0.500,0.733,0.787,0.066,23.55,0.02,1.3597,1.2637,0.0719,20.00,0.500,-2.761,-3.356,-0.203,23.45,0.18,0.0708,0.0497,-0.0300,20.00,0.500,-0.742,-0.765,-0.061,23.73,0.02,1.0764,1.0480,0.1438,20.00,0.500,-0.949,-0.956,-0.064,23.65,0.03,1.0762,1.0047,0.1753,20.00,0.500,2.386,2.355,0.182,23.51,0.13,0.0991,0.0778,0.0135,20.00,0.500,-0.730,-0.737,-0.062,23.65,0.01,0.7712,0.7386,0.1183,20.00,0.500,0.934,1.002,0.072,23.55,0.03,1.2505,1.1950,0.1363,20.00,0.500,-1.878,-1.946,-0.120,23.38,0.07,0.1032,0.0708,0.0180,20.00,0.500,1.038,1.272,0.070,23.57,0.03,0.7754,0.7546,0.0210,20.00,0.500,-0.673,-0.702,-0.038,23.54,0.00,1.3739,1.3020,0.2157,20.00,0.500,2.235,2.413,0.194,23.36,0.12
1.8100,0.1167,0.0964,0.0120,20.00,0.500,-0.593,-0.525,-0.019,23.64,0.01,0.7082,0.6807,0.0449,20.00,0.500,0.843,0.461,0.041,23.55,0.01,1.3612,1.2652,0.1768,20.00,0.500,-3.091,-3.262,-0.219,23.46,0.18,0.0709,0.0498,0.0090,20.00,0.500,-0.705,-0.768,-0.024,23.75,0.02,1.0773,1.0480,0.0105,20.00,0.500,-1.002,-0.924,-0.071,23.66,0.03,1.0777,1.0060,0.1813,20.00,0.500,2.177,2.287,0.137,23.51,0.12,0.0992,0.0778,0.0030,20.00,0.500,-0.726,-0.735,-0.065,23.66,0.01,0.7721,0.7392,0.0434,20.00,0.500,1.010,0.993,0.077,23.54,0.03,1.2520,1.1967,0.2187,20.00,0.500,-1.728,-1.681,-0.136,23.37,0.07,0.1033,0.0712,0.0494,20.00,0.500,0.972,0.723,0.059,23.58,0.03,0.7764,0.7545,-0.0075,20.00,0.500,-0.773,-0.977,-0.016,23.53,0.01,1.3754,1.3035,0.1393,20.00,0.500,2.216,1.859,0.178,23.37,0.10
1.8200,0.1168,0.0964,0.0120,20.00,0.500,-0.593,-0.525,-0.019,23.64,0.01,0.7091,0.6810,0.0285,20.00,0.500,0.843,0.461,0.041,23.55,0.01,1.3625,1.2661,0.0734,20.00,0.500,-3.091,-3.262,-0.219,23.46,0.18,0.0710,0.0497,-0.0345,20.00,0.500,-0.705,-0.768,-0.024,23.75,0.02,1.0782,1.0486,0.0509,20.00,0.500,-1.002,-0.924,-0.071,23.66,0.03,1.0791,1.0072,0.1109,20.00,0.500,2.177,2.287,0.137,23.51,0.12,0.0993,0.0778,0.0090,20.00,0.500,-0.726,-0.735,-0.065,23.66,0.01,0.7730,0.7395,0.0315,20.00,0.500,1.010,0.993,0.077,23.54,0.03,1.2534,1.1992,0.2666,20.00,0.500,-1.728,-1.681,-0.136,23.37,0.07,0.1034,0.0719,0.0719,20.00,0.500,0.972,0.723,0.059,23.58,0.03,0.7772,0.7545,0.0135,20.00,0.500,-0.773,-0.977,-0.016,23.53,0.01,1.3768,1.3035,0.1393,20.00,0.500,2.216,1.859,0.178,23.37,0.10
1.8300,0.1169,0.0966,0.0000,20.00,0.500,-0.593,-0.525,-0.019,23.64,0.01,0.7098,0.6815,0.0704,20.00,0.500,0.843,0.461,0.041,23.55,0.01,1.3638,1.2670,0.0899,20.00,0.500,-3.091,-3.262,-0.219,23.46,0.18,0.0711,0.0497,0.0045,20.00,0.500,-0.705,-0.768,-0.024,23.75,0.02,1.0790,1.0489,0.0225,20.00,0.500,-1.002,-0.924,-0.071,23.66,0.03,1.0804,1.0087,0.1648,20.00,0.500,2.177,2.287,0.137,23.51,0.12,0.0994,0.0778,-0.0090,20.00,0.500,-0.726,-0.735,-0.065,23.66,0.01,0.7737,0.7404,0.0929,20.00,0.500,1.010,0.993,0.077,23.54,0.03,1.2546,1.2011,0.1468,20.00,0.500,-1.728,-1.681,-0.136,23.37,0.07,0.1035,0.0729,0.0779,20.00,0.500,0.972,0.723,0.059,23.58,0.03,0.7780,0.7550,0.0509,20.00,0.500,-0.773,-0.977,-0.016,23.53,0.01,1.3780,1.3070,0.1168,20.00,0.500,2.216,1.859,0.178,23.37,0.10
1.8400,0.1170,0.0966,0.0000,20.00,0.500,-0.593,-0.525,-0.019,23.64,0.01,0.7105,0.6827,0.1198,20.00,0.500,0.843,0.461,0.041,23.55,0.01,1.3649,1.2698,0.3086,20.00,0.500,-3.091,-3.262,-0.219,23.46,0.18,0.0712,0.0497,0.0030,20.00,0.500,-0.705,-0.768,-0.024,23.75,0.02,1.0796,1.0495,0.0629,20.00,0.500,-1.002,-0.924,-0.071,23.66,0.03,1.0815,1.0105,0.1648,20.00,0.500,2.177,2.287,0.137,23.51,0.12,0.0995,0.0777,-0.0060,20.00,0.500,-0.726,-0.735,-0.065,23.66,0.01,0.7744,0.7406,0.0210,20.00,0.500,1.010,0.993,0.077,23.54,0.03,1.2557,1.2020,0.1094,20.00,0.500,-1.728,-1.681,-0.136,23.37,0.07,0.1036,0.0733,0.0419,20.00,0.500,0.972,0.723,0.059,23.58,0.03,0.7787,0.7562,0.1408,20.00,0.500,-0.773,-0.977,-0.016,23.53,0.01,1.3792,1.3070,0.1168,20.00,0.500,2.216,1.859,0.178,23.37,0.10
1.8500,0.1171,0.0967,-0.0075,20.00,0.500,-0.593,-0.525,-0.019,23.64,0.01,0.7111,0.6836,0.0599,20.00,0.500,0.843,0.461,0.041,23.55,0.01,1.3659,1.2722,0.2696,20.00,0.500,-3.091,-3.262,-0.219,23.46,0.18,0.0713,0.0497,-0.0000,20.00,0.500,-0.705,-0.768,-0.024,23.75,0.02,1.0803,1.0499,0.0240,20.00,0.500,-1.002,-0.924,-0.071,23.66,0.03,1.0825,1.0122,0.1753,20.00,0.500,2.177,2.287,0.137,23.51,0.12,0.0995,0.0778,0.0045,20.00,0.500,-0.726,-0.735,-0.065,23.66,0.01,0.7750,0.7409,0.0210,20.00,0.500,1.010,0.993,0.077,23.54,0.03,1.2567,1.2033,0.1318,20.00,0.500,-1.728,-1.681,-0.136,23.37,0.07,0.1037,0.0744,0.1109,20.00,0.500,0.972,0.723,0.059,23.58,0.03,0.7793,0.7581,0.1917,20.00,0.500,-0.773,-0.977,-0.016,23.53,0.01,1.3802,1.3098,0.2382,20.00,0.500,2.216,1.859,0.178,23.37,0.10
1.8600,0.1172,0.0966,-0.0195,20.00,0.500,-0.626,-0.693,-0.088,23.64,0.01,0.7117,0.6838,0.0360,20.00,0.500,0.883,0.874,0.038,23.55,0.03,1.3668,1.2737,0.1603,20.00,0.500,-2.980,-2.833,-0.272,23.46,0.17,0.0713,0.0495,-0.0360,20.00,0.500,-0.744,-0.733,-0.053,23.74,0.02,1.0808,1.0498,-0.0015,20.00,0.500,-1.060,-0.958,-0.074,23.64,0.03,1.0834,1.0128,0.0015,20.00,0.500,2.297,2.182,0.156,23.51,0.12,0.0996,0.0777,-0.0060,20.00,0.500,-0.762,-0.748,-0.060,23.65,0.01,0.7756,0.7411,0.0135,20.00,0.500,1.090,1.122,0.085,23.54,0.03,1.2576,1.2041,0.0629,20.00,0.500,-1.754,-1.816,-0.143,23.37,0.06,0.1037,0.0742,-0.0315,20.00,0.500,0.944,1.321,0.080,23.58,0.03,0.7798,0.7601,0.1528,20.00,0.500,-0.635,-0.431,-0.075,23.54,0.01,1.3810,1.3115,0.1573,20.00,0.500,2.121,2.249,0.164,23.36,0.08
1.8700,0.1172,0.0966,-0.0030,20.00,0.500,-0.626,-0.693,-0.088,23.64,0.01,0.7121,0.6845,0.0899,20.00,0.500,0.883,0.874,0.038,23.55,0.03,1.3676,1.2773,0.3371,20.00,0.500,-2.980,-2.833,-0.272,23.46,0.17,0.0714,0.0499,0.0030,20.00,0.500,-0.744,-0.733,-0.053,23.74,0.02,1.0813,1.0501,0.0225,20.00,0.500,-1.060,-0.958,-0.074,23.64,0.03,1.0841,1.0133,0.0659,20.00,0.500,2.297,2.182,0.156,23.51,0.12,0.0997,0.0778,0.0120,20.00,0.500,-0.762,-0.748,-0.060,23.65,0.01,0.7761,0.7411,0.0075,20.00,0.500,1.090,1.122,0.085,23.54,0.03,1.2584,1.2046,0.0719,20.00,0.500,-1.754,-1.816,-0.143,23.37,0.06,0.1038,0.0744,0.0060,20.00,0.500,0.944,1.321,0.080,23.58,0.03,0.7803,0.7603,0.0360,20.00,0.500,-0.635,-0.431,-0.075,23.54,0.01,1.3818,1.3123,0.1019,20.00,0.500,2.121,2.249,0.164,23.36,0.08
1.8800,0.1173,0.0966,-0.0030,20.00,0.500,-0.626,-0.693,-0.088,23.64,0.01,0.7126,0.6853,0.0779,20.00,0.500,0.883,0.874,0.038,23.55,0.03,1.3682,1.2807,0.3041,20.00,0.500,-2.980,-2.833,-0.272,23.46,0.17,0.0715,0.0497,-0.0120,20.00,0.500,-0.744,-0.733,-0.053,23.74,0.02,1.0817,1.0502,0.0015,20.00,0.500,-1.060,-0.958,-0.074,23.64,0.03,1.0848,1.0136,0.0419,20.00,0.500,2.297,2.182,0.156,23.51,0.12,0.0997,0.0779,0.0195,20.00,0.500,-0.762,-0.748,-0.060,23.65,0.01,0.7765,0.7414,0.0300,20.00,0.500,1.090,1.122,0.085,23.54,0.03,1.2591,1.2062,0.1633,20.00,0.500,-1.754,-1.816,-0.143,23.37,0.06,0.1039,0.0743,0.0105,20.00,0.500,0.944,1.321,0.080,23.58,0.03,0.7807,0.7612,0.0989,20.00,0.500,-0.635,-0.431,-0.075,23.54,0.01,1.3825,1.3123,0.1019,20.00,0.500,2.121,2.249,0.164,23.36,0.08
1.8900,0.1173,0.0967,-0.0015,20.00,0.500,-0.626,-0.693,-0.088,23.64,0.01,0.7129,0.6864,0.1124,20.00,0.500,0.883,0.874,0.038,23.55,0.03,1.3688,1.2819,0.0824,20.00,0.500,-2.980,-2.833,-0.272,23.46,0.17,0.0715,0.0499,0.0240,20.00,0.500,-0.744,-0.733,-0.053,23.74,0.02,1.0820,1.0503,0.0180,20.00,0.500,-1.060,-0.958,-0.074,23.64,0.03,1.0854,1.0138,0.0135,20.00,0.500,2.297,2.182,0.156,23.51,0.12,0.0998,0.0780,0.0060,20.00,0.500,-0.762,-0.748,-0.060,23.65,0.01,0.7768,0.7422,0.0959,20.00,0.500,1.090,1.122,0.085,23.54,0.03,1.2596,1.2090,0.2337,20.00,0.500,-1.754,-1.816,-0.143,23.37,0.06,0.1039,0.0742,0.0105,20.00,0.500,0.944,1.321,0.080,23.58,0.03,0.7811,0.7617,0.0195,20.00,0.500,-0.635,-0.431,-0.075,23.54,0.01,1.3831,1.3156,0.0569,20.00,0.500,2.121,2.249,0.164,23.36,0.08
1.9000,0.1174,0.0967,-0.0015,20.00,0.500,-0.626,-0.693,-0.088,23.64,0.01,0.7132,0.6868,0.0375,20.00,0.500,0.883,0.874,0.038,23.55,0.03,1.3693,1.2837,0.2801,20.00,0.500,-2.980,-2.833,-0.272,23.46,0.17,0.0715,0.0498,0.0090,20.00,0.500,-0.744,-0.733,-0.053,23.74,0.02,1.0823,1.0505,0.0240,20.00,0.500,-1.060,-0.958,-0.074,23.64,0.03,1.0859,1.0140,0.0285,20.00,0.500,2.297,2.182,0.156,23.51,0.12,0.0998,0.0781,0.0045,20.00,0.500,-0.762,-0.748,-0.060,23.65,0.01,0.7771,0.7431,0.0719,20.00,0.500,1.090,1.122,0.085,23.54,0.03,1.2601,1.2102,0.1348,20.00,0.500,-1.754,-1.816,-0.143,23.37,0.06,0.1039,0.0742,-0.0045,20.00,0.500,0.944,1.321,0.080,23.58,0.03,0.7814,0.7617,0.0105,20.00,0.500,-0.635,-0.431,-0.075,23.54,0.01,1.3835,1.3156,0.0569,20.00,0.500,2.121,2.249,0.164,23.36,0.08
1.9100,0.1174,0.0970,0.0240,20.00,0.500,-0.635,-0.595,-0.068,23.65,0.01,0.7134,0.6874,0.0090,20.00,0.500,0.735,2.168,0.019,23.55,0.01,1.3697,1.2875,0.3161,20.00,0.500,-2.441,-2.091,-0.109,23.45,0.16,0.0716,0.0497,-0.0240,20.00,0.500,-0.718,-0.863,-0.051,23.75,0.01,1.0826,1.0506,-0.0015,20.00,0.500,-1.084,-0.870,-0.098,23.66,0.03,1.0863,1.0145,0.0494,20.00,0.500,2.278,2.390,0.173,23.52,0.10,0.0998,0.0784,0.0419,20.00,0.500,-0.721,-0.667,-0.061,23.66,0.02,0.7774,0.7430,-0.0030,20.00,0.500,1.089,1.104,0.085,23.55,0.03,1.2605,1.2114,0.1094,20.00,0.500,-1.579,-1.333,-0.116,23.37,0.06,0.1040,0.0739,-0.0270,20.00,0.500,0.957,0.808,0.106,23.59,0.02,0.7816,0.7624,0.0599,20.00,0.500,-0.613,-0.608,-0.051,23.55,0.01,1.3839,1.3177,0.1663,20.00,0.500,2.020,1.995,0.158,23.37,0.09
1.9200,0.1174,0.0970,0.0240,20.00,0.500,-0.635,-0.595,-0.068,23.65,0.01,0.7136,0.6875,0.0375,20.00,0.500,0.735,2.168,0.019,23.55,0.01,1.3700,1.2884,0.0599,20.00,0.500,-2.441,-2.091,-0.109,23.45,0.16,0.0716,0.0499,0.0165,20.00,0.500,-0.718,-0.863,-0.051,23.75,0.01,1.0828,1.0506,0.0075,20.00,0.500,-1.084,-0.870,-0.098,23.66,0.03,1.0866,1.0147,0.0150,20.00,0.500,2.278,2.390,0.173,23.52,0.10,0.0998,0.0786,0.0135,20.00,0.500,-0.721,-0.667,-0.061,23.66,0.02,0.7776,0.7430,-0.0090,20.00,0.500,1.089,1.104,0.085,23.55,0.03,1.2608,1.2119,0.0494,20.00,0.500,-1.579,-1.333,-0.116,23.37,0.06,0.1040,0.0739,-0.0090,20.00,0.500,0.957,0.808,0.106,23.59,0.02,0.7818,0.7626,0.0195,20.00,0.500,-0.613,-0.608,-0.051,23.55,0.01,1.3843,1.3177,0.1663,20.00,0.500,2.020,1.995,0.158,23.37,0.09
1.9300,0.1174,0.0969,-0.0075,20.00,0.500,-0.635,-0.595,-0.068,23.65,0.01,0.7138,0.6877,-0.0105,20.00,0.500,0.735,2.168,0.019,23.55,0.01,1.3703,1.2884,-0.0060,20.00,0.500,-2.441,-2.091,-0.109,23.45,0.16,0.0716,0.0500,0.0195,20.00,0.500,-0.718,-0.863,-0.051,23.75,0.01,1.0829,1.0507,-0.0015,20.00,0.500,-1.084,-0.870,-0.098,23.66,0.03,1.0868,1.0153,0.0674,20.00,0.500,2.278,2.390,0.173,23.52,0.10,0.0999,0.0787,0.0060,20.00,0.500,-0.721,-0.667,-0.061,23.66,0.02,0.7777,0.7430,0.0015,20.00,0.500,1.089,1.104,0.085,23.55,0.03,1.2611,1.2126,0.0494,20.00,0.500,-1.579,-1.333,-0.116,23.37,0.06,0.1040,0.0740,0.0105,20.00,0.500,0.957,0.808,0.106,23.59,0.02,0.7820,0.7627,0.0165,20.00,0.500,-0.613,-0.608,-0.051,23.55,0.01,1.3845,1.3194,0.1543,20.00,0.500,2.020,1.995,0.158,23.37,0.09
1.9400,0.1174,0.0969,-0.0090,20.00,0.500,-0.635,-0.595,-0.068,23.65,0.01,0.7139,0.6877,0.0150,20.00,0.500,0.735,2.168,0.019,23.55,0.01,1.3704,1.2889,0.0464,20.00,0.500,-2.441,-2.091,-0.109,23.45,0.16,0.0716,0.0499,-0.0165,20.00,0.500,-0.718,-0.863,-0.051,23.75,0.01,1.0831,1.0507,0.0045,20.00,0.500,-1.084,-0.870,-0.098,23.66,0.03,1.0870,1.0160,0.0644,20.00,0.500,2.278,2.390,0.173,23.52,0.10,0.0999,0.0787,-0.0000,20.00,0.500,-0.721,-0.667,-0.061,23.66,0.02,0.7778,0.7430,-0.0030,20.00,0.500,1.089,1.104,0.085,23.55,0.03,1.2613,1.2130,0.0554,20.00,0.500,-1.579,-1.333,-0.116,23.37,0.06,0.1040,0.0740,0.0120,20.00,0.500,0.957,0.808,0.106,23.59,0.02,0.7821,0.7630,0.0225,20.00,0.500,-0.613,-0.608,-0.051,23.55,0.01,1.3847,1.3199,0.0210,20.00,0.500,2.020,1.995,0.158,23.37,0.09
1.9500,0.1175,0.0970,0.0120,20.00,0.500,-0.635,-0.595,-0.068,23.65,0.01,0.7140,0.6873,-0.0330,20.00,0.500,0.735,2.168,0.019,23.55,0.01,1.3706,1.2896,0.0509,20.00,0.500,-2.441,-2.091,-0.109,23.45,0.16,0.0716,0.0500,0.0060,20.00,0.500,-0.718,-0.863,-0.051,23.75,0.01,1.0831,1.0506,-0.0060,20.00,0.500,-1.084,-0.870,-0.098,23.66,0.03,1.0872,1.0165,0.0494,20.00,0.500,2.278,2.390,0.173,23.52,0.10,0.0999,0.0788,0.0120,20.00,0.500,-0.721,-0.667,-0.061,23.66,0.02,0.7779,0.7428,-0.0225,20.00,0.500,1.089,1.104,0.085,23.55,0.03,1.2614,1.2133,0.0330,20.00,0.500,-1.579,-1.333,-0.116,23.37,0.06,0.1040,0.0739,0.0000,20.00,0.500,0.957,0.808,0.106,23.59,0.02,0.7822,0.7628,-0.0135,20.00,0.500,-0.613,-0.608,-0.051,23.55,0.01,1.3848,1.3203,0.0375,20.00,0.500,2.020,1.995,0.158,23.37,0.09
1.9600,0.1175,0.0967,-0.0210,20.00,0.500,-0.629,-0.285,-0.044,23.65,0.01,0.7141,0.6876,-0.0165,20.00,0.500,0.775,1.309,0.088,23.56,0.01,1.3707,1.2894,0.0135,20.00,0.500,-2.724,-1.785,-0.194,23.46,0.16,0.0716,0.0500,0.0015,20.00,0.500,-0.756,-0.868,-0.032,23.75,0.02,1.0832,1.0506,-0.0150,20.00,0.500,-1.106,-1.151,-0.098,23.66,0.03,1.0873,1.0169,0.0509,20.00,0.500,2.233,2.268,0.165,23.52,0.11,0.0999,0.0788,0.0030,20.00,0.500,-0.729,-0.725,-0.058,23.66,0.01,0.7780,0.7428,0.0060,20.00,0.500,1.105,1.083,0.081,23.56,0.03,1.2615,1.2139,0.0524,20.00,0.500,-1.564,-1.924,-0.120,23.38,0.06,0.1040,0.0739,-0.0060,20.00,0.500,0.952,0.952,0.091,23.59,0.02,0.7822,0.7629,-0.0210,20.00,0.500,-0.681,-0.769,-0.066,23.55,0.01,1.3849,1.3207,0.0389,20.00,0.500,2.057,1.985,0.129,23.36,0.10
1.9700,0.1175,0.0967,-0.0210,20.00,0.500,-0.629,-0.285,-0.044,23.65,0.01,0.7141,0.6873,-0.0060,20.00,0.500,0.775,1.309,0.088,23.56,0.01,1.3707,1.2897,-0.0270,20.00,0.500,-2.724,-1.785,-0.194,23.46,0.16,0.0716,0.0501,-0.0120,20.00,0.500,-0.756,-0.868,-0.032,23.75,0.02,1.0832,1.0505,-0.0060,20.00,0.500,-1.106,-1.151,-0.098,23.66,0.03,1.0873,1.0169,0.0030,20.00,0.500,2.233,2.268,0.165,23.52,0.11,0.0999,0.0787,-0.0060,20.00,0.500,-0.729,-0.725,-0.058,23.66,0.01,0.7780,0.7428,0.0060,20.00,0.500,1.105,1.083,0.081,23.56,0.03,1.2616,1.2140,0.0225,20.00,0.500,-1.564,-1.924,-0.120,23.38,0.06,0.1041,0.0740,0.0270,20.00,0.500,0.952,0.952,0.091,23.59,0.02,0.7823,0.7628,-0.0075,20.00,0.500,-0.681,-0.769,-0.066,23.55,0.01,1.3850,1.3208,0.0015,20.00,0.500,2.057,1.985,0.129,23.36,0.10
1.9800,0.1175,0.0968,0.0045,20.00,0.500,-0.629,-0.285,-0.044,23.65,0.01,0.7141,0.6875,0.0195,20.00,0.500,0.775,1.309,0.088,23.56,0.01,1.3708,1.2896,-0.0000,20.00,0.500,-2.724,-1.785,-0.194,23.46,0.16,0.0716,0.0501,-0.0105,20.00,0.500,-0.756,-0.868,-0.032,23.75,0.02,1.0833,1.0504,-0.0165,20.00,0.500,-1.106,-1.151,-0.098,23.66,0.03,1.0873,1.0169,-0.0045,20.00,0.500,2.233,2.268,0.165,23.52,0.11,0.0999,0.0788,-0.0000,20.00,0.500,-0.729,-0.725,-0.058,23.66,0.01,0.7780,0.7428,0.0090,20.00,0.500,1.105,1.083,0.081,23.56,0.03,1.2616,1.2142,0.0165,20.00,0.500,-1.564,-1.924,-0.120,23.38,0.06,0.1041,0.0739,-0.0090,20.00,0.500,0.952,0.952,0.091,23.59,0.02,0.7823,0.7628,-0.0075,20.00,0.500,-0.681,-0.769,-0.066,23.55,0.01,1.3850,1.3208,0.0075,20.00,0.500,2.057,1.985,0.129,23.36,0.10
1.9900,0.1175,0.0968,0.0225,20.00,0.500,-0.629,-0.285,-0.044,23.65,0.01,0.7141,0.6874,0.0135,20.00,0.500,0.775,1.309,0.088,23.56,0.01,1.3708,1.2896,-0.0030,20.00,0.500,-2.724,-1.785,-0.194,23.46,0.16,0.0716,0.0501,0.0105,20.00,0.500,-0.756,-0.868,-0.032,23.75,0.02,1.0833,1.0503,-0.0105,20.00,0.500,-1.106,-1.151,-0.098,23.66,0.03,1.0874,1.0169,0.0000,20.00,0.500,2.233,2.268,0.165,23.52,0.11,0.0999,0.0788,0.0060,20.00,0.500,-0.729,-0.725,-0.058,23.66,0.01,0.7780,0.7427,-0.0150,20.00,0.500,1.105,1.083,0.081,23.56,0.03,1.2616,1.2146,0.0524,20.00,0.500,-1.564,-1.924,-0.120,23.38,0.06,0.1041,0.0741,0.0090,20.00,0.500,0.952,0.952,0.091,23.59,0.02,0.7823,0.7627,-0.0045,20.00,0.500,-0.681,-0.769,-0.066,23.55,0.01,1.3850,1.3211,0.0285,20.00,0.500,2.057,1.985,0.129,23.36,0.10
2.0000,0.1175,0.0966,-0.0105,20.00,0.500,-0.629,-0.285,-0.044,23.65,0.01,0.7141,0.6874,-0.0135,20.00,0.500,0.775,1.309,0.088,23.56,0.01,1.3708,1.2898,0.0120,20.00,0.500,-2.724,-1.785,-0.194,23.46,0.16,0.0716,0.0501,0.0015,20.00,0.500,-0.756,-0.868,-0.032,23.75,0.02,1.0833,1.0502,-0.0090,20.00,0.500,-1.106,-1.151,-0.098,23.66,0.03,1.0874,1.0170,0.0075,20.00,0.500,2.233,2.268,0.165,23.52,0.11,0.0999,0.0787,-0.0045,20.00,0.500,-0.729,-0.725,-0.058,23.66,0.01,0.7780,0.7428,0.0030,20.00,0.500,1.105,1.083,0.081,23.56,0.03,1.2616,1.2150,0.0554,20.00,0.500,-1.564,-1.924,-0.120,23.38,0.06,0.1041,0.0741,0.0075,20.00,0.500,0.952,0.952,0.091,23.59,0.02,0.7823,0.7625,-0.0150,20.00,0.500,-0.681,-0.769,-0.066,23.55,0.01,1.3850,1.3213,0.0285,20.00,0.500,2.057,1.985,0.129,23.36,0.10
2.0100,0.1175,0.0966,0.0000,20.00,0.500,-0.650,-1.338,-0.029,23.65,0.01,0.7141,0.6875,0.0090,20.00,0.500,0.831,0.385,0.129,23.56,0.01,1.3708,1.2897,0.0090,20.00,0.500,-2.690,-2.562,-0.198,23.46,0.13,0.0716,0.0502,0.0135,20.00,0.500,-0.755,-0.741,-0.034,23.76,0.02,1.0833,1.0501,-0.0000,20.00,0.500,-1.127,-1.173,-0.100,23.65,0.03,1.0874,1.0170,0.0045,20.00,0.500,2.247,2.196,0.172,23.53,0.10,0.0999,0.0786,-0.0045,20.00,0.500,-0.743,-0.682,-0.060,23.66,0.01,0.7780,0.7428,-0.0060,20.00,0.500,1.108,1.094,0.082,23.56,0.03,1.2616,1.2172,0.2457,20.00,0.500,-1.310,-1.244,-0.119,23.38,0.05,0.1041,0.0743,0.0090,20.00,0.500,0.930,0.473,0.062,23.59,0.02,0.7823,0.7624,-0.0090,20.00,0.500,-0.704,-0.514,-0.074,23.54,0.01,1.3850,1.3218,0.0449,20.00,0.500,1.988,1.899,0.141,23.37,0.08
2.0200,0.1175,0.0966,0.0000,20.00,0.500,-0.650,-1.338,-0.029,23.65,0.01,0.7141,0.6875,0.0449,20.00,0.500,0.831,0.385,0.129,23.56,0.01,1.3708,1.2897,0.0090,20.00,0.500,-2.690,-2.562,-0.198,23.46,0.13,0.0716,0.0501,-0.0225,20.00,0.500,-0.755,-0.741,-0.034,23.76,0.02,1.0833,1.0500,-0.0210,20.00,0.500,-1.127,-1.173,-0.100,23.65,0.03,1.0874,1.0170,0.0090,20.00,0.500,2.247,2.196,0.172,23.53,0.10,0.0999,0.0785,-0.0105,20.00,0.500,-0.743,-0.682,-0.060,23.66,0.01,0.7780,0.7430,0.0060,20.00,0.500,1.108,1.094,0.082,23.56,0.03,1.2616,1.2177,0.0345,20.00,0.500,-1.310,-1.244,-0.119,23.38,0.05,0.1041,0.0744,0.0240,20.00,0.500,0.930,0.473,0.062,23.59,0.02,0.7823,0.7623,-0.0060,20.00,0.500,-0.704,-0.514,-0.074,23.54,0.01,1.3850,1.3218,0.0449,20.00,0.500,1.988,1.899,0.141,23.37,0.08
2.0300,0.1175,0.0967,0.0015,20.00,0.500,-0.650,-1.338,-0.029,23.65,0.01,0.7141,0.6874,-0.0210,20.00,0.500,0.831,0.385,0.129,23.56,0.01,1.3708,1.2898,0.0015,20.00,0.500,-2.690,-2.562,-0.198,23.46,0.13,0.0716,0.0502,-0.0015,20.00,0.500,-0.755,-0.741,-0.034,23.76,0.02,1.0833,1.0499,-0.0105,20.00,0.500,-1.127,-1.173,-0.100,23.65,0.03,1.0874,1.0170,0.0015,20.00,0.500,2.247,2.196,0.172,23.53,0.10,0.0999,0.0786,0.0045,20.00,0.500,-0.743,-0.682,-0.060,23.66,0.01,0.7780,0.7434,0.0539,20.00,0.500,1.108,1.094,0.082,23.56,0.03,1.2616,1.2178,0.0090,20.00,0.500,-1.310,-1.244,-0.119,23.38,0.05,0.1041,0.0747,0.0105,20.00,0.500,0.930,0.473,0.062,23.59,0.02,0.7823,0.7624,0.0135,20.00,0.500,-0.704,-0.514,-0.074,23.54,0.01,1.3850,1.3233,0.0914,20.00,0.500,1.988,1.899,0.141,23.37,0.08
2.0400,0.1175,0.0966,0.0015,20.00,0.500,-0.650,-1.338,-0.029,23.65,0.01,0.7141,0.6873,-0.0375,20.00,0.500,0.831,0.385,0.129,23.56,0.01,1.3708,1.2898,-0.0015,20.00,0.500,-2.690,-2.562,-0.198,23.46,0.13,0.0716,0.0506,0.0479,20.00,0.500,-0.755,-0.741,-0.034,23.76,0.02,1.0833,1.0499,-0.0045,20.00,0.500,-1.127,-1.173,-0.100,23.65,0.03,1.0874,1.0171,0.0015,20.00,0.500,2.247,2.196,0.172,23.53,0.10,0.0999,0.0785,-0.0015,20.00,0.500,-0.743,-0.682,-0.060,23.66,0.01,0.7780,0.7436,0.0255,20.00,0.500,1.108,1.094,0.082,23.56,0.03,1.2616,1.2181,0.0225,20.00,0.500,-1.310,-1.244,-0.119,23.38,0.05,0.1041,0.0749,0.0270,20.00,0.500,0.930,0.473,0.062,23.59,0.02,0.7823,0.7624,0.0015,20.00,0.500,-0.704,-0.514,-0.074,23.54,0.01,1.3850,1.3237,0.0315,20.00,0.500,1.988,1.899,0.141,23.37,0.08
2.0500,0.1175,0.0966,0.0060,20.00,0.500,-0.650,-1.338,-0.029,23.65,0.01,0.7141,0.6875,-0.0075,20.00,0.500,0.831,0.385,0.129,23.56,0.01,1.3708,1.2899,0.0045,20.00,0.500,-2.690,-2.562,-0.198,23.46,0.13,0.0716,0.0505,-0.0000,20.00,0.500,-0.755,-0.741,-0.034,23.76,0.02,1.0833,1.0498,-0.0090,20.00,0.500,-1.127,-1.173,-0.100,23.65,0.03,1.0874,1.0171,0.0030,20.00,0.500,2.247,2.196,0.172,23.53,0.10,0.0999,0.0785,-0.0000,20.00,0.500,-0.743,-0.682,-0.060,23.66,0.01,0.7780,0.7436,0.0000,20.00,0.500,1.108,1.094,0.082,23.56,0.03,1.2616,1.2183,0.0240,20.00,0.500,-1.310,-1.244,-0.119,23.38,0.05,0.1041,0.0749,-0.0045,20.00,0.500,0.930,0.473,0.062,23.59,0.02,0.7823,0.7623,-0.0135,20.00,0.500,-0.704,-0.514,-0.074,23.54,0.01,1.3850,1.3238,0.0240,20.00,0.500,1.988,1.899,0.141,23.37,0.08
2.0600,0.1175,0.0966,0.0135,20.00,0.500,-0.642,-0.969,-0.045,23.65,0.01,0.7141,0.6875,0.0060,20.00,0.500,0.838,0.666,-0.009,23.57,0.02,1.3708,1.2898,-0.0135,20.00,0.500,-2.695,-2.360,-0.252,23.47,0.11,0.0716,0.0504,-0.0150,20.00,0.500,-0.733,-0.745,-0.054,23.75,0.01,1.0833,1.0497,-0.0090,20.00,0.500,-1.147,-1.396,-0.082,23.66,0.03,1.0874,1.0172,0.0195,20.00,0.500,2.228,2.264,0.173,23.52,0.10,0.0999,0.0785,0.0090,20.00,0.500,-0.747,-0.724,-0.052,23.66,0.01,0.7780,0.7437,-0.0045,20.00,0.500,1.091,1.055,0.085,23.55,0.03,1.2616,1.2185,0.0360,20.00,0.500,-1.422,-1.466,-0.119,23.39,0.05,0.1041,0.0750,0.0105,20.00,0.500,0.901,1.102,0.057,23.60,0.02,0.7823,0.7622,0.0030,20.00,0.500,-0.677,-0.671,-0.051,23.54,0.01,1.3850,1.3241,0.0210,20.00,0.500,1.935,1.923,0.147,23.37,0.08
2.0700,0.1175,0.0966,0.0135,20.00,0.500,-0.642,-0.969,-0.045,23.65,0.01,0.7141,0.6873,0.0000,20.00,0.500,0.838,0.666,-0.009,23.57,0.02,1.3708,1.2900,0.0255,20.00,0.500,-2.695,-2.360,-0.252,23.47,0.11,0.0716,0.0504,-0.0045,20.00,0.500,-0.733,-0.745,-0.054,23.75,0.01,1.0833,1.0496,-0.0015,20.00,0.500,-1.147,-1.396,-0.082,23.66,0.03,1.0874,1.0173,0.0165,20.00,0.500,2.228,2.264,0.173,23.52,0.10,0.0999,0.0785,-0.0135,20.00,0.500,-0.747,-0.724,-0.052,23.66,0.01,0.7780,0.7438,0.0120,20.00,0.500,1.091,1.055,0.085,23.55,0.03,1.2616,1.2188,0.0240,20.00,0.500,-1.422,-1.466,-0.119,23.39,0.05,0.1041,0.0751,0.0165,20.00,0.500,0.901,1.102,0.057,23.60,0.02,0.7823,0.7621,-0.0210,20.00,0.500,-0.677,-0.671,-0.051,23.54,0.01,1.3850,1.3242,0.0090,20.00,0.500,1.935,1.923,0.147,23.37,0.08
2.0800,0.1175,0.0966,-0.0210,20.00,0.500,-0.642,-0.969,-0.045,23.65,0.01,0.7141,0.6871,-0.0794,20.00,0.500,0.838,0.666,-0.009,23.57,0.02,1.3708,1.2898,0.0045,20.00,0.500,-2.695,-2.360,-0.252,23.47,0.11,0.0716,0.0504,0.0015,20.00,0.500,-0.733,-0.745,-0.054,23.75,0.01,1.0833,1.0496,0.0030,20.00,0.500,-1.147,-1.396,-0.082,23.66,0.03,1.0874,1.0173,-0.0045,20.00,0.500,2.228,2.264,0.173,23.52,0.10,0.0999,0.0785,0.0030,20.00,0.500,-0.747,-0.724,-0.052,23.66,0.01,0.7780,0.7437,0.0000,20.00,0.500,1.091,1.055,0.085,23.55,0.03,1.2616,1.2189,0.0225,20.00,0.500,-1.422,-1.466,-0.119,23.39,0.05,0.1041,0.0752,0.0330,20.00,0.500,0.901,1.102,0.057,23.60,0.02,0.7823,0.7622,0.0015,20.00,0.500,-0.677,-0.671,-0.051,23.54,0.01,1.3850,1.3242,0.0090,20.00,0.500,1.935,1.923,0.147,23.37,0.08
2.0900,0.1175,0.0967,-0.0015,20.00,0.500,-0.642,-0.969,-0.045,23.65,0.01,0.7141,0.6873,0.0090,20.00,0.500,0.838,0.666,-0.009,23.57,0.02,1.3708,1.2898,-0.0225,20.00,0.500,-2.695,-2.360,-0.252,23.47,0.11,0.0716,0.0503,0.0060,20.00,0.500,-0.733,-0.745,-0.054,23.75,0.01,1.0833,1.0496,-0.0030,20.00,0.500,-1.147,-1.396,-0.082,23.66,0.03,1.0874,1.0173,0.0090,20.00,0.500,2.228,2.264,0.173,23.52,0.10,0.0999,0.0786,0.0120,20.00,0.500,-0.747,-0.724,-0.052,23.66,0.01,0.7780,0.7438,0.0015,20.00,0.500,1.091,1.055,0.085,23.55,0.03,1.2616,1.2189,0.0150,20.00,0.500,-1.422,-1.466,-0.119,23.39,0.05,0.1041,0.0753,0.0255,20.00,0.500,0.901,1.102,0.057,23.60,0.02,0.7823,0.7622,0.0045,20.00,0.500,-0.677,-0.671,-0.051,23.54,0.01,1.3850,1.3243,0.0105,20.00,0.500,1.935,1.923,0.147,23.37,0.08
2.1000,0.1175,0.0966,-0.0135,20.00,0.500,-0.642,-0.969,-0.045,23.65,0.01,0.7141,0.6872,-0.0105,20.00,0.500,0.838,0.666,-0.009,23.57,0.02,1.3708,1.2903,0.0554,20.00,0.500,-2.695,-2.360,-0.252,23.47,0.11,0.0716,0.0504,0.0060,20.00,0.500,-0.733,-0.745,-0.054,23.75,0.01,1.0833,1.0495,-0.0135,20.00,0.500,-1.147,-1.396,-0.082,23.66,0.03,1.0874,1.0174,0.0045,20.00,0.500,2.228,2.264,0.173,23.52,0.10,0.0999,0.0785,-0.0045,20.00,0.500,-0.747,-0.724,-0.052,23.66,0.01,0.7780,0.7437,-0.0090,20.00,0.500,1.091,1.055,0.085,23.55,0.03,1.2616,1.2190,0.0195,20.00,0.500,-1.422,-1.466,-0.119,23.39,0.05,0.1041,0.0751,-0.0060,20.00,0.500,0.901,1.102,0.057,23.60,0.02,0.7823,0.7622,-0.0180,20.00,0.500,-0.677,-0.671,-0.051,23.54,0.01,1.3850,1.3243,0.0015,20.00,0.500,1.935,1.923,0.147,23.37,0.08
2.1100,0.1175,0.0967,0.0120,20.00,0.500,-0.654,-0.356,-0.029,23.64,0.01,0.7141,0.6871,-0.0285,20.00,0.500,0.838,0.921,0.007,23.57,0.02,1.3708,1.2900,-0.0120,20.00,0.500,-2.691,-2.802,-0.197,23.47,0.12,0.0716,0.0503,-0.0210,20.00,0.500,-0.750,-0.846,-0.065,23.75,0.02,1.0833,1.0495,-0.0045,20.00,0.500,-1.144,-0.902,-0.094,23.66,0.03,1.0874,1.0174,0.0045,20.00,0.500,2.235,2.294,0.175,23.51,0.10,0.0999,0.0786,0.0060,20.00,0.500,-0.727,-0.607,-0.058,23.66,0.01,0.7780,0.7437,0.0030,20.00,0.500,1.092,1.064,0.084,23.56,0.03,1.2616,1.2193,0.0285,20.00,0.500,-1.417,-1.487,-0.114,23.39,0.05,0.1041,0.0751,-0.0165,20.00,0.500,0.930,1.296,0.069,23.58,0.02,0.7823,0.7623,0.0210,20.00,0.500,-0.691,-0.278,-0.044,23.55,0.01,1.3850,1.3245,0.0120,20.00,0.500,1.929,2.222,0.155,23.37,0.08
2.1200,0.1175,0.0967,0.0120,20.00,0.500,-0.654,-0.356,-0.029,23.64,0.01,0.7141,0.6872,-0.0030,20.00,0.500,0.838,0.921,0.007,23.57,0.02,1.3708,1.2900,-0.0345,20.00,0.500,-2.691,-2.802,-0.197,23.47,0.12,0.0716,0.0504,-0.0135,20.00,0.500,-0.750,-0.846,-0.065,23.75,0.02,1.0833,1.0496,-0.0015,20.00,0.500,-1.144,-0.902,-0.094,23.66,0.03,1.0874,1.0175,0.0075,20.00,0.500,2.235,2.294,0.175,23.51,0.10,0.0999,0.0785,-0.0030,20.00,0.500,-0.727,-0.607,-0.058,23.66,0.01,0.7780,0.7436,-0.0045,20.00,0.500,1.092,1.064,0.084,23.56,0.03,1.2616,1.2194,0.0120,20.00,0.500,-1.417,-1.487,-0.114,23.39,0.05,0.1041,0.0750,-0.0165,20.00,0.500,0.930,1.296,0.069,23.58,0.02,0.7823,0.7624,0.0255,20.00,0.500,-0.691,-0.278,-0.044,23.55,0.01,1.3850,1.3245,0.0120,20.00,0.500,1.929,2.222,0.155,23.37,0.08
2.1300,0.1175,0.0966,0.0030,20.00,0.500,-0.654,-0.356,-0.029,23.64,0.01,0.7141,0.6872,0.0165,20.00,0.500,0.838,0.921,0.007,23.57,0.02,1.3708,1.2902,-0.0015,20.00,0.500,-2.691,-2.802,-0.197,23.47,0.12,0.0716,0.0503,-0.0030,20.00,0.500,-0.750,-0.846,-0.065,23.75,0.02,1.0833,1.0496,-0.0030,20.00,0.500,-1.144,-0.902,-0.094,23.66,0.03,1.0874,1.0176,0.0120,20.00,0.500,2.235,2.294,0.175,23.51,0.10,0.0999,0.0787,0.0105,20.00,0.500,-0.727,-0.607,-0.058,23.66,0.01,0.7780,0.7436,-0.0090,20.00,0.500,1.092,1.064,0.084,23.56,0.03,1.2616,1.2195,-0.0060,20.00,0.500,-1.417,-1.487,-0.114,23.39,0.05,0.1041,0.0750,-0.0255,20.00,0.500,0.930,1.296,0.069,23.58,0.02,0.7823,0.7624,0.0015,20.00,0.500,-0.691,-0.278,-0.044,23.55,0.01,1.3850,1.3245,-0.0045,20.00,0.500,1.929,2.222,0.155,23.37,0.08
2.1400,0.1175,0.0966,0.0015,20.00,0.500,-0.654,-0.356,-0.029,23.64,0.01,0.7141,0.6871,0.0090,20.00,0.500,0.838,0.921,0.007,23.57,0.02,1.3708,1.2902,0.0345,20.00,0.500,-2.691,-2.802,-0.197,23.47,0.12,0.0716,0.0505,0.0180,20.00,0.500,-0.750,-0.846,-0.065,23.75,0.02,1.0833,1.0496,0.0075,20.00,0.500,-1.144,-0.902,-0.094,23.66,0.03,1.0874,1.0176,-0.0045,20.00,0.500,2.235,2.294,0.175,23.51,0.10,0.0999,0.0787,0.0030,20.00,0.500,-0.727,-0.607,-0.058,23.66,0.01,0.7780,0.7436,-0.0015,20.00,0.500,1.092,1.064,0.084,23.56,0.03,1.2616,1.2197,0.0120,20.00,0.500,-1.417,-1.487,-0.114,23.39,0.05,0.1041,0.0751,0.0045,20.00,0.500,0.930,1.296,0.069,23.58,0.02,0.7823,0.7625,0.0240,20.00,0.500,-0.691,-0.278,-0.044,23.55,0.01,1.3850,1.3246,0.0075,20.00,0.500,1.929,2.222,0.155,23.37,0.08
2.1500,0.1175,0.0965,-0.0285,20.00,0.500,-0.654,-0.356,-0.029,23.64,0.01,0.7141,0.6871,-0.0300,20.00,0.500,0.838,0.921,0.007,23.57,0.02,1.3708,1.2898,-0.0360,20.00,0.500,-2.691,-2.802,-0.197,23.47,0.12,0.0716,0.0502,-0.0075,20.00,0.500,-0.750,-0.846,-0.065,23.75,0.02,1.0833,1.0496,0.0075,20.00,0.500,-1.144,-0.902,-0.094,23.66,0.03,1.0874,1.0177,0.0090,20.00,0.500,2.235,2.294,0.175,23.51,0.10,0.0999,0.0787,-0.0015,20.00,0.500,-0.727,-0.607,-0.058,23.66,0.01,0.7780,0.7435,0.0060,20.00,0.500,1.092,1.064,0.084,23.56,0.03,1.2616,1.2198,0.0165,20.00,0.500,-1.417,-1.487,-0.114,23.39,0.05,0.1041,0.0751,0.0240,20.00,0.500,0.930,1.296,0.069,23.58,0.02,0.7823,0.7624,-0.0030,20.00,0.500,-0.691,-0.278,-0.044,23.55,0.01,1.3850,1.3248,0.0180,20.00,0.500,1.929,2.222,0.155,23.37,0.08
2.1600,0.1175,0.0966,-0.0090,20.00,0.500,-0.649,-0.559,-0.047,23.67,0.01,0.7141,0.6872,-0.0180,20.00,0.500,0.807,1.282,0.010,23.57,0.02,1.3708,1.2901,0.0285,20.00,0.500,-2.646,-2.720,-0.183,23.46,0.13,0.0716,0.0504,0.0240,20.00,0.500,-0.757,-0.909,-0.064,23.75,-0.01,1.0833,1.0496,0.0030,20.00,0.500,-1.137,-1.009,-0.088,23.66,0.03,1.0874,1.0177,0.0015,20.00,0.500,2.227,2.233,0.168,23.54,0.10,0.0999,0.0788,0.0120,20.00,0.500,-0.719,-0.765,-0.052,23.66,0.01,0.7780,0.7435,0.0030,20.00,0.500,1.093,1.038,0.079,23.57,0.03,1.2616,1.2197,-0.0120,20.00,0.500,-1.410,-1.550,-0.107,23.38,0.05,0.1041,0.0749,0.0000,20.00,0.500,0.914,1.139,0.096,23.59,0.02,0.7823,0.7624,-0.0060,20.00,0.500,-0.681,-1.028,-0.019,23.55,0.00,1.3850,1.3250,0.0135,20.00,0.500,1.912,1.853,0.121,23.38,0.08
2.1700,0.1175,0.0966,-0.0090,20.00,0.500,-0.649,-0.559,-0.047,23.67,0.01,0.7141,0.6873,0.0719,20.00,0.500,0.807,1.282,0.010,23.57,0.02,1.3708,1.2900,0.0015,20.00,0.500,-2.646,-2.720,-0.183,23.46,0.13,0.0716,0.0503,0.0045,20.00,0.500,-0.757,-0.909,-0.064,23.75,-0.01,1.0833,1.0497,0.0180,20.00,0.500,-1.137,-1.009,-0.088,23.66,0.03,1.0874,1.0177,0.0045,20.00,0.500,2.227,2.233,0.168,23.54,0.10,0.0999,0.0787,-0.0015,20.00,0.500,-0.719,-0.765,-0.052,23.66,0.01,0.7780,0.7435,0.0075,20.00,0.500,1.093,1.038,0.079,23.57,0.03,1.2616,1.2198,-0.0015,20.00,0.500,-1.410,-1.550,-0.107,23.38,0.05,0.1041,0.0749,-0.0105,20.00,0.500,0.914,1.139,0.096,23.59,0.02,0.7823,0.7625,0.0045,20.00,0.500,-0.681,-1.028,-0.019,23.55,0.00,1.3850,1.3250,0.0135,20.00,0.500,1.912,1.853,0.121,23.38,0.08
2.1800,0.1175,0.0966,-0.0060,20.00,0.500,-0.649,-0.559,-0.047,23.67,0.01,0.7141,0.6870,-0.0315,20.00,0.500,0.807,1.282,0.010,23.57,0.02,1.3708,1.2904,0.0554,20.00,0.500,-2.646,-2.720,-0.183,23.46,0.13,0.0716,0.0504,0.0300,20.00,0.500,-0.757,-0.909,-0.064,23.75,-0.01,1.0833,1.0496,0.0060,20.00,0.500,-1.137,-1.009,-0.088,23.66,0.03,1.0874,1.0178,0.0090,20.00,0.500,2.227,2.233,0.168,23.54,0.10,0.0999,0.0787,-0.0090,20.00,0.500,-0.719,-0.765,-0.052,23.66,0.01,0.7780,0.7435,0.0045,20.00,0.500,1.093,1.038,0.079,23.57,0.03,1.2616,1.2198,-0.0075,20.00,0.500,-1.410,-1.550,-0.107,23.38,0.05,0.1041,0.0750,-0.0045,20.00,0.500,0.914,1.139,0.096,23.59,0.02,0.7823,0.7625,0.0120,20.00,0.500,-0.681,-1.028,-0.019,23.55,0.00,1.3850,1.3250,0.0000,20.00,0.500,1.912,1.853,0.121,23.38,0.08
2.1900,0.1175,0.0967,-0.0030,20.00,0.500,-0.649,-0.559,-0.047,23.67,0.01,0.7141,0.6870,-0.0225,20.00,0.500,0.807,1.282,0.010,23.57,0.02,1.3708,1.2900,-0.0419,20.00,0.500,-2.646,-2.720,-0.183,23.46,0.13,0.0716,0.0503,0.0030,20.00,0.500,-0.757,-0.909,-0.064,23.75,-0.01,1.0833,1.0497,0.0075,20.00,0.500,-1.137,-1.009,-0.088,23.66,0.03,1.0874,1.0179,0.0195,20.00,0.500,2.227,2.233,0.168,23.54,0.10,0.0999,0.0787,0.0105,20.00,0.500,-0.719,-0.765,-0.052,23.66,0.01,0.7780,0.7436,0.0135,20.00,0.500,1.093,1.038,0.079,23.57,0.03,1.2616,1.2198,0.0150,20.00,0.500,-1.410,-1.550,-0.107,23.38,0.05,0.1041,0.0750,-0.0030,20.00,0.500,0.914,1.139,0.096,23.59,0.02,0.7823,0.7624,-0.0225,20.00,0.500,-0.681,-1.028,-0.019,23.55,0.00,1.3850,1.3252,-0.0045,20.00,0.500,1.912,1.853,0.121,23.38,0.08
2.2000,0.1175,0.0968,0.0150,20.00,0.500,-0.649,-0.559,-0.047,23.67,0.01,0.7141,0.6872,0.0255,20.00,0.500,0.807,1.282,0.010,23.57,0.02,1.3708,1.2903,0.0150,20.00,0.500,-2.646,-2.720,-0.183,23.46,0.13,0.0716,0.0504,0.0090,20.00,0.500,-0.757,-0.909,-0.064,23.75,-0.01,1.0833,1.0496,-0.0000,20.00,0.500,-1.137,-1.009,-0.088,23.66,0.03,1.0874,1.0180,0.0105,20.00,0.500,2.227,2.233,0.168,23.54,0.10,0.0999,0.0786,-0.0030,20.00,0.500,-0.719,-0.765,-0.052,23.66,0.01,0.7780,0.7435,-0.0060,20.00,0.500,1.093,1.038,0.079,23.57,0.03,1.2616,1.2199,0.0195,20.00,0.500,-1.410,-1.550,-0.107,23.38,0.05,0.1041,0.0750,0.0135,20.00,0.500,0.914,1.139,0.096,23.59,0.02,0.7823,0.7625,0.0180,20.00,0.500,-0.681,-1.028,-0.019,23.55,0.00,1.3850,1.3254,0.0195,20.00,0.500,1.912,1.853,0.121,23.38,0.08
2.2100,0.1175,0.0967,-0.0045,20.00,0.500,-0.636,-1.011,-0.024,23.64,0.01,0.7141,0.6872,0.0165,20.00,0.500,0.859,0.801,0.094,23.56,0.02,1.3708,1.2901,0.0060,20.00,0.500,-2.673,-2.489,-0.223,23.47,0.14,0.0716,0.0503,0.0090,20.00,0.500,-0.749,-0.550,-0.074,23.76,0.01,1.0833,1.0496,-0.0075,20.00,0.500,-1.147,-1.196,-0.088,23.65,0.03,1.0874,1.0181,0.0105,20.00,0.500,2.205,2.211,0.172,23.53,0.10,0.0999,0.0786,-0.0105,20.00,0.500,-0.733,-0.726,-0.058,23.67,0.01,0.7780,0.7435,-0.0015,20.00,0.500,1.095,1.082,0.084,23.56,0.03,1.2616,1.2198,0.0075,20.00,0.500,-1.395,-1.351,-0.112,23.38,0.05,0.1041,0.0749,-0.0045,20.00,0.500,0.917,1.039,0.092,23.60,0.02,0.7823,0.7624,0.0075,20.00,0.500,-0.692,-0.675,-0.069,23.54,0.01,1.3850,1.3253,0.0120,20.00,0.500,1.899,1.879,0.131,23.37,0.08
2.2200,0.1175,0.0967,-0.0045,20.00,0.500,-0.636,-1.011,-0.024,23.64,0.01,0.7141,0.6873,0.0045,20.00,0.500,0.859,0.801,0.094,23.56,0.02,1.3708,1.2900,-0.0479,20.00,0.500,-2.673,-2.489,-0.223,23.47,0.14,0.0716,0.0503,0.0060,20.00,0.500,-0.749,-0.550,-0.074,23.76,0.01,1.0833,1.0496,-0.0015,20.00,0.500,-1.147,-1.196,-0.088,23.65,0.03,1.0874,1.0183,0.0240,20.00,0.500,2.205,2.211,0.172,23.53,0.10,0.0999,0.0786,0.0015,20.00,0.500,-0.733,-0.726,-0.058,23.67,0.01,0.7780,0.7436,0.0015,20.00,0.500,1.095,1.082,0.084,23.56,0.03,1.2616,1.2200,0.0315,20.00,0.500,-1.395,-1.351,-0.112,23.38,0.05,0.1041,0.0749,0.0015,20.00,0.500,0.917,1.039,0.092,23.60,0.02,0.7823,0.7624,-0.0030,20.00,0.500,-0.692,-0.675,-0.069,23.54,0.01,1.3850,1.3253,0.0120,20.00,0.500,1.899,1.879,0.131,23.37,0.08
2.2300,0.1175,0.0969,0.0419,20.00,0.500,-0.636,-1.011,-0.024,23.64,0.01,0.7141,0.6872,-0.0330,20.00,0.500,0.859,0.801,0.094,23.56,0.02,1.3708,1.2902,0.0150,20.00,0.500,-2.673,-2.489,-0.223,23.47,0.14,0.0716,0.0503,0.0120,20.00,0.500,-0.749,-0.550,-0.074,23.76,0.01,1.0833,1.0496,0.0015,20.00,0.500,-1.147,-1.196,-0.088,23.65,0.03,1.0874,1.0184,0.0225,20.00,0.500,2.205,2.211,0.172,23.53,0.10,0.0999,0.0786,-0.0030,20.00,0.500,-0.733,-0.726,-0.058,23.67,0.01,0.7780,0.7435,-0.0210,20.00,0.500,1.095,1.082,0.084,23.56,0.03,1.2616,1.2199,0.0075,20.00,0.500,-1.395,-1.351,-0.112,23.38,0.05,0.1041,0.0750,-0.0030,20.00,0.500,0.917,1.039,0.092,23.60,0.02,0.7823,0.7624,0.0075,20.00,0.500,-0.692,-0.675,-0.069,23.54,0.01,1.3850,1.3256,0.0120,20.00,0.500,1.899,1.879,0.131,23.37,0.08
2.2400,0.1175,0.0966,-0.0150,20.00,0.500,-0.636,-1.011,-0.024,23.64,0.01,0.7141,0.6873,0.0090,20.00,0.500,0.859,0.801,0.094,23.56,0.02,1.3708,1.2900,-0.0240,20.00,0.500,-2.673,-2.489,-0.223,23.47,0.14,0.0716,0.0502,-0.0120,20.00,0.500,-0.749,-0.550,-0.074,23.76,0.01,1.0833,1.0497,0.0075,20.00,0.500,-1.147,-1.196,-0.088,23.65,0.03,1.0874,1.0188,0.0285,20.00,0.500,2.205,2.211,0.172,23.53,0.10,0.0999,0.0785,-0.0090,20.00,0.500,-0.733,-0.726,-0.058,23.67,0.01,0.7780,0.7437,0.0165,20.00,0.500,1.095,1.082,0.084,23.56,0.03,1.2616,1.2200,0.0135,20.00,0.500,-1.395,-1.351,-0.112,23.38,0.05,0.1041,0.0751,0.0075,20.00,0.500,0.917,1.039,0.092,23.60,0.02,0.7823,0.7623,-0.0045,20.00,0.500,-0.692,-0.675,-0.069,23.54,0.01,1.3850,1.3258,-0.0045,20.00,0.500,1.899,1.879,0.131,23.37,0.08
2.2500,0.1175,0.0967,-0.0060,20.00,0.500,-0.636,-1.011,-0.024,23.64,0.01,0.7141,0.6874,-0.0270,20.00,0.500,0.859,0.801,0.094,23.56,0.02,1.3708,1.2901,-0.0045,20.00,0.500,-2.673,-2.489,-0.223,23.47,0.14,0.0716,0.0503,-0.0030,20.00,0.500,-0.749,-0.550,-0.074,23.76,0.01,1.0833,1.0496,0.0015,20.00,0.500,-1.147,-1.196,-0.088,23.65,0.03,1.0874,1.0191,0.0255,20.00,0.500,2.205,2.211,0.172,23.53,0.10,0.0999,0.0786,0.0060,20.00,0.500,-0.733,-0.726,-0.058,23.67,0.01,0.7780,0.7436,0.0075,20.00,0.500,1.095,1.082,0.084,23.56,0.03,1.2616,1.2201,0.0180,20.00,0.500,-1.395,-1.351,-0.112,23.38,0.05,0.1041,0.0750,-0.0210,20.00,0.500,0.917,1.039,0.092,23.60,0.02,0.7823,0.7623,-0.0090,20.00,0.500,-0.692,-0.675,-0.069,23.54,0.01,1.3850,1.3259,0.0165,20.00,0.500,1.899,1.879,0.131,23.37,0.08
2.2600,0.1175,0.0967,-0.0120,20.00,0.500,-0.633,-0.317,-0.073,23.66,0.01,0.7141,0.6875,0.0375,20.00,0.500,0.814,1.323,0.084,23.57,0.01,1.3708,1.2902,0.0045,20.00,0.500,-2.650,-2.632,-0.184,23.46,0.12,0.0716,0.0503,-0.0045,20.00,0.500,-0.747,-0.813,-0.072,23.76,0.01,1.0833,1.0497,0.0060,20.00,0.500,-1.136,-1.134,-0.082,23.67,0.03,1.0874,1.0194,0.0330,20.00,0.500,2.129,2.203,0.162,23.52,0.09,0.0999,0.0786,0.0045,20.00,0.500,-0.728,-0.723,-0.056,23.66,0.01,0.7780,0.7436,0.0090,20.00,0.500,1.078,0.912,0.085,23.56,0.03,1.2616,1.2201,0.0195,20.00,0.500,-1.375,-1.393,-0.106,23.39,0.05,0.1041,0.0750,-0.0075,20.00,0.500,0.918,0.872,0.049,23.59,0.03,0.7823,0.7624,-0.0000,20.00,0.500,-0.692,-0.546,-0.046,23.55,0.00,1.3850,1.3261,0.0240,20.00,0.500,1.875,2.042,0.149,23.37,0.08
2.2700,0.1175,0.0967,-0.0120,20.00,0.500,-0.633,-0.317,-0.073,23.66,0.01,0.7141,0.6874,0.0240,20.00,0.500,0.814,1.323,0.084,23.57,0.01,1.3708,1.2901,0.0345,20.00,0.500,-2.650,-2.632,-0.184,23.46,0.12,0.0716,0.0502,-0.0135,20.00,0.500,-0.747,-0.813,-0.072,23.76,0.01,1.0833,1.0497,0.0045,20.00,0.500,-1.136,-1.134,-0.082,23.67,0.03,1.0874,1.0200,0.0509,20.00,0.500,2.129,2.203,0.162,23.52,0.09,0.0999,0.0785,0.0045,20.00,0.500,-0.728,-0.723,-0.056,23.66,0.01,0.7780,0.7436,0.0075,20.00,0.500,1.078,0.912,0.085,23.56,0.03,1.2616,1.2201,0.0135,20.00,0.500,-1.375,-1.393,-0.106,23.39,0.05,0.1041,0.0751,0.0060,20.00,0.500,0.918,0.872,0.049,23.59,0.03,0.7823,0.7624,0.0045,20.00,0.500,-0.692,-0.546,-0.046,23.55,0.00,1.3850,1.3261,0.0240,20.00,0.500,1.875,2.042,0.149,23.37,0.08
2.2800,0.1175,0.0968,0.0150,20.00,0.500,-0.633,-0.317,-0.073,23.66,0.01,0.7141,0.6873,-0.0075,20.00,0.500,0.814,1.323,0.084,23.57,0.01,1.3708,1.2899,-0.0419,20.00,0.500,-2.650,-2.632,-0.184,23.46,0.12,0.0716,0.0504,0.0270,20.00,0.500,-0.747,-0.813,-0.072,23.76,0.01,1.0833,1.0496,-0.0060,20.00,0.500,-1.136,-1.134,-0.082,23.67,0.03,1.0874,1.0203,0.0180,20.00,0.500,2.129,2.203,0.162,23.52,0.09,0.0999,0.0785,-0.0045,20.00,0.500,-0.728,-0.723,-0.056,23.66,0.01,0.7780,0.7436,-0.0060,20.00,0.500,1.078,0.912,0.085,23.56,0.03,1.2616,1.2201,0.0030,20.00,0.500,-1.375,-1.393,-0.106,23.39,0.05,0.1041,0.0751,-0.0030,20.00,0.500,0.918,0.872,0.049,23.59,0.03,0.7823,0.7624,-0.0015,20.00,0.500,-0.692,-0.546,-0.046,23.55,0.00,1.3850,1.3262,0.0210,20.00,0.500,1.875,2.042,0.149,23.37,0.08
2.2900,0.1175,0.0967,0.0015,20.00,0.500,-0.633,-0.317,-0.073,23.66,0.01,0.7141,0.6874,-0.0090,20.00,0.500,0.814,1.323,0.084,23.57,0.01,1.3708,1.2903,0.0195,20.00,0.500,-2.650,-2.632,-0.184,23.46,0.12,0.0716,0.0504,0.0210,20.00,0.500,-0.747,-0.813,-0.072,23.76,0.01,1.0833,1.0497,0.0045,20.00,0.500,-1.136,-1.134,-0.082,23.67,0.03,1.0874,1.0206,0.0360,20.00,0.500,2.129,2.203,0.162,23.52,0.09,0.0999,0.0786,0.0105,20.00,0.500,-0.728,-0.723,-0.056,23.66,0.01,0.7780,0.7436,0.0030,20.00,0.500,1.078,0.912,0.085,23.56,0.03,1.2616,1.2201,-0.0030,20.00,0.500,-1.375,-1.393,-0.106,23.39,0.05,0.1041,0.0751,-0.0150,20.00,0.500,0.918,0.872,0.049,23.59,0.03,0.7823,0.7624,0.0120,20.00,0.500,-0.692,-0.546,-0.046,23.55,0.00,1.3850,1.3263,0.0210,20.00,0.500,1.875,2.042,0.149,23.37,0.08
2.3000,0.1175,0.0966,0.0255,20.00,0.500,-0.633,-0.317,-0.073,23.66,0.01,0.7141,0.6873,-0.0075,20.00,0.500,0.814,1.323,0.084,23.57,0.01,1.3708,1.2902,0.0120,20.00,0.500,-2.650,-2.632,-0.184,23.46,0.12,0.0716,0.0503,-0.0045,20.00,0.500,-0.747,-0.813,-0.072,23.76,0.01,1.0833,1.0496,-0.0030,20.00,0.500,-1.136,-1.134,-0.082,23.67,0.03,1.0874,1.0206,0.0015,20.00,0.500,2.129,2.203,0.162,23.52,0.09,0.0999,0.0784,-0.0165,20.00,0.500,-0.728,-0.723,-0.056,23.66,0.01,0.7780,0.7436,0.0015,20.00,0.500,1.078,0.912,0.085,23.56,0.03,1.2616,1.2202,0.0120,20.00,0.500,-1.375,-1.393,-0.106,23.39,0.05,0.1041,0.0751,-0.0030,20.00,0.500,0.918,0.872,0.049,23.59,0.03,0.7823,0.7624,-0.0045,20.00,0.500,-0.692,-0.546,-0.046,23.55,0.00,1.3850,1.3264,0.0255,20.00,0.500,1.875,2.042,0.149,23.37,0.08
2.3100,0.1175,0.0966,0.0075,20.00,0.500,-0.623,-0.352,-0.082,23.66,0.01,0.7141,0.6871,-0.0689,20.00,0.500,0.820,1.118,0.137,23.57,0.01,1.3708,1.2902,0.0120,20.00,0.500,-2.684,-2.460,-0.199,23.47,0.11,0.0716,0.0504,0.0105,20.00,0.500,-0.726,-0.358,-0.082,23.76,0.02,1.0833,1.0497,0.0015,20.00,0.500,-1.139,-1.035,-0.075,23.66,0.03,1.0874,1.0207,0.0045,20.00,0.500,2.123,2.232,0.159,23.53,0.09,0.0999,0.0785,-0.0135,20.00,0.500,-0.744,-0.809,-0.061,23.67,0.01,0.7780,0.7436,-0.0045,20.00,0.500,1.098,1.090,0.077,23.56,0.03,1.2616,1.2201,0.0075,20.00,0.500,-1.384,-1.358,-0.117,23.39,0.05,0.1041,0.0751,-0.0015,20.00,0.500,0.911,0.968,0.069,23.60,0.01,0.7823,0.7624,-0.0000,20.00,0.500,-0.691,-0.842,-0.044,23.55,0.01,1.3850,1.3264,0.0285,20.00,0.500,1.853,1.857,0.137,23.37,0.08
2.3200,0.1175,0.0966,0.0075,20.00,0.500,-0.623,-0.352,-0.082,23.66,0.01,0.7141,0.6876,0.0509,20.00,0.500,0.820,1.118,0.137,23.57,0.01,1.3708,1.2902,0.0120,20.00,0.500,-2.684,-2.460,-0.199,23.47,0.11,0.0716,0.0504,0.0075,20.00,0.500,-0.726,-0.358,-0.082,23.76,0.02,1.0833,1.0497,0.0015,20.00,0.500,-1.139,-1.035,-0.075,23.66,0.03,1.0874,1.0207,0.0045,20.00,0.500,2.123,2.232,0.159,23.53,0.09,0.0999,0.0786,0.0105,20.00,0.500,-0.744,-0.809,-0.061,23.67,0.01,0.7780,0.7435,-0.0015,20.00,0.500,1.098,1.090,0.077,23.56,0.03,1.2616,1.2202,0.0195,20.00,0.500,-1.384,-1.358,-0.117,23.39,0.05,0.1041,0.0751,-0.0015,20.00,0.500,0.911,0.968,0.069,23.60,0.01,0.7823,0.7624,-0.0060,20.00,0.500,-0.691,-0.842,-0.044,23.55,0.01,1.3850,1.3264,0.0285,20.00,0.500,1.853,1.857,0.137,23.37,0.08
2.3300,0.1175,0.0964,-0.0315,20.00,0.500,-0.623,-0.352,-0.082,23.66,0.01,0.7141,0.6871,-0.0120,20.00,0.500,0.820,1.118,0.137,23.57,0.01,1.3708,1.2902,0.0105,20.00,0.500,-2.684,-2.460,-0.199,23.47,0.11,0.0716,0.0503,-0.0030,20.00,0.500,-0.726,-0.358,-0.082,23.76,0.02,1.0833,1.0497,-0.0000,20.00,0.500,-1.139,-1.035,-0.075,23.66,0.03,1.0874,1.0208,0.0045,20.00,0.500,2.123,2.232,0.159,23.53,0.09,0.0999,0.0785,-0.0000,20.00,0.500,-0.744,-0.809,-0.061,23.67,0.01,0.7780,0.7435,0.0000,20.00,0.500,1.098,1.090,0.077,23.56,0.03,1.2616,1.2201,-0.0060,20.00,0.500,-1.384,-1.358,-0.117,23.39,0.05,0.1041,0.0751,0.0045,20.00,0.500,0.911,0.968,0.069,23.60,0.01,0.7823,0.7624,-0.0120,20.00,0.500,-0.691,-0.842,-0.044,23.55,0.01,1.3850,1.3263,-0.0030,20.00,0.500,1.853,1.857,0.137,23.37,0.08
2.3400,0.1175,0.0966,0.0030,20.00,0.500,-0.623,-0.352,-0.082,23.66,0.01,0.7141,0.6872,-0.0300,20.00,0.500,0.820,1.118,0.137,23.57,0.01,1.3708,1.2902,-0.0060,20.00,0.500,-2.684,-2.460,-0.199,23.47,0.11,0.0716,0.0503,-0.0045,20.00,0.500,-0.726,-0.358,-0.082,23.76,0.02,1.0833,1.0497,0.0015,20.00,0.500,-1.139,-1.035,-0.075,23.66,0.03,1.0874,1.0209,0.0135,20.00,0.500,2.123,2.232,0.159,23.53,0.09,0.0999,0.0786,0.0030,20.00,0.500,-0.744,-0.809,-0.061,23.67,0.01,0.7780,0.7435,-0.0015,20.00,0.500,1.098,1.090,0.077,23.56,0.03,1.2616,1.2201,-0.0000,20.00,0.500,-1.384,-1.358,-0.117,23.39,0.05,0.1041,0.0752,0.0165,20.00,0.500,0.911,0.968,0.069,23.60,0.01,0.7823,0.7625,0.0090,20.00,0.500,-0.691,-0.842,-0.044,23.55,0.01,1.3850,1.3266,0.0195,20.00,0.500,1.853,1.857,0.137,23.37,0.08
2.3500,0.1175,0.0965,-0.0090,20.00,0.500,-0.623,-0.352,-0.082,23.66,0.01,0.7141,0.6874,0.0150,20.00,0.500,0.820,1.118,0.137,23.57,0.01,1.3708,1.2901,-0.0090,20.00,0.500,-2.684,-2.460,-0.199,23.47,0.11,0.0716,0.0504,-0.0120,20.00,0.500,-0.726,-0.358,-0.082,23.76,0.02,1.0833,1.0496,-0.0060,20.00,0.500,-1.139,-1.035,-0.075,23.66,0.03,1.0874,1.0209,-0.0030,20.00,0.500,2.123,2.232,0.159,23.53,0.09,0.0999,0.0785,-0.0105,20.00,0.500,-0.744,-0.809,-0.061,23.67,0.01,0.7780,0.7435,0.0000,20.00,0.500,1.098,1.090,0.077,23.56,0.03,1.2616,1.2202,0.0045,20.00,0.500,-1.384,-1.358,-0.117,23.39,0.05,0.1041,0.0751,-0.0015,20.00,0.500,0.911,0.968,0.069,23.60,0.01,0.7823,0.7623,-0.0030,20.00,0.500,-0.691,-0.842,-0.044,23.55,0.01,1.3850,1.3266,0.0090,20.00,0.500,1.853,1.857,0.137,23.37,0.08
2.3600,0.1175,0.0966,0.0090,20.00,0.500,-0.648,-0.836,-0.045,23.66,0.02,0.7141,0.6871,-0.0404,20.00,0.500,0.851,1.192,0.078,23.57,-0.00,1.3708,1.2902,-0.0045,20.00,0.500,-2.669,-2.253,-0.165,23.46,0.12,0.0716,0.0503,0.0045,20.00,0.500,-0.745,-0.751,-0.025,23.75,0.00,1.0833,1.0497,-0.0030,20.00,0.500,-1.140,-1.157,-0.088,23.67,0.03,1.0874,1.0209,0.0045,20.00,0.500,2.120,2.063,0.166,23.52,0.09,0.0999,0.0785,-0.0060,20.00,0.500,-0.749,-0.687,-0.061,23.67,0.01,0.7780,0.7435,-0.0030,20.00,0.500,1.096,1.089,0.089,23.57,0.03,1.2616,1.2202,0.0030,20.00,0.500,-1.384,-1.328,-0.101,23.40,0.04,0.1041,0.0750,-0.0120,20.00,0.500,0.915,0.841,0.049,23.59,0.02,0.7823,0.7623,-0.0345,20.00,0.500,-0.717,-0.946,-0.072,23.55,0.01,1.3850,1.3268,0.0165,20.00,0.500,1.859,1.600,0.122,23.37,0.08
2.3700,0.1175,0.0966,0.0090,20.00,0.500,-0.648,-0.836,-0.045,23.66,0.02,0.7141,0.6875,0.0449,20.00,0.500,0.851,1.192,0.078,23.57,-0.00,1.3708,1.2901,-0.0135,20.00,0.500,-2.669,-2.253,-0.165,23.46,0.12,0.0716,0.0502,-0.0195,20.00,0.500,-0.745,-0.751,-0.025,23.75,0.00,1.0833,1.0497,0.0015,20.00,0.500,-1.140,-1.157,-0.088,23.67,0.03,1.0874,1.0210,0.0090,20.00,0.500,2.120,2.063,0.166,23.52,0.09,0.0999,0.0786,0.0120,20.00,0.500,-0.749,-0.687,-0.061,23.67,0.01,0.7780,0.7436,0.0120,20.00,0.500,1.096,1.089,0.089,23.57,0.03,1.2616,1.2202,0.0060,20.00,0.500,-1.384,-1.328,-0.101,23.40,0.04,0.1041,0.0750,-0.0180,20.00,0.500,0.915,0.841,0.049,23.59,0.02,0.7823,0.7625,0.0270,20.00,0.500,-0.717,-0.946,-0.072,23.55,0.01,1.3850,1.3268,0.0165,20.00,0.500,1.859,1.600,0.122,23.37,0.08
2.3800,0.1175,0.0967,0.0225,20.00,0.500,-0.648,-0.836,-0.045,23.66,0.02,0.7141,0.6871,-0.0464,20.00,0.500,0.851,1.192,0.078,23.57,-0.00,1.3708,1.2902,0.0030,20.00,0.500,-2.669,-2.253,-0.165,23.46,0.12,0.0716,0.0503,0.0105,20.00,0.500,-0.745,-0.751,-0.025,23.75,0.00,1.0833,1.0497,-0.0030,20.00,0.500,-1.140,-1.157,-0.088,23.67,0.03,1.0874,1.0210,0.0015,20.00,0.500,2.120,2.063,0.166,23.52,0.09,0.0999,0.0786,0.0030,20.00,0.500,-0.749,-0.687,-0.061,23.67,0.01,0.7780,0.7435,0.0030,20.00,0.500,1.096,1.089,0.089,23.57,0.03,1.2616,1.2202,0.0060,20.00,0.500,-1.384,-1.328,-0.101,23.40,0.04,0.1041,0.0751,-0.0090,20.00,0.500,0.915,0.841,0.049,23.59,0.02,0.7823,0.7623,-0.0180,20.00,0.500,-0.717,-0.946,-0.072,23.55,0.01,1.3850,1.3270,0.0270,20.00,0.500,1.859,1.600,0.122,23.37,0.08
2.3900,0.1175,0.0967,0.0075,20.00,0.500,-0.648,-0.836,-0.045,23.66,0.02,0.7141,0.6873,0.0165,20.00,0.500,0.851,1.192,0.078,23.57,-0.00,1.3708,1.2903,0.0225,20.00,0.500,-2.669,-2.253,-0.165,23.46,0.12,0.0716,0.0502,-0.0045,20.00,0.500,-0.745,-0.751,-0.025,23.75,0.00,1.0833,1.0497,0.0015,20.00,0.500,-1.140,-1.157,-0.088,23.67,0.03,1.0874,1.0211,0.0150,20.00,0.500,2.120,2.063,0.166,23.52,0.09,0.0999,0.0786,0.0075,20.00,0.500,-0.749,-0.687,-0.061,23.67,0.01,0.7780,0.7435,0.0000,20.00,0.500,1.096,1.089,0.089,23.57,0.03,1.2616,1.2202,0.0045,20.00,0.500,-1.384,-1.328,-0.101,23.40,0.04,0.1041,0.0751,0.0090,20.00,0.500,0.915,0.841,0.049,23.59,0.02,0.7823,0.7624,-0.0015,20.00,0.500,-0.717,-0.946,-0.072,23.55,0.01,1.3850,1.3275,0.0345,20.00,0.500,1.859,1.600,0.122,23.37,0.08
2.4000,0.1175,0.0966,-0.0180,20.00,0.500,-0.648,-0.836,-0.045,23.66,0.02,0.7141,0.6871,0.0090,20.00,0.500,0.851,1.192,0.078,23.57,-0.00,1.3708,1.2902,0.0030,20.00,0.500,-2.669,-2.253,-0.165,23.46,0.12,0.0716,0.0502,-0.0225,20.00,0.500,-0.745,-0.751,-0.025,23.75,0.00,1.0833,1.0497,0.0120,20.00,0.500,-1.140,-1.157,-0.088,23.67,0.03,1.0874,1.0211,0.0030,20.00,0.500,2.120,2.063,0.166,23.52,0.09,0.0999,0.0785,-0.0060,20.00,0.500,-0.749,-0.687,-0.061,23.67,0.01,0.7780,0.7435,0.0015,20.00,0.500,1.096,1.089,0.089,23.57,0.03,1.2616,1.2201,-0.0165,20.00,0.500,-1.384,-1.328,-0.101,23.40,0.04,0.1041,0.0750,0.0000,20.00,0.500,0.915,0.841,0.049,23.59,0.02,0.7823,0.7624,0.0045,20.00,0.500,-0.717,-0.946,-0.072,23.55,0.01,1.3850,1.3278,0.0210,20.00,0.500,1.859,1.600,0.122,23.37,0.08
2.4100,0.1175,0.0967,0.0150,20.00,0.500,-0.655,-0.881,0.008,23.65,0.01,0.7141,0.6871,0.0030,20.00,0.500,0.832,1.036,0.092,23.57,0.02,1.3708,1.2901,0.0120,20.00,0.500,-2.681,-3.211,-0.200,23.45,0.11,0.0716,0.0502,-0.0000,20.00,0.500,-0.737,-1.078,-0.065,23.76,0.02,1.0833,1.0498,0.0120,20.00,0.500,-1.133,-1.209,-0.084,23.66,0.04,1.0874,1.0214,0.0150,20.00,0.500,2.104,2.151,0.156,23.51,0.09,0.0999,0.0786,0.0030,20.00,0.500,-0.741,-0.761,-0.061,23.67,0.01,0.7780,0.7435,0.0045,20.00,0.500,1.084,1.064,0.106,23.57,0.03,1.2616,1.2202,0.0075,20.00,0.500,-1.397,-1.393,-0.109,23.39,0.04,0.1041,0.0751,0.0000,20.00,0.500,0.915,0.807,0.064,23.59,0.02,0.7823,0.7625,0.0060,20.00,0.500,-0.696,-0.942,-0.067,23.55,0.00,1.3850,1.3279,0.0120,20.00,0.500,1.826,1.546,0.125,23.37,0.09
2.4200,0.1175,0.0967,0.0150,20.00,0.500,-0.655,-0.881,0.008,23.65,0.01,0.7141,0.6871,0.0030,20.00,0.500,0.832,1.036,0.092,23.57,0.02,1.3708,1.2901,0.0120,20.00,0.500,-2.681,-3.211,-0.200,23.45,0.11,0.0716,0.0501,-0.0195,20.00,0.500,-0.737,-1.078,-0.065,23.76,0.02,1.0833,1.0498,0.0120,20.00,0.500,-1.133,-1.209,-0.084,23.66,0.04,1.0874,1.0214,0.0150,20.00,0.500,2.104,2.151,0.156,23.51,0.09,0.0999,0.0786,0.0060,20.00,0.500,-0.741,-0.761,-0.061,23.67,0.01,0.7780,0.7435,-0.0060,20.00,0.500,1.084,1.064,0.106,23.57,0.03,1.2616,1.2202,0.0075,20.00,0.500,-1.397,-1.393,-0.109,23.39,0.04,0.1041,0.0751,0.0060,20.00,0.500,0.915,0.807,0.064,23.59,0.02,0.7823,0.7623,-0.0105,20.00,0.500,-0.696,-0.942,-0.067,23.55,0.00,1.3850,1.3279,0.0120,20.00,0.500,1.826,1.546,0.125,23.37,0.09
2.4300,0.1175,0.0967,-0.0045,20.00,0.500,-0.655,-0.881,0.008,23.65,0.01,0.7141,0.6871,0.0150,20.00,0.500,0.832,1.036,0.092,23.57,0.02,1.3708,1.2901,0.0255,20.00,0.500,-2.681,-3.211,-0.200,23.45,0.11,0.0716,0.0502,-0.0135,20.00,0.500,-0.737,-1.078,-0.065,23.76,0.02,1.0833,1.0497,0.0120,20.00,0.500,-1.133,-1.209,-0.084,23.66,0.04,1.0874,1.0214,0.0030,20.00,0.500,2.104,2.151,0.156,23.51,0.09,0.0999,0.0785,-0.0060,20.00,0.500,-0.741,-0.761,-0.061,23.67,0.01,0.7780,0.7435,-0.0060,20.00,0.500,1.084,1.064,0.106,23.57,0.03,1.2616,1.2202,-0.0045,20.00,0.500,-1.397,-1.393,-0.109,23.39,0.04,0.1041,0.0751,0.0165,20.00,0.500,0.915,0.807,0.064,23.59,0.02,0.7823,0.7623,-0.0075,20.00,0.500,-0.696,-0.942,-0.067,23.55,0.00,1.3850,1.3280,0.0180,20.00,0.500,1.826,1.546,0.125,23.37,0.09
2.4400,0.1175,0.0967,-0.0150,20.00,0.500,-0.655,-0.881,0.008,23.65,0.01,0.7141,0.6872,0.0404,20.00,0.500,0.832,1.036,0.092,23.57,0.02,1.3708,1.2902,0.0030,20.00,0.500,-2.681,-3.211,-0.200,23.45,0.11,0.0716,0.0501,-0.0180,20.00,0.500,-0.737,-1.078,-0.065,23.76,0.02,1.0833,1.0497,0.0030,20.00,0.500,-1.133,-1.209,-0.084,23.66,0.04,1.0874,1.0215,0.0075,20.00,0.500,2.104,2.151,0.156,23.51,0.09,0.0999,0.0786,-0.0000,20.00,0.500,-0.741,-0.761,-0.061,23.67,0.01,0.7780,0.7435,0.0030,20.00,0.500,1.084,1.064,0.106,23.57,0.03,1.2616,1.2202,0.0045,20.00,0.500,-1.397,-1.393,-0.109,23.39,0.04,0.1041,0.0751,-0.0015,20.00,0.500,0.915,0.807,0.064,23.59,0.02,0.7823,0.7624,-0.0090,20.00,0.500,-0.696,-0.942,-0.067,23.55,0.00,1.3850,1.3280,0.0180,20.00,0.500,1.826,1.546,0.125,23.37,0.09
2.4500,0.1175,0.0969,0.0135,20.00,0.500,-0.655,-0.881,0.008,23.65,0.01,0.7141,0.6868,-0.0704,20.00,0.500,0.832,1.036,0.092,23.57,0.02,1.3708,1.2901,-0.0000,20.00,0.500,-2.681,-3.211,-0.200,23.45,0.11,0.0716,0.0502,0.0030,20.00,0.500,-0.737,-1.078,-0.065,23.76,0.02,1.0833,1.0497,0.0120,20.00,0.500,-1.133,-1.209,-0.084,23.66,0.04,1.0874,1.0215,0.0015,20.00,0.500,2.104,2.151,0.156,23.51,0.09,0.0999,0.0786,-0.0030,20.00,0.500,-0.741,-0.761,-0.061,23.67,0.01,0.7780,0.7435,-0.0015,20.00,0.500,1.084,1.064,0.106,23.57,0.03,1.2616,1.2202,-0.0030,20.00,0.500,-1.397,-1.393,-0.109,23.39,0.04,0.1041,0.0751,-0.0060,20.00,0.500,0.915,0.807,0.064,23.59,0.02,0.7823,0.7624,0.0015,20.00,0.500,-0.696,-0.942,-0.067,23.55,0.00,1.3850,1.3283,-0.0045,20.00,0.500,1.826,1.546,0.125,23.37,0.09
2.4600,0.1175,0.0966,-0.0165,20.00,0.500,-0.649,-0.963,-0.045,23.66,0.01,0.7141,0.6873,0.0285,20.00,0.500,0.778,0.875,0.034,23.57,0.01,1.3708,1.2901,-0.0030,20.00,0.500,-2.658,-2.504,-0.232,23.46,0.13,0.0716,0.0501,-0.0135,20.00,0.500,-0.742,-0.786,-0.055,23.76,0.02,1.0833,1.0497,0.0075,20.00,0.500,-1.133,-1.109,-0.093,23.67,0.02,1.0874,1.0216,-0.0015,20.00,0.500,2.070,2.184,0.152,23.53,0.09,0.0999,0.0786,-0.0000,20.00,0.500,-0.728,-0.729,-0.061,23.67,0.01,0.7780,0.7435,-0.0060,20.00,0.500,1.098,0.944,0.120,23.57,0.03,1.2616,1.2203,0.0015,20.00,0.500,-1.384,-1.495,-0.109,23.39,0.04,0.1041,0.0752,0.0180,20.00,0.500,0.903,0.679,0.086,23.60,0.02,0.7823,0.7625,0.0045,20.00,0.500,-0.685,-0.914,-0.038,23.55,0.00,1.3850,1.3284,0.0150,20.00,0.500,1.795,1.871,0.122,23.36,0.07
2.4700,0.1175,0.0966,-0.0165,20.00,0.500,-0.649,-0.963,-0.045,23.66,0.01,0.7141,0.6870,0.0345,20.00,0.500,0.778,0.875,0.034,23.57,0.01,1.3708,1.2901,-0.0030,20.00,0.500,-2.658,-2.504,-0.232,23.46,0.13,0.0716,0.0502,-0.0000,20.00,0.500,-0.742,-0.786,-0.055,23.76,0.02,1.0833,1.0497,0.0075,20.00,0.500,-1.133,-1.109,-0.093,23.67,0.02,1.0874,1.0216,-0.0015,20.00,0.500,2.070,2.184,0.152,23.53,0.09,0.0999,0.0786,0.0090,20.00,0.500,-0.728,-0.729,-0.061,23.67,0.01,0.7780,0.7435,0.0120,20.00,0.500,1.098,0.944,0.120,23.57,0.03,1.2616,1.2203,-0.0015,20.00,0.500,-1.384,-1.495,-0.109,23.39,0.04,0.1041,0.0751,0.0120,20.00,0.500,0.903,0.679,0.086,23.60,0.02,0.7823,0.7625,0.0075,20.00,0.500,-0.685,-0.914,-0.038,23.55,0.00,1.3850,1.3284,0.0150,20.00,0.500,1.795,1.871,0.122,23.36,0.07
2.4800,0.1175,0.0966,-0.0165,20.00,0.500,-0.649,-0.963,-0.045,23.66,0.01,0.7141,0.6869,-0.0330,20.00,0.500,0.778,0.875,0.034,23.57,0.01,1.3708,1.2903,0.0150,20.00,0.500,-2.658,-2.504,-0.232,23.46,0.13,0.0716,0.0501,0.0030,20.00,0.500,-0.742,-0.786,-0.055,23.76,0.02,1.0833,1.0497,-0.0030,20.00,0.500,-1.133,-1.109,-0.093,23.67,0.02,1.0874,1.0217,0.0075,20.00,0.500,2.070,2.184,0.152,23.53,0.09,0.0999,0.0786,0.0030,20.00,0.500,-0.728,-0.729,-0.061,23.67,0.01,0.7780,0.7435,0.0030,20.00,0.500,1.098,0.944,0.120,23.57,0.03,1.2616,1.2203,0.0105,20.00,0.500,-1.384,-1.495,-0.109,23.39,0.04,0.1041,0.0751,0.0060,20.00,0.500,0.903,0.679,0.086,23.60,0.02,0.7823,0.7624,0.0075,20.00,0.500,-0.685,-0.914,-0.038,23.55,0.00,1.3850,1.3284,-0.0090,20.00,0.500,1.795,1.871,0.122,23.36,0.07
2.4900,0.1175,0.0966,-0.0075,20.00,0.500,-0.649,-0.963,-0.045,23.66,0.01,0.7141,0.6870,-0.0120,20.00,0.500,0.778,0.875,0.034,23.57,0.01,1.3708,1.2902,0.0225,20.00,0.500,-2.658,-2.504,-0.232,23.46,0.13,0.0716,0.0502,0.0090,20.00,0.500,-0.742,-0.786,-0.055,23.76,0.02,1.0833,1.0497,0.0075,20.00,0.500,-1.133,-1.109,-0.093,23.67,0.02,1.0874,1.0216,-0.0045,20.00,0.500,2.070,2.184,0.152,23.53,0.09,0.0999,0.0786,-0.0015,20.00,0.500,-0.728,-0.729,-0.061,23.67,0.01,0.7780,0.7435,0.0060,20.00,0.500,1.098,0.944,0.120,23.57,0.03,1.2616,1.2203,0.0180,20.00,0.500,-1.384,-1.495,-0.109,23.39,0.04,0.1041,0.0751,0.0045,20.00,0.500,0.903,0.679,0.086,23.60,0.02,0.7823,0.7626,0.0120,20.00,0.500,-0.685,-0.914,-0.038,23.55,0.00,1.3850,1.3285,0.0105,20.00,0.500,1.795,1.871,0.122,23.36,0.07
2.5000,0.1175,0.0966,-0.0045,20.00,0.500,-0.649,-0.963,-0.045,23.66,0.01,0.7141,0.6869,-0.0030,20.00,0.500,0.778,0.875,0.034,23.57,0.01,1.3708,1.2901,0.0120,20.00,0.500,-2.658,-2.504,-0.232,23.46,0.13,0.0716,0.0502,0.0120,20.00,0.500,-0.742,-0.786,-0.055,23.76,0.02,1.0833,1.0497,0.0060,20.00,0.500,-1.133,-1.109,-0.093,23.67,0.02,1.0874,1.0218,0.0120,20.00,0.500,2.070,2.184,0.152,23.53,0.09,0.0999,0.0786,0.0120,20.00,0.500,-0.728,-0.729,-0.061,23.67,0.01,0.7780,0.7434,-0.0075,20.00,0.500,1.098,0.944,0.120,23.57,0.03,1.2616,1.2204,0.0090,20.00,0.500,-1.384,-1.495,-0.109,23.39,0.04,0.1041,0.0751,0.0240,20.00,0.500,0.903,0.679,0.086,23.60,0.02,0.7823,0.7625,0.0075,20.00,0.500,-0.685,-0.914,-0.038,23.55,0.00,1.3850,1.3285,-0.0135,20.00,0.500,1.795,1.871,0.122,23.36,0.07
2.5100,0.1175,0.0968,0.0285,20.00,0.500,-0.641,-1.154,-0.033,23.66,0.01,0.7141,0.6870,0.0135,20.00,0.500,0.854,2.520,0.075,23.58,0.02,1.3708,1.2902,-0.0255,20.00,0.500,-2.686,-2.258,-0.220,23.46,0.10,0.0716,0.0501,-0.0015,20.00,0.500,-0.756,-0.300,-0.060,23.76,0.02,1.0833,1.0497,-0.0075,20.00,0.500,-1.131,-1.204,-0.070,23.65,0.03,1.0874,1.0218,0.0120,20.00,0.500,2.100,2.083,0.159,23.51,0.08,0.0999,0.0786,0.0030,20.00,0.500,-0.747,-0.811,-0.061,23.66,0.01,0.7780,0.7434,0.0015,20.00,0.500,1.088,1.093,0.085,23.57,0.03,1.2616,1.2203,0.0105,20.00,0.500,-1.391,-1.361,-0.114,23.40,0.05,0.1041,0.0751,0.0030,20.00,0.500,0.899,1.096,0.096,23.60,0.02,0.7823,0.7625,-0.0015,20.00,0.500,-0.684,-1.177,-0.043,23.55,0.01,1.3850,1.3287,0.0180,20.00,0.500,1.787,1.708,0.158,23.37,0.06
2.5200,0.1175,0.0968,0.0285,20.00,0.500,-0.641,-1.154,-0.033,23.66,0.01,0.7141,0.6869,-0.0195,20.00,0.500,0.854,2.520,0.075,23.58,0.02,1.3708,1.2902,-0.0255,20.00,0.500,-2.686,-2.258,-0.220,23.46,0.10,0.0716,0.0502,0.0180,20.00,0.500,-0.756,-0.300,-0.060,23.76,0.02,1.0833,1.0497,-0.0075,20.00,0.500,-1.131,-1.204,-0.070,23.65,0.03,1.0874,1.0218,0.0120,20.00,0.500,2.100,2.083,0.159,23.51,0.08,0.0999,0.0786,-0.0075,20.00,0.500,-0.747,-0.811,-0.061,23.66,0.01,0.7780,0.7434,-0.0120,20.00,0.500,1.088,1.093,0.085,23.57,0.03,1.2616,1.2204,0.0030,20.00,0.500,-1.391,-1.361,-0.114,23.40,0.05,0.1041,0.0751,0.0030,20.00,0.500,0.899,1.096,0.096,23.60,0.02,0.7823,0.7624,-0.0015,20.00,0.500,-0.684,-1.177,-0.043,23.55,0.01,1.3850,1.3287,0.0180,20.00,0.500,1.787,1.708,0.158,23.37,0.06
2.5300,0.1175,0.0966,0.0000,20.00,0.500,-0.641,-1.154,-0.033,23.66,0.01,0.7141,0.6870,0.0090,20.00,0.500,0.854,2.520,0.075,23.58,0.02,1.3708,1.2901,-0.0090,20.00,0.500,-2.686,-2.258,-0.220,23.46,0.10,0.0716,0.0502,0.0105,20.00,0.500,-0.756,-0.300,-0.060,23.76,0.02,1.0833,1.0497,-0.0015,20.00,0.500,-1.131,-1.204,-0.070,23.65,0.03,1.0874,1.0218,-0.0150,20.00,0.500,2.100,2.083,0.159,23.51,0.08,0.0999,0.0786,-0.0000,20.00,0.500,-0.747,-0.811,-0.061,23.66,0.01,0.7780,0.7434,0.0045,20.00,0.500,1.088,1.093,0.085,23.57,0.03,1.2616,1.2205,0.0105,20.00,0.500,-1.391,-1.361,-0.114,23.40,0.05,0.1041,0.0751,0.0000,20.00,0.500,0.899,1.096,0.096,23.60,0.02,0.7823,0.7623,-0.0240,20.00,0.500,-0.684,-1.177,-0.043,23.55,0.01,1.3850,1.3285,-0.0075,20.00,0.500,1.787,1.708,0.158,23.37,0.06
2.5400,0.1175,0.0966,0.0000,20.00,0.500,-0.641,-1.154,-0.033,23.66,0.01,0.7141,0.6870,0.0090,20.00,0.500,0.854,2.520,0.075,23.58,0.02,1.3708,1.2901,-0.0090,20.00,0.500,-2.686,-2.258,-0.220,23.46,0.10,0.0716,0.0502,0.0105,20.00,0.500,-0.756,-0.300,-0.060,23.76,0.02,1.0833,1.0497,-0.0015,20.00,0.500,-1.131,-1.204,-0.070,23.65,0.03,1.0874,1.0218,-0.0150,20.00,0.500,2.100,2.083,0.159,23.51,0.08,0.0999,0.0786,-0.0000,20.00,0.500,-0.747,-0.811,-0.061,23.66,0.01,0.7780,0.7434,0.0045,20.00,0.500,1.088,1.093,0.085,23.57,0.03,1.2616,1.2205,0.0105,20.00,0.500,-1.391,-1.361,-0.114,23.40,0.05,0.1041,0.0751,0.0000,20.00,0.500,0.899,1.096,0.096,23.60,0.02,0.7823,0.7623,-0.0240,20.00,0.500,-0.684,-1.177,-0.043,23.55,0.01,1.3850,1.3285,-0.0075,20.00,0.500,1.787,1.708,0.158,23.37,0.06
2.5500,0.1175,0.0966,0.0180,20.00,0.500,-0.641,-1.154,-0.033,23.66,0.01,0.7141,0.6869,-0.0225,20.00,0.500,0.854,2.520,0.075,23.58,0.02,1.3708,1.2902,-0.0105,20.00,0.500,-2.686,-2.258,-0.220,23.46,0.10,0.0716,0.0501,-0.0120,20.00,0.500,-0.756,-0.300,-0.060,23.76,0.02,1.0833,1.0497,0.0105,20.00,0.500,-1.131,-1.204,-0.070,23.65,0.03,1.0874,1.0219,0.0030,20.00,0.500,2.100,2.083,0.159,23.51,0.08,0.0999,0.0785,-0.0030,20.00,0.500,-0.747,-0.811,-0.061,23.66,0.01,0.7780,0.7434,-0.0120,20.00,0.500,1.088,1.093,0.085,23.57,0.03,1.2616,1.2206,0.0225,20.00,0.500,-1.391,-1.361,-0.114,23.40,0.05,0.1041,0.0751,-0.0120,20.00,0.500,0.899,1.096,0.096,23.60,0.02,0.7823,0.7625,0.0105,20.00,0.500,-0.684,-1.177,-0.043,23.55,0.01,1.3850,1.3287,0.0075,20.00,0.500,1.787,1.708,0.158,23.37,0.06
2.5600,0.1175,0.0964,-0.0389,20.00,0.500,-0.612,-0.396,-0.024,23.65,0.01,0.7141,0.6873,0.0300,20.00,0.500,0.816,0.641,0.059,23.57,0.01,1.3708,1.2902,0.0345,20.00,0.500,-2.655,-1.972,-0.241,23.45,0.12,0.0716,0.0502,-0.0090,20.00,0.500,-0.725,-0.886,-0.031,23.75,0.01,1.0833,1.0497,-0.0045,20.00,0.500,-1.137,-0.966,-0.089,23.67,0.03,1.0874,1.0219,0.0045,20.00,0.500,2.085,2.138,0.162,23.52,0.09,0.0999,0.0786,0.0090,20.00,0.500,-0.739,-0.691,-0.055,23.67,0.02,0.7780,0.7435,0.0090,20.00,0.500,1.097,1.074,0.088,23.56,0.03,1.2616,1.2206,0.0120,20.00,0.500,-1.377,-1.158,-0.108,23.40,0.04,0.1041,0.0751,-0.0150,20.00,0.500,0.901,0.809,0.076,23.59,0.01,0.7823,0.7624,-0.0045,20.00,0.500,-0.679,-0.886,-0.068,23.55,0.01,1.3850,1.3286,0.0120,20.00,0.500,1.794,2.075,0.146,23.38,0.08
2.5700,0.1175,0.0964,-0.0389,20.00,0.500,-0.612,-0.396,-0.024,23.65,0.01,0.7141,0.6869,0.0315,20.00,0.500,0.816,0.641,0.059,23.57,0.01,1.3708,1.2902,0.0165,20.00,0.500,-2.655,-1.972,-0.241,23.45,0.12,0.0716,0.0501,-0.0060,20.00,0.500,-0.725,-0.886,-0.031,23.75,0.01,1.0833,1.0497,-0.0015,20.00,0.500,-1.137,-0.966,-0.089,23.67,0.03,1.0874,1.0218,-0.0195,20.00,0.500,2.085,2.138,0.162,23.52,0.09,0.0999,0.0785,-0.0060,20.00,0.500,-0.739,-0.691,-0.055,23.67,0.02,0.7780,0.7435,0.0030,20.00,0.500,1.097,1.074,0.088,23.56,0.03,1.2616,1.2206,-0.0045,20.00,0.500,-1.377,-1.158,-0.108,23.40,0.04,0.1041,0.0752,0.0180,20.00,0.500,0.901,0.809,0.076,23.59,0.01,0.7823,0.7623,-0.0270,20.00,0.500,-0.679,-0.886,-0.068,23.55,0.01,1.3850,1.3286,0.0120,20.00,0.500,1.794,2.075,0.146,23.38,0.08
2.5800,0.1175,0.0967,0.0210,20.00,0.500,-0.612,-0.396,-0.024,23.65,0.01,0.7141,0.6871,-0.0165,20.00,0.500,0.816,0.641,0.059,23.57,0.01,1.3708,1.2900,-0.0030,20.00,0.500,-2.655,-1.972,-0.241,23.45,0.12,0.0716,0.0501,-0.0120,20.00,0.500,-0.725,-0.886,-0.031,23.75,0.01,1.0833,1.0497,-0.0045,20.00,0.500,-1.137,-0.966,-0.089,23.67,0.03,1.0874,1.0218,0.0105,20.00,0.500,2.085,2.138,0.162,23.52,0.09,0.0999,0.0785,0.0015,20.00,0.500,-0.739,-0.691,-0.055,23.67,0.02,0.7780,0.7434,-0.0075,20.00,0.500,1.097,1.074,0.088,23.56,0.03,1.2616,1.2207,0.0075,20.00,0.500,-1.377,-1.158,-0.108,23.40,0.04,0.1041,0.0751,-0.0165,20.00,0.500,0.901,0.809,0.076,23.59,0.01,0.7823,0.7625,0.0060,20.00,0.500,-0.679,-0.886,-0.068,23.55,0.01,1.3850,1.3288,0.0285,20.00,0.500,1.794,2.075,0.146,23.38,0.08
2.5900,0.1175,0.0967,0.0210,20.00,0.500,-0.612,-0.396,-0.024,23.65,0.01,0.7141,0.6871,-0.0075,20.00,0.500,0.816,0.641,0.059,23.57,0.01,1.3708,1.2902,0.0105,20.00,0.500,-2.655,-1.972,-0.241,23.45,0.12,0.0716,0.0501,-0.0105,20.00,0.500,-0.725,-0.886,-0.031,23.75,0.01,1.0833,1.0497,-0.0015,20.00,0.500,-1.137,-0.966,-0.089,23.67,0.03,1.0874,1.0218,-0.0255,20.00,0.500,2.085,2.138,0.162,23.52,0.09,0.0999,0.0785,0.0015,20.00,0.500,-0.739,-0.691,-0.055,23.67,0.02,0.7780,0.7434,-0.0075,20.00,0.500,1.097,1.074,0.088,23.56,0.03,1.2616,1.2207,0.0135,20.00,0.500,-1.377,-1.158,-0.108,23.40,0.04,0.1041,0.0753,0.0210,20.00,0.500,0.901,0.809,0.076,23.59,0.01,0.7823,0.7624,0.0030,20.00,0.500,-0.679,-0.886,-0.068,23.55,0.01,1.3850,1.3288,0.0285,20.00,0.500,1.794,2.075,0.146,23.38,0.08
2.6000,0.1175,0.0967,0.0060,20.00,0.500,-0.612,-0.396,-0.024,23.65,0.01,0.7141,0.6870,0.0000,20.00,0.500,0.816,0.641,0.059,23.57,0.01,1.3708,1.2901,0.0300,20.00,0.500,-2.655,-1.972,-0.241,23.45,0.12,0.0716,0.0502,0.0045,20.00,0.500,-0.725,-0.886,-0.031,23.75,0.01,1.0833,1.0497,-0.0000,20.00,0.500,-1.137,-0.966,-0.089,23.67,0.03,1.0874,1.0218,-0.0165,20.00,0.500,2.085,2.138,0.162,23.52,0.09,0.0999,0.0786,0.0120,20.00,0.500,-0.739,-0.691,-0.055,23.67,0.02,0.7780,0.7435,0.0030,20.00,0.500,1.097,1.074,0.088,23.56,0.03,1.2616,1.2207,-0.0075,20.00,0.500,-1.377,-1.158,-0.108,23.40,0.04,0.1041,0.0753,0.0030,20.00,0.500,0.901,0.809,0.076,23.59,0.01,0.7823,0.7624,-0.0000,20.00,0.500,-0.679,-0.886,-0.068,23.55,0.01,1.3850,1.3288,-0.0015,20.00,0.500,1.794,2.075,0.146,23.38,0.08
2.6100,0.1175,0.0967,0.0000,20.00,0.500,-0.640,-0.660,-0.037,23.67,0.01,0.7141,0.6869,0.0060,20.00,0.500,0.864,0.712,0.050,23.57,0.02,1.3708,1.2900,-0.0345,20.00,0.500,-2.687,-3.282,-0.175,23.46,0.09,0.0716,0.0501,-0.0060,20.00,0.500,-0.755,-0.981,-0.018,23.76,0.01,1.0833,1.0496,-0.0120,20.00,0.500,-1.158,-1.154,-0.096,23.67,0.03,1.0874,1.0219,0.0060,20.00,0.500,2.086,1.895,0.156,23.51,0.09,0.0999,0.0785,-0.0015,20.00,0.500,-0.741,-0.755,-0.056,23.68,0.01,0.7780,0.7435,0.0105,20.00,0.500,1.085,1.121,0.084,23.56,0.03,1.2616,1.2207,-0.0000,20.00,0.500,-1.371,-1.456,-0.110,23.38,0.04,0.1041,0.0752,0.0015,20.00,0.500,0.904,0.874,0.086,23.60,0.02,0.7823,0.7624,-0.0060,20.00,0.500,-0.695,-0.363,-0.065,23.54,0.01,1.3850,1.3289,0.0449,20.00,0.500,1.757,1.538,0.122,23.37,0.07
2.6200,0.1175,0.0967,0.0000,20.00,0.500,-0.640,-0.660,-0.037,23.67,0.01,0.7141,0.6867,-0.1019,20.00,0.500,0.864,0.712,0.050,23.57,0.02,1.3708,1.2902,-0.0240,20.00,0.500,-2.687,-3.282,-0.175,23.46,0.09,0.0716,0.0501,-0.0285,20.00,0.500,-0.755,-0.981,-0.018,23.76,0.01,1.0833,1.0496,-0.0225,20.00,0.500,-1.158,-1.154,-0.096,23.67,0.03,1.0874,1.0218,-0.0150,20.00,0.500,2.086,1.895,0.156,23.51,0.09,0.0999,0.0786,-0.0015,20.00,0.500,-0.741,-0.755,-0.056,23.68,0.01,0.7780,0.7434,-0.0045,20.00,0.500,1.085,1.121,0.084,23.56,0.03,1.2616,1.2207,0.0090,20.00,0.500,-1.371,-1.456,-0.110,23.38,0.04,0.1041,0.0751,-0.0150,20.00,0.500,0.904,0.874,0.086,23.60,0.02,0.7823,0.7625,0.0105,20.00,0.500,-0.695,-0.363,-0.065,23.54,0.01,1.3850,1.3289,0.0449,20.00,0.500,1.757,1.538,0.122,23.37,0.07
2.6300,0.1175,0.0966,0.0120,20.00,0.500,-0.640,-0.660,-0.037,23.67,0.01,0.7141,0.6871,0.0180,20.00,0.500,0.864,0.712,0.050,23.57,0.02,1.3708,1.2902,-0.0165,20.00,0.500,-2.687,-3.282,-0.175,23.46,0.09,0.0716,0.0502,-0.0000,20.00,0.500,-0.755,-0.981,-0.018,23.76,0.01,1.0833,1.0496,-0.0195,20.00,0.500,-1.158,-1.154,-0.096,23.67,0.03,1.0874,1.0218,-0.0075,20.00,0.500,2.086,1.895,0.156,23.51,0.09,0.0999,0.0786,0.0030,20.00,0.500,-0.741,-0.755,-0.056,23.68,0.01,0.7780,0.7435,0.0000,20.00,0.500,1.085,1.121,0.084,23.56,0.03,1.2616,1.2208,0.0060,20.00,0.500,-1.371,-1.456,-0.110,23.38,0.04,0.1041,0.0752,-0.0075,20.00,0.500,0.904,0.874,0.086,23.60,0.02,0.7823,0.7625,0.0135,20.00,0.500,-0.695,-0.363,-0.065,23.54,0.01,1.3850,1.3287,-0.0315,20.00,0.500,1.757,1.538,0.122,23.37,0.07
2.6400,0.1175,0.0965,-0.0105,20.00,0.500,-0.640,-0.660,-0.037,23.67,0.01,0.7141,0.6874,0.0554,20.00,0.500,0.864,0.712,0.050,23.57,0.02,1.3708,1.2902,0.0045,20.00,0.500,-2.687,-3.282,-0.175,23.46,0.09,0.0716,0.0503,0.0285,20.00,0.500,-0.755,-0.981,-0.018,23.76,0.01,1.0833,1.0497,-0.0090,20.00,0.500,-1.158,-1.154,-0.096,23.67,0.03,1.0874,1.0218,-0.0285,20.00,0.500,2.086,1.895,0.156,23.51,0.09,0.0999,0.0785,-0.0060,20.00,0.500,-0.741,-0.755,-0.056,23.68,0.01,0.7780,0.7434,-0.0045,20.00,0.500,1.085,1.121,0.084,23.56,0.03,1.2616,1.2208,0.0015,20.00,0.500,-1.371,-1.456,-0.110,23.38,0.04,0.1041,0.0752,0.0060,20.00,0.500,0.904,0.874,0.086,23.60,0.02,0.7823,0.7625,0.0030,20.00,0.500,-0.695,-0.363,-0.065,23.54,0.01,1.3850,1.3289,0.0150,20.00,0.500,1.757,1.538,0.122,23.37,0.07
2.6500,0.1175,0.0966,-0.0225,20.00,0.500,-0.640,-0.660,-0.037,23.67,0.01,0.7141,0.6869,0.0015,20.00,0.500,0.864,0.712,0.050,23.57,0.02,1.3708,1.2903,0.0225,20.00,0.500,-2.687,-3.282,-0.175,23.46,0.09,0.0716,0.0501,-0.0210,20.00,0.500,-0.755,-0.981,-0.018,23.76,0.01,1.0833,1.0497,-0.0030,20.00,0.500,-1.158,-1.154,-0.096,23.67,0.03,1.0874,1.0222,0.0404,20.00,0.500,2.086,1.895,0.156,23.51,0.09,0.0999,0.0785,-0.0060,20.00,0.500,-0.741,-0.755,-0.056,23.68,0.01,0.7780,0.7434,-0.0030,20.00,0.500,1.085,1.121,0.084,23.56,0.03,1.2616,1.2207,-0.0000,20.00,0.500,-1.371,-1.456,-0.110,23.38,0.04,0.1041,0.0753,0.0120,20.00,0.500,0.904,0.874,0.086,23.60,0.02,0.7823,0.7624,-0.0045,20.00,0.500,-0.695,-0.363,-0.065,23.54,0.01,1.3850,1.3288,0.0090,20.00,0.500,1.757,1.538,0.122,23.37,0.07
2.6600,0.1175,0.0969,0.0255,20.00,0.500,-0.664,-0.518,-0.028,23.67,0.01,0.7141,0.6868,-0.0569,20.00,0.500,0.855,0.441,0.060,23.58,0.02,1.3708,1.2903,0.0180,20.00,0.500,-2.648,-3.134,-0.188,23.47,0.08,0.0716,0.0502,0.0060,20.00,0.500,-0.724,-0.956,-0.075,23.74,0.00,1.0833,1.0497,0.0060,20.00,0.500,-1.133,-1.167,-0.086,23.67,0.03,1.0874,1.0221,0.0060,20.00,0.500,2.101,2.313,0.175,23.52,0.08,0.0999,0.0786,0.0060,20.00,0.500,-0.724,-0.559,-0.055,23.67,0.01,0.7780,0.7435,-0.0030,20.00,0.500,1.097,1.128,0.079,23.56,0.03,1.2616,1.2208,-0.0015,20.00,0.500,-1.371,-1.361,-0.106,23.39,0.04,0.1041,0.0754,0.0210,20.00,0.500,0.880,1.033,0.103,23.60,0.02,0.7823,0.7624,0.0060,20.00,0.500,-0.676,-0.785,-0.062,23.54,0.01,1.3850,1.3288,-0.0060,20.00,0.500,1.802,1.903,0.135,23.37,0.07
2.6700,0.1175,0.0969,0.0255,20.00,0.500,-0.664,-0.518,-0.028,23.67,0.01,0.7141,0.6876,0.0674,20.00,0.500,0.855,0.441,0.060,23.58,0.02,1.3708,1.2900,-0.0330,20.00,0.500,-2.648,-3.134,-0.188,23.47,0.08,0.0716,0.0502,-0.0090,20.00,0.500,-0.724,-0.956,-0.075,23.74,0.00,1.0833,1.0497,0.0030,20.00,0.500,-1.133,-1.167,-0.086,23.67,0.03,1.0874,1.0221,0.0090,20.00,0.500,2.101,2.313,0.175,23.52,0.08,0.0999,0.0785,0.0015,20.00,0.500,-0.724,-0.559,-0.055,23.67,0.01,0.7780,0.7434,-0.0150,20.00,0.500,1.097,1.128,0.079,23.56,0.03,1.2616,1.2208,0.0075,20.00,0.500,-1.371,-1.361,-0.106,23.39,0.04,0.1041,0.0754,0.0075,20.00,0.500,0.880,1.033,0.103,23.60,0.02,0.7823,0.7625,-0.0105,20.00,0.500,-0.676,-0.785,-0.062,23.54,0.01,1.3850,1.3288,-0.0030,20.00,0.500,1.802,1.903,0.135,23.37,0.07
2.6800,0.1175,0.0966,-0.0240,20.00,0.500,-0.664,-0.518,-0.028,23.67,0.01,0.7141,0.6870,0.0120,20.00,0.500,0.855,0.441,0.060,23.58,0.02,1.3708,1.2902,-0.0210,20.00,0.500,-2.648,-3.134,-0.188,23.47,0.08,0.0716,0.0501,0.0135,20.00,0.500,-0.724,-0.956,-0.075,23.74,0.00,1.0833,1.0497,0.0015,20.00,0.500,-1.133,-1.167,-0.086,23.67,0.03,1.0874,1.0221,-0.0225,20.00,0.500,2.101,2.313,0.175,23.52,0.08,0.0999,0.0785,-0.0135,20.00,0.500,-0.724,-0.559,-0.055,23.67,0.01,0.7780,0.7434,-0.0045,20.00,0.500,1.097,1.128,0.079,23.56,0.03,1.2616,1.2208,-0.0015,20.00,0.500,-1.371,-1.361,-0.106,23.39,0.04,0.1041,0.0753,0.0030,20.00,0.500,0.880,1.033,0.103,23.60,0.02,0.7823,0.7625,-0.0030,20.00,0.500,-0.676,-0.785,-0.062,23.54,0.01,1.3850,1.3289,0.0120,20.00,0.500,1.802,1.903,0.135,23.37,0.07
2.6900,0.1175,0.0967,-0.0150,20.00,0.500,-0.664,-0.518,-0.028,23.67,0.01,0.7141,0.6869,-0.0360,20.00,0.500,0.855,0.441,0.060,23.58,0.02,1.3708,1.2902,0.0090,20.00,0.500,-2.648,-3.134,-0.188,23.47,0.08,0.0716,0.0502,0.0225,20.00,0.500,-0.724,-0.956,-0.075,23.74,0.00,1.0833,1.0497,-0.0030,20.00,0.500,-1.133,-1.167,-0.086,23.67,0.03,1.0874,1.0222,0.0105,20.00,0.500,2.101,2.313,0.175,23.52,0.08,0.0999,0.0786,-0.0000,20.00,0.500,-0.724,-0.559,-0.055,23.67,0.01,0.7780,0.7434,-0.0075,20.00,0.500,1.097,1.128,0.079,23.56,0.03,1.2616,1.2208,-0.0045,20.00,0.500,-1.371,-1.361,-0.106,23.39,0.04,0.1041,0.0754,0.0180,20.00,0.500,0.880,1.033,0.103,23.60,0.02,0.7823,0.7625,-0.0075,20.00,0.500,-0.676,-0.785,-0.062,23.54,0.01,1.3850,1.3289,0.0030,20.00,0.500,1.802,1.903,0.135,23.37,0.07
2.7000,0.1175,0.0968,0.0315,20.00,0.500,-0.664,-0.518,-0.028,23.67,0.01,0.7141,0.6870,-0.0315,20.00,0.500,0.855,0.441,0.060,23.58,0.02,1.3708,1.2902,0.0120,20.00,0.500,-2.648,-3.134,-0.188,23.47,0.08,0.0716,0.0502,-0.0105,20.00,0.500,-0.724,-0.956,-0.075,23.74,0.00,1.0833,1.0497,-0.0075,20.00,0.500,-1.133,-1.167,-0.086,23.67,0.03,1.0874,1.0221,0.0120,20.00,0.500,2.101,2.313,0.175,23.52,0.08,0.0999,0.0786,0.0120,20.00,0.500,-0.724,-0.559,-0.055,23.67,0.01,0.7780,0.7434,0.0030,20.00,0.500,1.097,1.128,0.079,23.56,0.03,1.2616,1.2208,-0.0030,20.00,0.500,-1.371,-1.361,-0.106,23.39,0.04,0.1041,0.0753,-0.0060,20.00,0.500,0.880,1.033,0.103,23.60,0.02,0.7823,0.7625,0.0135,20.00,0.500,-0.676,-0.785,-0.062,23.54,0.01,1.3850,1.3288,-0.0045,20.00,0.500,1.802,1.903,0.135,23.37,0.07
2.7100,0.1175,0.0966,-0.0330,20.00,0.500,-0.644,-0.892,-0.072,23.66,0.01,0.7141,0.6873,0.0060,20.00,0.500,0.801,0.934,0.090,23.57,0.02,1.3708,1.2901,-0.0030,20.00,0.500,-2.665,-3.158,-0.225,23.46,0.11,0.0716,0.0501,-0.0015,20.00,0.500,-0.758,-0.919,-0.060,23.75,0.01,1.0833,1.0497,0.0060,20.00,0.500,-1.133,-1.219,-0.097,23.67,0.03,1.0874,1.0221,-0.0165,20.00,0.500,2.100,2.029,0.156,23.52,0.09,0.0999,0.0785,-0.0075,20.00,0.500,-0.753,-0.807,-0.051,23.68,0.01,0.7780,0.7435,0.0105,20.00,0.500,1.091,1.057,0.084,23.57,0.03,1.2616,1.2208,-0.0000,20.00,0.500,-1.368,-1.418,-0.098,23.39,0.04,0.1041,0.0753,0.0030,20.00,0.500,0.891,0.774,0.086,23.60,0.01,0.7823,0.7625,0.0045,20.00,0.500,-0.677,-0.363,-0.079,23.54,0.01,1.3850,1.3290,0.0195,20.00,0.500,1.779,2.557,0.133,23.38,0.08
2.7200,0.1175,0.0966,-0.0330,20.00,0.500,-0.644,-0.892,-0.072,23.66,0.01,0.7141,0.6871,0.0479,20.00,0.500,0.801,0.934,0.090,23.57,0.02,1.3708,1.2901,-0.0045,20.00,0.500,-2.665,-3.158,-0.225,23.46,0.11,0.0716,0.0500,-0.0285,20.00,0.500,-0.758,-0.919,-0.060,23.75,0.01,1.0833,1.0498,0.0210,20.00,0.500,-1.133,-1.219,-0.097,23.67,0.03,1.0874,1.0221,-0.0240,20.00,0.500,2.100,2.029,0.156,23.52,0.09,0.0999,0.0785,-0.0120,20.00,0.500,-0.753,-0.807,-0.051,23.68,0.01,0.7780,0.7435,0.0135,20.00,0.500,1.091,1.057,0.084,23.57,0.03,1.2616,1.2208,-0.0000,20.00,0.500,-1.368,-1.418,-0.098,23.39,0.04,0.1041,0.0753,0.0045,20.00,0.500,0.891,0.774,0.086,23.60,0.01,0.7823,0.7623,-0.0240,20.00,0.500,-0.677,-0.363,-0.079,23.54,0.01,1.3850,1.3290,0.0195,20.00,0.500,1.779,2.557,0.133,23.38,0.08
2.7300,0.1175,0.0968,0.0360,20.00,0.500,-0.644,-0.892,-0.072,23.66,0.01,0.7141,0.6865,-0.0809,20.00,0.500,0.801,0.934,0.090,23.57,0.02,1.3708,1.2901,-0.0045,20.00,0.500,-2.665,-3.158,-0.225,23.46,0.11,0.0716,0.0502,-0.0045,20.00,0.500,-0.758,-0.919,-0.060,23.75,0.01,1.0833,1.0497,-0.0030,20.00,0.500,-1.133,-1.219,-0.097,23.67,0.03,1.0874,1.0223,0.0464,20.00,0.500,2.100,2.029,0.156,23.52,0.09,0.0999,0.0786,-0.0000,20.00,0.500,-0.753,-0.807,-0.051,23.68,0.01,0.7780,0.7434,0.0000,20.00,0.500,1.091,1.057,0.084,23.57,0.03,1.2616,1.2208,0.0060,20.00,0.500,-1.368,-1.418,-0.098,23.39,0.04,0.1041,0.0753,0.0135,20.00,0.500,0.891,0.774,0.086,23.60,0.01,0.7823,0.7624,0.0030,20.00,0.500,-0.677,-0.363,-0.079,23.54,0.01,1.3850,1.3289,0.0165,20.00,0.500,1.779,2.557,0.133,23.38,0.08
2.7400,0.1175,0.0969,-0.0120,20.00,0.500,-0.644,-0.892,-0.072,23.66,0.01,0.7141,0.6874,0.0569,20.00,0.500,0.801,0.934,0.090,23.57,0.02,1.3708,1.2900,-0.0300,20.00,0.500,-2.665,-3.158,-0.225,23.46,0.11,0.0716,0.0501,0.0105,20.00,0.500,-0.758,-0.919,-0.060,23.75,0.01,1.0833,1.0497,-0.0090,20.00,0.500,-1.133,-1.219,-0.097,23.67,0.03,1.0874,1.0221,-0.0030,20.00,0.500,2.100,2.029,0.156,23.52,0.09,0.0999,0.0785,-0.0030,20.00,0.500,-0.753,-0.807,-0.051,23.68,0.01,0.7780,0.7435,0.0030,20.00,0.500,1.091,1.057,0.084,23.57,0.03,1.2616,1.2208,0.0060,20.00,0.500,-1.368,-1.418,-0.098,23.39,0.04,0.1041,0.0753,0.0015,20.00,0.500,0.891,0.774,0.086,23.60,0.01,0.7823,0.7624,0.0045,20.00,0.500,-0.677,-0.363,-0.079,23.54,0.01,1.3850,1.3289,-0.0075,20.00,0.500,1.779,2.557,0.133,23.38,0.08
2.7500,0.1175,0.0965,-0.0345,20.00,0.500,-0.644,-0.892,-0.072,23.66,0.01,0.7141,0.6868,-0.0225,20.00,0.500,0.801,0.934,0.090,23.57,0.02,1.3708,1.2902,0.0180,20.00,0.500,-2.665,-3.158,-0.225,23.46,0.11,0.0716,0.0501,-0.0105,20.00,0.500,-0.758,-0.919,-0.060,23.75,0.01,1.0833,1.0497,0.0120,20.00,0.500,-1.133,-1.219,-0.097,23.67,0.03,1.0874,1.0221,-0.0285,20.00,0.500,2.100,2.029,0.156,23.52,0.09,0.0999,0.0784,-0.0315,20.00,0.500,-0.753,-0.807,-0.051,23.68,0.01,0.7780,0.7434,-0.0030,20.00,0.500,1.091,1.057,0.084,23.57,0.03,1.2616,1.2208,0.0060,20.00,0.500,-1.368,-1.418,-0.098,23.39,0.04,0.1041,0.0753,-0.0120,20.00,0.500,0.891,0.774,0.086,23.60,0.01,0.7823,0.7624,-0.0135,20.00,0.500,-0.677,-0.363,-0.079,23.54,0.01,1.3850,1.3288,0.0015,20.00,0.500,1.779,2.557,0.133,23.38,0.08
2.7600,0.1175,0.0967,0.0285,20.00,0.500,-0.682,-0.615,-0.085,23.66,0.01,0.7141,0.6871,0.0045,20.00,0.500,0.816,0.944,0.026,23.58,0.02,1.3708,1.2902,0.0105,20.00,0.500,-2.652,-2.504,-0.148,23.45,0.12,0.0716,0.0502,0.0270,20.00,0.500,-0.760,-0.791,-0.053,23.75,0.01,1.0833,1.0497,-0.0000,20.00,0.500,-1.137,-1.207,-0.069,23.66,0.04,1.0874,1.0223,0.0389,20.00,0.500,2.080,1.970,0.161,23.52,0.09,0.0999,0.0787,0.0195,20.00,0.500,-0.714,-0.691,-0.056,23.67,0.01,0.7780,0.7436,0.0300,20.00,0.500,1.078,1.084,0.085,23.56,0.03,1.2616,1.2208,0.0015,20.00,0.500,-1.366,-1.292,-0.100,23.39,0.05,0.1041,0.0753,0.0165,20.00,0.500,0.885,0.967,0.040,23.60,0.01,0.7823,0.7624,-0.0030,20.00,0.500,-0.685,-0.786,-0.047,23.54,0.01,1.3850,1.3288,-0.0255,20.00,0.500,1.802,2.070,0.151,23.37,0.07
2.7700,0.1175,0.0967,0.0285,20.00,0.500,-0.682,-0.615,-0.085,23.66,0.01,0.7141,0.6870,-0.0015,20.00,0.500,0.816,0.944,0.026,23.58,0.02,1.3708,1.2902,0.0315,20.00,0.500,-2.652,-2.504,-0.148,23.45,0.12,0.0716,0.0502,0.0060,20.00,0.500,-0.760,-0.791,-0.053,23.75,0.01,1.0833,1.0497,-0.0015,20.00,0.500,-1.137,-1.207,-0.069,23.66,0.04,1.0874,1.0223,0.0315,20.00,0.500,2.080,1.970,0.161,23.52,0.09,0.0999,0.0786,0.0075,20.00,0.500,-0.714,-0.691,-0.056,23.67,0.01,0.7780,0.7434,-0.0015,20.00,0.500,1.078,1.084,0.085,23.56,0.03,1.2616,1.2208,-0.0045,20.00,0.500,-1.366,-1.292,-0.100,23.39,0.05,0.1041,0.0752,-0.0075,20.00,0.500,0.885,0.967,0.040,23.60,0.01,0.7823,0.7625,0.0120,20.00,0.500,-0.685,-0.786,-0.047,23.54,0.01,1.3850,1.3289,0.0015,20.00,0.500,1.802,2.070,0.151,23.37,0.07
2.7800,0.1175,0.0966,-0.0105,20.00,0.500,-0.682,-0.615,-0.085,23.66,0.01,0.7141,0.6871,0.0180,20.00,0.500,0.816,0.944,0.026,23.58,0.02,1.3708,1.2903,-0.0225,20.00,0.500,-2.652,-2.504,-0.148,23.45,0.12,0.0716,0.0501,-0.0090,20.00,0.500,-0.760,-0.791,-0.053,23.75,0.01,1.0833,1.0497,-0.0015,20.00,0.500,-1.137,-1.207,-0.069,23.66,0.04,1.0874,1.0222,-0.0030,20.00,0.500,2.080,1.970,0.161,23.52,0.09,0.0999,0.0785,0.0015,20.00,0.500,-0.714,-0.691,-0.056,23.67,0.01,0.7780,0.7434,-0.0075,20.00,0.500,1.078,1.084,0.085,23.56,0.03,1.2616,1.2208,-0.0000,20.00,0.500,-1.366,-1.292,-0.100,23.39,0.05,0.1041,0.0754,0.0090,20.00,0.500,0.885,0.967,0.040,23.60,0.01,0.7823,0.7624,-0.0030,20.00,0.500,-0.685,-0.786,-0.047,23.54,0.01,1.3850,1.3289,0.0060,20.00,0.500,1.802,2.070,0.151,23.37,0.07
2.7900,0.1175,0.0967,-0.0030,20.00,0.500,-0.682,-0.615,-0.085,23.66,0.01,0.7141,0.6870,-0.0240,20.00,0.500,0.816,0.944,0.026,23.58,0.02,1.3708,1.2903,0.0240,20.00,0.500,-2.652,-2.504,-0.148,23.45,0.12,0.0716,0.0500,-0.0255,20.00,0.500,-0.760,-0.791,-0.053,23.75,0.01,1.0833,1.0497,0.0045,20.00,0.500,-1.137,-1.207,-0.069,23.66,0.04,1.0874,1.0222,-0.0075,20.00,0.500,2.080,1.970,0.161,23.52,0.09,0.0999,0.0785,-0.0135,20.00,0.500,-0.714,-0.691,-0.056,23.67,0.01,0.7780,0.7434,-0.0135,20.00,0.500,1.078,1.084,0.085,23.56,0.03,1.2616,1.2209,-0.0000,20.00,0.500,-1.366,-1.292,-0.100,23.39,0.05,0.1041,0.0754,0.0090,20.00,0.500,0.885,0.967,0.040,23.60,0.01,0.7823,0.7624,0.0030,20.00,0.500,-0.685,-0.786,-0.047,23.54,0.01,1.3850,1.3289,0.0285,20.00,0.500,1.802,2.070,0.151,23.37,0.07
2.8000,0.1175,0.0966,0.0120,20.00,0.500,-0.682,-0.615,-0.085,23.66,0.01,0.7141,0.6872,0.0075,20.00,0.500,0.816,0.944,0.026,23.58,0.02,1.3708,1.2903,0.0105,20.00,0.500,-2.652,-2.504,-0.148,23.45,0.12,0.0716,0.0501,-0.0060,20.00,0.500,-0.760,-0.791,-0.053,23.75,0.01,1.0833,1.0497,-0.0045,20.00,0.500,-1.137,-1.207,-0.069,23.66,0.04,1.0874,1.0222,0.0060,20.00,0.500,2.080,1.970,0.161,23.52,0.09,0.0999,0.0786,0.0075,20.00,0.500,-0.714,-0.691,-0.056,23.67,0.01,0.7780,0.7435,0.0090,20.00,0.500,1.078,1.084,0.085,23.56,0.03,1.2616,1.2209,0.0015,20.00,0.500,-1.366,-1.292,-0.100,23.39,0.05,0.1041,0.0753,-0.0195,20.00,0.500,0.885,0.967,0.040,23.60,0.01,0.7823,0.7624,-0.0060,20.00,0.500,-0.685,-0.786,-0.047,23.54,0.01,1.3850,1.3288,-0.0120,20.00,0.500,1.802,2.070,0.151,23.37,0.07
2.8100,0.1175,0.0966,-0.0105,20.00,0.500,-0.656,-1.007,-0.013,23.66,0.01,0.7141,0.6871,0.0060,20.00,0.500,0.857,0.891,0.064,23.58,0.01,1.3708,1.2902,-0.0015,20.00,0.500,-2.687,-2.740,-0.219,23.46,0.10,0.0716,0.0502,0.0255,20.00,0.500,-0.749,-0.988,-0.063,23.75,0.02,1.0833,1.0497,-0.0030,20.00,0.500,-1.140,-1.156,-0.085,23.67,0.03,1.0874,1.0222,-0.0105,20.00,0.500,2.092,2.064,0.153,23.52,0.09,0.0999,0.0786,0.0075,20.00,0.500,-0.738,-0.851,-0.055,23.67,0.01,0.7780,0.7435,-0.0015,20.00,0.500,1.097,1.158,0.085,23.57,0.03,1.2616,1.2209,-0.0000,20.00,0.500,-1.368,-1.408,-0.098,23.40,0.04,0.1041,0.0753,-0.0090,20.00,0.500,0.901,0.525,0.096,23.60,0.02,0.7823,0.7624,-0.0120,20.00,0.500,-0.695,-0.752,-0.068,23.55,0.00,1.3850,1.3289,0.0105,20.00,0.500,1.779,1.912,0.160,23.37,0.08
2.8200,0.1175,0.0966,-0.0105,20.00,0.500,-0.656,-1.007,-0.013,23.66,0.01,0.7141,0.6872,0.0270,20.00,0.500,0.857,0.891,0.064,23.58,0.01,1.3708,1.2901,-0.0210,20.00,0.500,-2.687,-2.740,-0.219,23.46,0.10,0.0716,0.0501,0.0060,20.00,0.500,-0.749,-0.988,-0.063,23.75,0.02,1.0833,1.0496,-0.0075,20.00,0.500,-1.140,-1.156,-0.085,23.67,0.03,1.0874,1.0223,-0.0015,20.00,0.500,2.092,2.064,0.153,23.52,0.09,0.0999,0.0786,0.0015,20.00,0.500,-0.738,-0.851,-0.055,23.67,0.01,0.7780,0.7435,0.0135,20.00,0.500,1.097,1.158,0.085,23.57,0.03,1.2616,1.2209,0.0045,20.00,0.500,-1.368,-1.408,-0.098,23.40,0.04,0.1041,0.0753,-0.0090,20.00,0.500,0.901,0.525,0.096,23.60,0.02,0.7823,0.7625,0.0195,20.00,0.500,-0.695,-0.752,-0.068,23.55,0.00,1.3850,1.3289,0.0105,20.00,0.500,1.779,1.912,0.160,23.37,0.08
2.8300,0.1175,0.0966,-0.0105,20.00,0.500,-0.656,-1.007,-0.013,23.66,0.01,0.7141,0.6870,-0.0315,20.00,0.500,0.857,0.891,0.064,23.58,0.01,1.3708,1.2903,-0.0000,20.00,0.500,-2.687,-2.740,-0.219,23.46,0.10,0.0716,0.0500,-0.0255,20.00,0.500,-0.749,-0.988,-0.063,23.75,0.02,1.0833,1.0497,-0.0075,20.00,0.500,-1.140,-1.156,-0.085,23.67,0.03,1.0874,1.0223,0.0150,20.00,0.500,2.092,2.064,0.153,23.52,0.09,0.0999,0.0785,0.0015,20.00,0.500,-0.738,-0.851,-0.055,23.67,0.01,0.7780,0.7435,0.0075,20.00,0.500,1.097,1.158,0.085,23.57,0.03,1.2616,1.2209,-0.0030,20.00,0.500,-1.368,-1.408,-0.098,23.40,0.04,0.1041,0.0753,0.0000,20.00,0.500,0.901,0.525,0.096,23.60,0.02,0.7823,0.7624,-0.0075,20.00,0.500,-0.695,-0.752,-0.068,23.55,0.00,1.3850,1.3288,-0.0255,20.00,0.500,1.779,1.912,0.160,23.37,0.08
2.8400,0.1175,0.0966,-0.0225,20.00,0.500,-0.656,-1.007,-0.013,23.66,0.01,0.7141,0.6872,0.0105,20.00,0.500,0.857,0.891,0.064,23.58,0.01,1.3708,1.2901,-0.0240,20.00,0.500,-2.687,-2.740,-0.219,23.46,0.10,0.0716,0.0501,0.0090,20.00,0.500,-0.749,-0.988,-0.063,23.75,0.02,1.0833,1.0497,-0.0015,20.00,0.500,-1.140,-1.156,-0.085,23.67,0.03,1.0874,1.0222,-0.0105,20.00,0.500,2.092,2.064,0.153,23.52,0.09,0.0999,0.0786,0.0150,20.00,0.500,-0.738,-0.851,-0.055,23.67,0.01,0.7780,0.7434,-0.0060,20.00,0.500,1.097,1.158,0.085,23.57,0.03,1.2616,1.2209,0.0015,20.00,0.500,-1.368,-1.408,-0.098,23.40,0.04,0.1041,0.0754,0.0165,20.00,0.500,0.901,0.525,0.096,23.60,0.02,0.7823,0.7624,0.0015,20.00,0.500,-0.695,-0.752,-0.068,23.55,0.00,1.3850,1.3290,0.0045,20.00,0.500,1.779,1.912,0.160,23.37,0.08
2.8500,0.1175,0.0966,-0.0105,20.00,0.500,-0.656,-1.007,-0.013,23.66,0.01,0.7141,0.6870,0.0270,20.00,0.500,0.857,0.891,0.064,23.58,0.01,1.3708,1.2902,0.0045,20.00,0.500,-2.687,-2.740,-0.219,23.46,0.10,0.0716,0.0501,-0.0165,20.00,0.500,-0.749,-0.988,-0.063,23.75,0.02,1.0833,1.0497,-0.0060,20.00,0.500,-1.140,-1.156,-0.085,23.67,0.03,1.0874,1.0223,0.0060,20.00,0.500,2.092,2.064,0.153,23.52,0.09,0.0999,0.0785,-0.0045,20.00,0.500,-0.738,-0.851,-0.055,23.67,0.01,0.7780,0.7434,-0.0090,20.00,0.500,1.097,1.158,0.085,23.57,0.03,1.2616,1.2209,0.0015,20.00,0.500,-1.368,-1.408,-0.098,23.40,0.04,0.1041,0.0754,0.0210,20.00,0.500,0.901,0.525,0.096,23.60,0.02,0.7823,0.7624,-0.0060,20.00,0.500,-0.695,-0.752,-0.068,23.55,0.00,1.3850,1.3291,0.0449,20.00,0.500,1.779,1.912,0.160,23.37,0.08
2.8600,0.1175,0.0968,0.0120,20.00,0.500,-0.639,-1.198,-0.055,23.67,0.01,0.7141,0.6867,-0.0689,20.00,0.500,0.871,1.139,0.221,23.58,0.00,1.3708,1.2903,-0.0105,20.00,0.500,-2.661,-2.540,-0.230,23.47,0.08,0.0716,0.0502,0.0165,20.00,0.500,-0.750,-0.666,-0.070,23.75,0.01,1.0833,1.0497,-0.0045,20.00,0.500,-1.142,-1.120,-0.085,23.67,0.03,1.0874,1.0222,0.0000,20.00,0.500,2.079,2.248,0.161,23.51,0.09,0.0999,0.0786,0.0120,20.00,0.500,-0.731,-0.785,-0.062,23.67,0.01,0.7780,0.7434,-0.0165,20.00,0.500,1.099,1.325,0.086,23.57,0.03,1.2616,1.2209,-0.0060,20.00,0.500,-1.371,-1.281,-0.108,23.39,0.04,0.1041,0.0754,0.0105,20.00,0.500,0.886,1.158,0.088,23.60,0.02,0.7823,0.7625,0.0045,20.00,0.500,-0.679,-0.431,-0.018,23.53,0.01,1.3850,1.3290,0.0075,20.00,0.500,1.776,1.592,0.139,23.37,0.07
2.8700,0.1175,0.0968,0.0120,20.00,0.500,-0.639,-1.198,-0.055,23.67,0.01,0.7141,0.6872,0.0300,20.00,0.500,0.871,1.139,0.221,23.58,0.00,1.3708,1.2903,0.0255,20.00,0.500,-2.661,-2.540,-0.230,23.47,0.08,0.0716,0.0502,0.0180,20.00,0.500,-0.750,-0.666,-0.070,23.75,0.01,1.0833,1.0496,-0.0150,20.00,0.500,-1.142,-1.120,-0.085,23.67,0.03,1.0874,1.0222,-0.0165,20.00,0.500,2.079,2.248,0.161,23.51,0.09,0.0999,0.0785,-0.0120,20.00,0.500,-0.731,-0.785,-0.062,23.67,0.01,0.7780,0.7434,-0.0090,20.00,0.500,1.099,1.325,0.086,23.57,0.03,1.2616,1.2209,0.0030,20.00,0.500,-1.371,-1.281,-0.108,23.39,0.04,0.1041,0.0753,-0.0015,20.00,0.500,0.886,1.158,0.088,23.60,0.02,0.7823,0.7625,0.0045,20.00,0.500,-0.679,-0.431,-0.018,23.53,0.01,1.3850,1.3290,-0.0090,20.00,0.500,1.776,1.592,0.139,23.37,0.07
2.8800,0.1175,0.0966,0.0015,20.00,0.500,-0.639,-1.198,-0.055,23.67,0.01,0.7141,0.6870,0.0225,20.00,0.500,0.871,1.139,0.221,23.58,0.00,1.3708,1.2902,-0.0240,20.00,0.500,-2.661,-2.540,-0.230,23.47,0.08,0.0716,0.0501,-0.0090,20.00,0.500,-0.750,-0.666,-0.070,23.75,0.01,1.0833,1.0497,-0.0000,20.00,0.500,-1.142,-1.120,-0.085,23.67,0.03,1.0874,1.0221,-0.0090,20.00,0.500,2.079,2.248,0.161,23.51,0.09,0.0999,0.0785,-0.0015,20.00,0.500,-0.731,-0.785,-0.062,23.67,0.01,0.7780,0.7434,-0.0090,20.00,0.500,1.099,1.325,0.086,23.57,0.03,1.2616,1.2209,-0.0090,20.00,0.500,-1.371,-1.281,-0.108,23.39,0.04,0.1041,0.0753,-0.0045,20.00,0.500,0.886,1.158,0.088,23.60,0.02,0.7823,0.7624,0.0015,20.00,0.500,-0.679,-0.431,-0.018,23.53,0.01,1.3850,1.3290,-0.0090,20.00,0.500,1.776,1.592,0.139,23.37,0.07
2.8900,0.1175,0.0967,0.0000,20.00,0.500,-0.639,-1.198,-0.055,23.67,0.01,0.7141,0.6869,-0.0255,20.00,0.500,0.871,1.139,0.221,23.58,0.00,1.3708,1.2903,0.0015,20.00,0.500,-2.661,-2.540,-0.230,23.47,0.08,0.0716,0.0501,-0.0075,20.00,0.500,-0.750,-0.666,-0.070,23.75,0.01,1.0833,1.0497,0.0075,20.00,0.500,-1.142,-1.120,-0.085,23.67,0.03,1.0874,1.0222,-0.0195,20.00,0.500,2.079,2.248,0.161,23.51,0.09,0.0999,0.0785,0.0015,20.00,0.500,-0.731,-0.785,-0.062,23.67,0.01,0.7780,0.7434,0.0030,20.00,0.500,1.099,1.325,0.086,23.57,0.03,1.2616,1.2209,-0.0030,20.00,0.500,-1.371,-1.281,-0.108,23.39,0.04,0.1041,0.0753,0.0015,20.00,0.500,0.886,1.158,0.088,23.60,0.02,0.7823,0.7625,0.0030,20.00,0.500,-0.679,-0.431,-0.018,23.53,0.01,1.3850,1.3291,0.0150,20.00,0.500,1.776,1.592,0.139,23.37,0.07
2.9000,0.1175,0.0967,-0.0105,20.00,0.500,-0.639,-1.198,-0.055,23.67,0.01,0.7141,0.6871,-0.0015,20.00,0.500,0.871,1.139,0.221,23.58,0.00,1.3708,1.2903,-0.0090,20.00,0.500,-2.661,-2.540,-0.230,23.47,0.08,0.0716,0.0501,-0.0015,20.00,0.500,-0.750,-0.666,-0.070,23.75,0.01,1.0833,1.0497,0.0090,20.00,0.500,-1.142,-1.120,-0.085,23.67,0.03,1.0874,1.0223,0.0075,20.00,0.500,2.079,2.248,0.161,23.51,0.09,0.0999,0.0785,0.0030,20.00,0.500,-0.731,-0.785,-0.062,23.67,0.01,0.7780,0.7434,-0.0015,20.00,0.500,1.099,1.325,0.086,23.57,0.03,1.2616,1.2209,-0.0000,20.00,0.500,-1.371,-1.281,-0.108,23.39,0.04,0.1041,0.0755,-0.0030,20.00,0.500,0.886,1.158,0.088,23.60,0.02,0.7823,0.7624,-0.0060,20.00,0.500,-0.679,-0.431,-0.018,23.53,0.01,1.3850,1.3291,0.0120,20.00,0.500,1.776,1.592,0.139,23.37,0.07
2.9100,0.1175,0.0968,-0.0045,20.00,0.500,-0.663,-0.343,-0.041,23.68,0.02,0.7141,0.6870,-0.0075,20.00,0.500,0.850,0.609,0.110,23.59,0.02,1.3708,1.2902,-0.0000,20.00,0.500,-2.680,-3.048,-0.201,23.46,0.12,0.0716,0.0500,-0.0120,20.00,0.500,-0.739,-0.701,-0.036,23.77,0.01,1.0833,1.0497,-0.0030,20.00,0.500,-1.142,-1.133,-0.077,23.66,0.03,1.0874,1.0223,0.0285,20.00,0.500,2.063,2.040,0.159,23.53,0.08,0.0999,0.0785,-0.0015,20.00,0.500,-0.748,-0.729,-0.047,23.67,0.02,0.7780,0.7435,0.0015,20.00,0.500,1.099,1.149,0.062,23.57,0.03,1.2616,1.2209,-0.0045,20.00,0.500,-1.369,-1.253,-0.103,23.40,0.04,0.1041,0.0754,-0.0105,20.00,0.500,0.896,0.841,0.098,23.61,0.02,0.7823,0.7624,-0.0090,20.00,0.500,-0.689,-0.335,-0.053,23.54,0.00,1.3850,1.3291,-0.0150,20.00,0.500,1.806,1.915,0.101,23.37,0.06
2.9200,0.1175,0.0968,-0.0045,20.00,0.500,-0.663,-0.343,-0.041,23.68,0.02,0.7141,0.6869,0.0240,20.00,0.500,0.850,0.609,0.110,23.59,0.02,1.3708,1.2903,-0.0075,20.00,0.500,-2.680,-3.048,-0.201,23.46,0.12,0.0716,0.0501,0.0195,20.00,0.500,-0.739,-0.701,-0.036,23.77,0.01,1.0833,1.0497,0.0075,20.00,0.500,-1.142,-1.133,-0.077,23.66,0.03,1.0874,1.0221,-0.0225,20.00,0.500,2.063,2.040,0.159,23.53,0.08,0.0999,0.0785,-0.0030,20.00,0.500,-0.748,-0.729,-0.047,23.67,0.02,0.7780,0.7435,0.0090,20.00,0.500,1.099,1.149,0.062,23.57,0.03,1.2616,1.2210,0.0060,20.00,0.500,-1.369,-1.253,-0.103,23.40,0.04,0.1041,0.0752,-0.0210,20.00,0.500,0.896,0.841,0.098,23.61,0.02,0.7823,0.7624,-0.0030,20.00,0.500,-0.689,-0.335,-0.053,23.54,0.00,1.3850,1.3291,-0.0150,20.00,0.500,1.806,1.915,0.101,23.37,0.06
2.9300,0.1175,0.0966,-0.0060,20.00,0.500,-0.663,-0.343,-0.041,23.68,0.02,0.7141,0.6869,-0.0015,20.00,0.500,0.850,0.609,0.110,23.59,0.02,1.3708,1.2903,0.0195,20.00,0.500,-2.680,-3.048,-0.201,23.46,0.12,0.0716,0.0502,0.0120,20.00,0.500,-0.739,-0.701,-0.036,23.77,0.01,1.0833,1.0497,-0.0030,20.00,0.500,-1.142,-1.133,-0.077,23.66,0.03,1.0874,1.0222,-0.0165,20.00,0.500,2.063,2.040,0.159,23.53,0.08,0.0999,0.0783,-0.0210,20.00,0.500,-0.748,-0.729,-0.047,23.67,0.02,0.7780,0.7435,-0.0015,20.00,0.500,1.099,1.149,0.062,23.57,0.03,1.2616,1.2209,-0.0045,20.00,0.500,-1.369,-1.253,-0.103,23.40,0.04,0.1041,0.0756,0.0240,20.00,0.500,0.896,0.841,0.098,23.61,0.02,0.7823,0.7624,0.0015,20.00,0.500,-0.689,-0.335,-0.053,23.54,0.00,1.3850,1.3291,0.0045,20.00,0.500,1.806,1.915,0.101,23.37,0.06
2.9400,0.1175,0.0967,-0.0015,20.00,0.500,-0.663,-0.343,-0.041,23.68,0.02,0.7141,0.6873,0.0240,20.00,0.500,0.850,0.609,0.110,23.59,0.02,1.3708,1.2900,-0.0330,20.00,0.500,-2.680,-3.048,-0.201,23.46,0.12,0.0716,0.0503,0.0285,20.00,0.500,-0.739,-0.701,-0.036,23.77,0.01,1.0833,1.0497,-0.0090,20.00,0.500,-1.142,-1.133,-0.077,23.66,0.03,1.0874,1.0224,0.0225,20.00,0.500,2.063,2.040,0.159,23.53,0.08,0.0999,0.0784,0.0090,20.00,0.500,-0.748,-0.729,-0.047,23.67,0.02,0.7780,0.7434,-0.0075,20.00,0.500,1.099,1.149,0.062,23.57,0.03,1.2616,1.2210,0.0045,20.00,0.500,-1.369,-1.253,-0.103,23.40,0.04,0.1041,0.0756,-0.0015,20.00,0.500,0.896,0.841,0.098,23.61,0.02,0.7823,0.7625,-0.0030,20.00,0.500,-0.689,-0.335,-0.053,23.54,0.00,1.3850,1.3290,-0.0300,20.00,0.500,1.806,1.915,0.101,23.37,0.06
2.9500,0.1175,0.0966,-0.0045,20.00,0.500,-0.663,-0.343,-0.041,23.68,0.02,0.7141,0.6869,-0.0060,20.00,0.500,0.850,0.609,0.110,23.59,0.02,1.3708,1.2902,-0.0240,20.00,0.500,-2.680,-3.048,-0.201,23.46,0.12,0.0716,0.0502,0.0090,20.00,0.500,-0.739,-0.701,-0.036,23.77,0.01,1.0833,1.0497,-0.0015,20.00,0.500,-1.142,-1.133,-0.077,23.66,0.03,1.0874,1.0223,0.0180,20.00,0.500,2.063,2.040,0.159,23.53,0.08,0.0999,0.0780,-0.0434,20.00,0.500,-0.748,-0.729,-0.047,23.67,0.02,0.7780,0.7434,-0.0135,20.00,0.500,1.099,1.149,0.062,23.57,0.03,1.2616,1.2209,0.0015,20.00,0.500,-1.369,-1.253,-0.103,23.40,0.04,0.1041,0.0758,0.0180,20.00,0.500,0.896,0.841,0.098,23.61,0.02,0.7823,0.7624,0.0030,20.00,0.500,-0.689,-0.335,-0.053,23.54,0.00,1.3850,1.3294,0.0494,20.00,0.500,1.806,1.915,0.101,23.37,0.06
2.9600,0.1175,0.0966,-0.0045,20.00,0.500,-0.654,-1.225,-0.087,23.67,0.01,0.7141,0.6869,-0.0270,20.00,0.500,0.833,1.121,0.064,23.58,0.02,1.3708,1.2902,0.0180,20.00,0.500,-2.661,-2.299,-0.220,23.46,0.12,0.0716,0.0502,-0.0240,20.00,0.500,-0.707,-0.406,-0.063,23.75,0.01,1.0833,1.0497,-0.0000,20.00,0.500,-1.138,-1.195,-0.092,23.66,0.03,1.0874,1.0222,0.0000,20.00,0.500,2.055,2.170,0.159,23.53,0.08,0.0999,0.0782,0.0120,20.00,0.500,-0.748,-0.729,-0.047,23.67,0.02,0.7780,0.7435,-0.0030,20.00,0.500,1.099,1.149,0.062,23.57,0.03,1.2616,1.2209,0.0030,20.00,0.500,-1.369,-1.253,-0.103,23.40,0.04,0.1041,0.0760,0.0225,20.00,0.500,0.896,0.841,0.098,23.61,0.02,0.7823,0.7625,-0.0030,20.00,0.500,-0.689,-0.335,-0.053,23.54,0.00,1.3850,1.3291,-0.0045,20.00,0.500,1.806,1.915,0.101,23.37,0.06
2.9700,0.1175,0.0963,-0.0105,20.00,0.500,-0.654,-1.225,-0.087,23.67,0.01,0.7141,0.6872,-0.0075,20.00,0.500,0.833,1.121,0.064,23.58,0.02,1.3708,1.2901,0.0135,20.00,0.500,-2.661,-2.299,-0.220,23.46,0.12,0.0716,0.0502,-0.0195,20.00,0.500,-0.707,-0.406,-0.063,23.75,0.01,1.0833,1.0496,-0.0150,20.00,0.500,-1.138,-1.195,-0.092,23.66,0.03,1.0874,1.0221,-0.0240,20.00,0.500,2.055,2.170,0.151,23.53,0.09,0.0999,0.0781,-0.0030,20.00,0.500,-0.748,-0.642,-0.066,23.68,0.01,0.7780,0.7435,-0.0105,20.00,0.500,1.103,1.101,0.086,23.57,0.03,1.2616,1.2209,0.0045,20.00,0.500,-1.363,-1.295,-0.106,23.40,0.04,0.1041,0.0759,-0.0015,20.00,0.500,0.875,0.575,0.037,23.60,0.02,0.7823,0.7624,0.0210,20.00,0.500,-0.686,-0.826,0.007,23.54,0.01,1.3850,1.3291,-0.0195,20.00,0.500,1.804,1.916,0.106,23.37,0.08
2.9800,0.1175,0.0961,-0.0674,20.00,0.500,-0.654,-1.225,-0.087,23.67,0.01,0.7141,0.6876,0.0839,20.00,0.500,0.833,1.121,0.064,23.58,0.02,1.3708,1.2903,0.0270,20.00,0.500,-2.661,-2.299,-0.220,23.46,0.12,0.0716,0.0503,-0.0000,20.00,0.500,-0.707,-0.406,-0.063,23.75,0.01,1.0833,1.0496,-0.0060,20.00,0.500,-1.138,-1.195,-0.092,23.66,0.03,1.0874,1.0222,-0.0045,20.00,0.500,2.055,2.170,0.151,23.53,0.09,0.0999,0.0781,0.0060,20.00,0.500,-0.748,-0.642,-0.066,23.68,0.01,0.7780,0.7438,0.0360,20.00,0.500,1.103,1.101,0.086,23.57,0.03,1.2616,1.2210,0.0030,20.00,0.500,-1.363,-1.295,-0.106,23.40,0.04,0.1041,0.0760,0.0060,20.00,0.500,0.875,0.575,0.037,23.60,0.02,0.7823,0.7623,-0.0150,20.00,0.500,-0.686,-0.826,0.007,23.54,0.01,1.3850,1.3292,0.0060,20.00,0.500,1.804,1.916,0.106,23.37,0.08
2.9900,0.1175,0.0961,-0.0674,20.00,0.500,-0.654,-1.225,-0.087,23.67,0.01,0.7141,0.6873,-0.0375,20.00,0.500,0.833,1.121,0.064,23.58,0.02,1.3708,1.2902,-0.0060,20.00,0.500,-2.661,-2.299,-0.220,23.46,0.12,0.0716,0.0504,0.0045,20.00,0.500,-0.707,-0.406,-0.063,23.75,0.01,1.0833,1.0497,0.0015,20.00,0.500,-1.138,-1.195,-0.092,23.66,0.03,1.0874,1.0221,-0.0075,20.00,0.500,2.055,2.170,0.151,23.53,0.09,0.0999,0.0780,-0.0120,20.00,0.500,-0.748,-0.642,-0.066,23.68,0.01,0.7780,0.7439,0.0300,20.00,0.500,1.103,1.101,0.086,23.57,0.03,1.2616,1.2209,-0.0060,20.00,0.500,-1.363,-1.295,-0.106,23.40,0.04,0.1041,0.0764,0.0554,20.00,0.500,0.875,0.575,0.037,23.60,0.02,0.7823,0.7625,0.0135,20.00,0.500,-0.686,-0.826,0.007,23.54,0.01,1.3850,1.3292,0.0060,20.00,0.500,1.804,1.916,0.106,23.37,0.08
3.0000,0.1175,0.0964,0.0285,20.00,0.500,-0.654,-1.225,-0.087,23.67,0.01,0.7141,0.6876,0.0165,20.00,0.500,0.833,1.121,0.064,23.58,0.02,1.3708,1.2902,-0.0150,20.00,0.500,-2.661,-2.299,-0.220,23.46,0.12,0.0716,0.0506,0.0285,20.00,0.500,-0.707,-0.406,-0.063,23.75,0.01,1.0833,1.0497,0.0090,20.00,0.500,-1.138,-1.195,-0.092,23.66,0.03,1.0874,1.0224,0.0150,20.00,0.500,2.055,2.170,0.151,23.53,0.09,0.0999,0.0779,-0.0060,20.00,0.500,-0.748,-0.642,-0.066,23.68,0.01,0.7780,0.7441,0.0090,20.00,0.500,1.103,1.101,0.086,23.57,0.03,1.2616,1.2210,0.0015,20.00,0.500,-1.363,-1.295,-0.106,23.40,0.04,0.1041,0.0777,0.1363,20.00,0.500,0.875,0.575,0.037,23.60,0.02,0.7823,0.7624,0.0030,20.00,0.500,-0.686,-0.826,0.007,23.54,0.01,1.3850,1.3291,-0.0150,20.00,0.500,1.804,1.916,0.106,23.37,0.08
3.0100,0.1175,0.0962,-0.0075,20.00,0.500,-0.662,-0.437,-0.044,23.67,0.02,0.7141,0.6878,0.0165,20.00,0.500,0.817,0.661,0.004,23.59,0.03,1.3708,1.2902,-0.0075,20.00,0.500,-2.673,-2.562,-0.216,23.45,0.11,0.0716,0.0511,0.0300,20.00,0.500,-0.686,-0.776,-0.057,23.76,0.01,1.0833,1.0497,0.0075,20.00,0.500,-1.144,-1.230,-0.088,23.66,0.03,1.0874,1.0223,0.0105,20.00,0.500,2.082,2.143,0.151,23.52,0.09,0.0999,0.0778,-0.0105,20.00,0.500,-0.776,-0.803,-0.059,23.68,0.02,0.7780,0.7445,0.0419,20.00,0.500,1.028,1.012,0.075,23.57,0.03,1.2616,1.2209,-0.0000,20.00,0.500,-1.362,-1.380,-0.105,23.39,0.04,0.1041,0.0785,0.0809,20.00,0.500,0.734,0.653,0.055,23.60,0.02,0.7823,0.7625,-0.0015,20.00,0.500,-0.684,-0.723,-0.015,23.54,0.00,1.3850,1.3290,-0.0375,20.00,0.500,1.826,1.816,0.158,23.37,0.08
3.0200,0.1175,0.0962,-0.0075,20.00,0.500,-0.662,-0.437,-0.044,23.67,0.02,0.7141,0.6878,0.0165,20.00,0.500,0.817,0.661,0.004,23.59,0.03,1.3708,1.2902,-0.0075,20.00,0.500,-2.673,-2.562,-0.216,23.45,0.11,0.0716,0.0514,0.0389,20.00,0.500,-0.686,-0.776,-0.057,23.76,0.01,1.0833,1.0497,0.0075,20.00,0.500,-1.144,-1.230,-0.088,23.66,0.03,1.0874,1.0223,0.0105,20.00,0.500,2.082,2.143,0.151,23.52,0.09,0.0999,0.0776,-0.0120,20.00,0.500,-0.776,-0.803,-0.059,23.68,0.02,0.7780,0.7449,0.0554,20.00,0.500,1.028,1.012,0.075,23.57,0.03,1.2616,1.2210,0.0015,20.00,0.500,-1.362,-1.380,-0.105,23.39,0.04,0.1041,0.0784,-0.0075,20.00,0.500,0.734,0.653,0.055,23.60,0.02,0.7823,0.7625,0.0030,20.00,0.500,-0.684,-0.723,-0.015,23.54,0.00,1.3850,1.3291,-0.0030,20.00,0.500,1.826,1.816,0.158,23.37,0.08
3.0300,0.1175,0.0962,0.0090,20.00,0.500,-0.662,-0.437,-0.044,23.67,0.02,0.7141,0.6881,0.0090,20.00,0.500,0.817,0.661,0.004,23.59,0.03,1.3708,1.2902,-0.0000,20.00,0.500,-2.673,-2.562,-0.216,23.45,0.11,0.0716,0.0514,0.0165,20.00,0.500,-0.686,-0.776,-0.057,23.76,0.01,1.0833,1.0497,-0.0030,20.00,0.500,-1.144,-1.230,-0.088,23.66,0.03,1.0874,1.0223,0.0135,20.00,0.500,2.082,2.143,0.151,23.52,0.09,0.0999,0.0777,0.0165,20.00,0.500,-0.776,-0.803,-0.059,23.68,0.02,0.7780,0.7456,0.0599,20.00,0.500,1.028,1.012,0.075,23.57,0.03,1.2616,1.2210,0.0015,20.00,0.500,-1.362,-1.380,-0.105,23.39,0.04,0.1041,0.0784,0.0150,20.00,0.500,0.734,0.653,0.055,23.60,0.02,0.7823,0.7626,0.0015,20.00,0.500,-0.684,-0.723,-0.015,23.54,0.00,1.3850,1.3291,-0.0030,20.00,0.500,1.826,1.816,0.158,23.37,0.08
3.0400,0.1175,0.0961,-0.0015,20.00,0.500,-0.662,-0.437,-0.044,23.67,0.02,0.7141,0.6881,0.0045,20.00,0.500,0.817,0.661,0.004,23.59,0.03,1.3708,1.2902,-0.0000,20.00,0.500,-2.673,-2.562,-0.216,23.45,0.11,0.0716,0.0516,0.0464,20.00,0.500,-0.686,-0.776,-0.057,23.76,0.01,1.0833,1.0498,0.0015,20.00,0.500,-1.144,-1.230,-0.088,23.66,0.03,1.0874,1.0222,-0.0030,20.00,0.500,2.082,2.143,0.151,23.52,0.09,0.0999,0.0774,-0.0225,20.00,0.500,-0.776,-0.803,-0.059,23.68,0.02,0.7780,0.7460,0.0330,20.00,0.500,1.028,1.012,0.075,23.57,0.03,1.2616,1.2210,0.0060,20.00,0.500,-1.362,-1.380,-0.105,23.39,0.04,0.1041,0.0784,-0.0150,20.00,0.500,0.734,0.653,0.055,23.60,0.02,0.7823,0.7626,0.0075,20.00,0.500,-0.684,-0.723,-0.015,23.54,0.00,1.3850,1.3291,-0.0030,20.00,0.500,1.826,1.816,0.158,23.37,0.08
3.0500,0.1175,0.0963,-0.0090,20.00,0.500,-0.662,-0.437,-0.044,23.67,0.02,0.7141,0.6881,0.0060,20.00,0.500,0.817,0.661,0.004,23.59,0.03,1.3708,1.2901,-0.0000,20.00,0.500,-2.673,-2.562,-0.216,23.45,0.11,0.0716,0.0519,0.0270,20.00,0.500,-0.686,-0.776,-0.057,23.76,0.01,1.0833,1.0498,0.0075,20.00,0.500,-1.144,-1.230,-0.088,23.66,0.03,1.0874,1.0222,-0.0225,20.00,0.500,2.082,2.143,0.151,23.52,0.09,0.0999,0.0773,-0.0000,20.00,0.500,-0.776,-0.803,-0.059,23.68,0.02,0.7780,0.7462,0.0165,20.00,0.500,1.028,1.012,0.075,23.57,0.03,1.2616,1.2210,-0.0015,20.00,0.500,-1.362,-1.380,-0.105,23.39,0.04,0.1041,0.0784,0.0030,20.00,0.500,0.734,0.653,0.055,23.60,0.02,0.7823,0.7627,0.0090,20.00,0.500,-0.684,-0.723,-0.015,23.54,0.00,1.3850,1.3292,0.0105,20.00,0.500,1.826,1.816,0.158,23.37,0.08
3.0600,0.1175,0.0963,-0.0015,20.00,0.500,-0.668,-0.644,-0.093,23.67,0.02,0.7141,0.6880,-0.0045,20.00,0.500,0.818,0.839,0.083,23.58,0.01,1.3708,1.2902,0.0015,20.00,0.500,-2.668,-2.683,-0.202,23.46,0.11,0.0716,0.0520,0.0090,20.00,0.500,-0.687,-1.176,-0.064,23.76,0.01,1.0833,1.0499,0.0030,20.00,0.500,-1.134,-1.195,-0.089,23.67,0.03,1.0874,1.0223,0.0045,20.00,0.500,2.086,2.271,0.156,23.51,0.09,0.0999,0.0773,-0.0015,20.00,0.500,-0.779,-0.818,-0.052,23.67,0.02,0.7780,0.7461,-0.0105,20.00,0.500,1.004,0.974,0.080,23.57,0.02,1.2616,1.2210,-0.0000,20.00,0.500,-1.358,-1.412,-0.103,23.40,0.04,0.1041,0.0784,0.0015,20.00,0.500,0.808,0.654,0.055,23.60,0.02,0.7823,0.7626,-0.0105,20.00,0.500,-0.673,-0.660,-0.070,23.55,0.01,1.3850,1.3292,0.0240,20.00,0.500,1.773,1.792,0.167,23.38,0.06
3.0700,0.1175,0.0963,-0.0015,20.00,0.500,-0.668,-0.644,-0.093,23.67,0.02,0.7141,0.6882,0.0015,20.00,0.500,0.818,0.839,0.083,23.58,0.01,1.3708,1.2902,0.0015,20.00,0.500,-2.668,-2.683,-0.202,23.46,0.11,0.0716,0.0521,0.0210,20.00,0.500,-0.687,-1.176,-0.064,23.76,0.01,1.0833,1.0499,0.0030,20.00,0.500,-1.134,-1.195,-0.089,23.67,0.03,1.0874,1.0223,0.0045,20.00,0.500,2.086,2.271,0.156,23.51,0.09,0.0999,0.0774,0.0075,20.00,0.500,-0.779,-0.818,-0.052,23.67,0.02,0.7780,0.7462,0.0030,20.00,0.500,1.004,0.974,0.080,23.57,0.02,1.2616,1.2210,-0.0015,20.00,0.500,-1.358,-1.412,-0.103,23.40,0.04,0.1041,0.0784,0.0015,20.00,0.500,0.808,0.654,0.055,23.60,0.02,0.7823,0.7628,0.0180,20.00,0.500,-0.673,-0.660,-0.070,23.55,0.01,1.3850,1.3292,0.0240,20.00,0.500,1.773,1.792,0.167,23.38,0.06
3.0800,0.1175,0.0962,0.0045,20.00,0.500,-0.668,-0.644,-0.093,23.67,0.02,0.7141,0.6882,0.0060,20.00,0.500,0.818,0.839,0.083,23.58,0.01,1.3708,1.2902,0.0090,20.00,0.500,-2.668,-2.683,-0.202,23.46,0.11,0.0716,0.0522,0.0150,20.00,0.500,-0.687,-1.176,-0.064,23.76,0.01,1.0833,1.0499,-0.0030,20.00,0.500,-1.134,-1.195,-0.089,23.67,0.03,1.0874,1.0224,0.0300,20.00,0.500,2.086,2.271,0.156,23.51,0.09,0.0999,0.0775,0.0015,20.00,0.500,-0.779,-0.818,-0.052,23.67,0.02,0.7780,0.7462,0.0045,20.00,0.500,1.004,0.974,0.080,23.57,0.02,1.2616,1.2210,-0.0000,20.00,0.500,-1.358,-1.412,-0.103,23.40,0.04,0.1041,0.0783,-0.0075,20.00,0.500,0.808,0.654,0.055,23.60,0.02,0.7823,0.7629,0.0120,20.00,0.500,-0.673,-0.660,-0.070,23.55,0.01,1.3850,1.3291,-0.0075,20.00,0.500,1.773,1.792,0.167,23.38,0.06
3.0900,0.1175,0.0962,-0.0105,20.00,0.500,-0.668,-0.644,-0.093,23.67,0.02,0.7141,0.6880,-0.0165,20.00,0.500,0.818,0.839,0.083,23.58,0.01,1.3708,1.2902,-0.0060,20.00,0.500,-2.668,-2.683,-0.202,23.46,0.11,0.0716,0.0524,0.0135,20.00,0.500,-0.687,-1.176,-0.064,23.76,0.01,1.0833,1.0499,0.0015,20.00,0.500,-1.134,-1.195,-0.089,23.67,0.03,1.0874,1.0222,0.0090,20.00,0.500,2.086,2.271,0.156,23.51,0.09,0.0999,0.0776,0.0150,20.00,0.500,-0.779,-0.818,-0.052,23.67,0.02,0.7780,0.7460,-0.0285,20.00,0.500,1.004,0.974,0.080,23.57,0.02,1.2616,1.2210,0.0015,20.00,0.500,-1.358,-1.412,-0.103,23.40,0.04,0.1041,0.0783,-0.0030,20.00,0.500,0.808,0.654,0.055,23.60,0.02,0.7823,0.7629,-0.0195,20.00,0.500,-0.673,-0.660,-0.070,23.55,0.01,1.3850,1.3291,0.0090,20.00,0.500,1.773,1.792,0.167,23.38,0.06
3.1000,0.1175,0.0961,-0.0285,20.00,0.500,-0.668,-0.644,-0.093,23.67,0.02,0.7141,0.6880,0.0000,20.00,0.500,0.818,0.839,0.083,23.58,0.01,1.3708,1.2902,0.0150,20.00,0.500,-2.668,-2.683,-0.202,23.46,0.11,0.0716,0.0524,0.0060,20.00,0.500,-0.687,-1.176,-0.064,23.76,0.01,1.0833,1.0499,-0.0015,20.00,0.500,-1.134,-1.195,-0.089,23.67,0.03,1.0874,1.0223,-0.0015,20.00,0.500,2.086,2.271,0.156,23.51,0.09,0.0999,0.0777,0.0120,20.00,0.500,-0.779,-0.818,-0.052,23.67,0.02,0.7780,0.7459,0.0000,20.00,0.500,1.004,0.974,0.080,23.57,0.02,1.2616,1.2210,0.0030,20.00,0.500,-1.358,-1.412,-0.103,23.40,0.04,0.1041,0.0782,-0.0135,20.00,0.500,0.808,0.654,0.055,23.60,0.02,0.7823,0.7630,0.0135,20.00,0.500,-0.673,-0.660,-0.070,23.55,0.01,1.3850,1.3291,-0.0120,20.00,0.500,1.773,1.792,0.167,23.38,0.06
3.1100,0.1175,0.0963,0.0150,20.00,0.500,-0.645,-0.167,-0.039,23.67,0.01,0.7141,0.6878,-0.0225,20.00,0.500,0.843,1.223,0.017,23.58,0.02,1.3708,1.2903,0.0060,20.00,0.500,-2.672,-2.230,-0.222,23.47,0.12,0.0716,0.0526,0.0150,20.00,0.500,-0.658,-0.895,-0.053,23.75,0.01,1.0833,1.0499,-0.0135,20.00,0.500,-1.129,-1.158,-0.072,23.66,0.03,1.0874,1.0223,0.0090,20.00,0.500,2.068,2.005,0.176,23.52,0.09,0.0999,0.0778,0.0090,20.00,0.500,-0.761,-0.769,-0.063,23.67,0.01,0.7780,0.7457,-0.0285,20.00,0.500,1.046,1.113,0.081,23.56,0.03,1.2616,1.2210,0.0060,20.00,0.500,-1.361,-1.360,-0.100,23.39,0.04,0.1041,0.0782,-0.0060,20.00,0.500,0.812,0.678,0.062,23.60,0.02,0.7823,0.7629,-0.0120,20.00,0.500,-0.671,-0.308,-0.070,23.54,0.01,1.3850,1.3293,0.0150,20.00,0.500,1.778,2.002,0.117,23.37,0.06
3.1200,0.1175,0.0963,0.0150,20.00,0.500,-0.645,-0.167,-0.039,23.67,0.01,0.7141,0.6880,0.0015,20.00,0.500,0.843,1.223,0.017,23.58,0.02,1.3708,1.2903,0.0060,20.00,0.500,-2.672,-2.230,-0.222,23.47,0.12,0.0716,0.0526,0.0150,20.00,0.500,-0.658,-0.895,-0.053,23.75,0.01,1.0833,1.0499,-0.0135,20.00,0.500,-1.129,-1.158,-0.072,23.66,0.03,1.0874,1.0223,0.0090,20.00,0.500,2.068,2.005,0.176,23.52,0.09,0.0999,0.0780,0.0360,20.00,0.500,-0.761,-0.769,-0.063,23.67,0.01,0.7780,0.7455,-0.0180,20.00,0.500,1.046,1.113,0.081,23.56,0.03,1.2616,1.2210,0.0015,20.00,0.500,-1.361,-1.360,-0.100,23.39,0.04,0.1041,0.0781,-0.0210,20.00,0.500,0.812,0.678,0.062,23.60,0.02,0.7823,0.7630,-0.0045,20.00,0.500,-0.671,-0.308,-0.070,23.54,0.01,1.3850,1.3293,0.0150,20.00,0.500,1.778,2.002,0.117,23.37,0.06
3.1300,0.1175,0.0963,0.0120,20.00,0.500,-0.645,-0.167,-0.039,23.67,0.01,0.7141,0.6878,0.0270,20.00,0.500,0.843,1.223,0.017,23.58,0.02,1.3708,1.2902,-0.0075,20.00,0.500,-2.672,-2.230,-0.222,23.47,0.12,0.0716,0.0524,-0.0105,20.00,0.500,-0.658,-0.895,-0.053,23.75,0.01,1.0833,1.0499,-0.0060,20.00,0.500,-1.129,-1.158,-0.072,23.66,0.03,1.0874,1.0223,-0.0045,20.00,0.500,2.068,2.005,0.176,23.52,0.09,0.0999,0.0780,0.0195,20.00,0.500,-0.761,-0.769,-0.063,23.67,0.01,0.7780,0.7453,-0.0210,20.00,0.500,1.046,1.113,0.081,23.56,0.03,1.2616,1.2211,0.0060,20.00,0.500,-1.361,-1.360,-0.100,23.39,0.04,0.1041,0.0781,-0.0105,20.00,0.500,0.812,0.678,0.062,23.60,0.02,0.7823,0.7628,-0.0105,20.00,0.500,-0.671,-0.308,-0.070,23.54,0.01,1.3850,1.3290,-0.0509,20.00,0.500,1.778,2.002,0.117,23.37,0.06
3.1400,0.1175,0.0963,-0.0105,20.00,0.500,-0.645,-0.167,-0.039,23.67,0.01,0.7141,0.6875,-0.0105,20.00,0.500,0.843,1.223,0.017,23.58,0.02,1.3708,1.2902,-0.0030,20.00,0.500,-2.672,-2.230,-0.222,23.47,0.12,0.0716,0.0523,-0.0090,20.00,0.500,-0.658,-0.895,-0.053,23.75,0.01,1.0833,1.0499,0.0075,20.00,0.500,-1.129,-1.158,-0.072,23.66,0.03,1.0874,1.0223,-0.0225,20.00,0.500,2.068,2.005,0.176,23.52,0.09,0.0999,0.0783,0.0150,20.00,0.500,-0.761,-0.769,-0.063,23.67,0.01,0.7780,0.7453,0.0075,20.00,0.500,1.046,1.113,0.081,23.56,0.03,1.2616,1.2210,-0.0030,20.00,0.500,-1.361,-1.360,-0.100,23.39,0.04,0.1041,0.0781,0.0030,20.00,0.500,0.812,0.678,0.062,23.60,0.02,0.7823,0.7627,-0.0255,20.00,0.500,-0.671,-0.308,-0.070,23.54,0.01,1.3850,1.3293,0.0165,20.00,0.500,1.778,2.002,0.117,23.37,0.06
3.1500,0.1175,0.0964,0.0090,20.00,0.500,-0.645,-0.167,-0.039,23.67,0.01,0.7141,0.6872,-0.0584,20.00,0.500,0.843,1.223,0.017,23.58,0.02,1.3708,1.2902,0.0060,20.00,0.500,-2.672,-2.230,-0.222,23.47,0.12,0.0716,0.0521,-0.0240,20.00,0.500,-0.658,-0.895,-0.053,23.75,0.01,1.0833,1.0498,-0.0120,20.00,0.500,-1.129,-1.158,-0.072,23.66,0.03,1.0874,1.0224,0.0135,20.00,0.500,2.068,2.005,0.176,23.52,0.09,0.0999,0.0783,0.0165,20.00,0.500,-0.761,-0.769,-0.063,23.67,0.01,0.7780,0.7452,-0.0075,20.00,0.500,1.046,1.113,0.081,23.56,0.03,1.2616,1.2210,0.0030,20.00,0.500,-1.361,-1.360,-0.100,23.39,0.04,0.1041,0.0778,-0.0345,20.00,0.500,0.812,0.678,0.062,23.60,0.02,0.7823,0.7627,-0.0030,20.00,0.500,-0.671,-0.308,-0.070,23.54,0.01,1.3850,1.3293,0.0285,20.00,0.500,1.778,2.002,0.117,23.37,0.06
3.1600,0.1175,0.0962,-0.0135,20.00,0.500,-0.640,-0.929,-0.039,23.66,0.00,0.7141,0.6871,-0.0015,20.00,0.500,0.855,0.600,-0.006,23.58,0.03,1.3708,1.2902,-0.0090,20.00,0.500,-2.676,-3.295,-0.229,23.46,0.12,0.0716,0.0521,-0.0045,20.00,0.500,-0.686,-0.884,-0.016,23.76,0.01,1.0833,1.0497,-0.0195,20.00,0.500,-1.144,-1.171,-0.092,23.66,0.03,1.0874,1.0223,-0.0135,20.00,0.500,2.072,2.043,0.158,23.52,0.09,0.0999,0.0784,-0.0000,20.00,0.500,-0.736,-0.726,-0.061,23.67,0.02,0.7780,0.7453,0.0120,20.00,0.500,1.021,0.975,0.081,23.57,0.03,1.2616,1.2210,-0.0045,20.00,0.500,-1.361,-1.380,-0.107,23.38,0.04,0.1041,0.0778,-0.0045,20.00,0.500,0.825,1.141,0.047,23.59,0.02,0.7823,0.7626,-0.0150,20.00,0.500,-0.696,-0.749,-0.067,23.55,0.00,1.3850,1.3292,-0.0090,20.00,0.500,1.803,2.135,0.142,23.36,0.08
3.1700,0.1175,0.0962,-0.0135,20.00,0.500,-0.640,-0.929,-0.039,23.66,0.00,0.7141,0.6870,-0.0030,20.00,0.500,0.855,0.600,-0.006,23.58,0.03,1.3708,1.2901,-0.0180,20.00,0.500,-2.676,-3.295,-0.229,23.46,0.12,0.0716,0.0520,-0.0075,20.00,0.500,-0.686,-0.884,-0.016,23.76,0.01,1.0833,1.0498,0.0015,20.00,0.500,-1.144,-1.171,-0.092,23.66,0.03,1.0874,1.0223,-0.0180,20.00,0.500,2.072,2.043,0.158,23.52,0.09,0.0999,0.0785,0.0045,20.00,0.500,-0.736,-0.726,-0.061,23.67,0.02,0.7780,0.7452,0.0015,20.00,0.500,1.021,0.975,0.081,23.57,0.03,1.2616,1.2210,-0.0000,20.00,0.500,-1.361,-1.380,-0.107,23.38,0.04,0.1041,0.0778,-0.0030,20.00,0.500,0.825,1.141,0.047,23.59,0.02,0.7823,0.7625,-0.0090,20.00,0.500,-0.696,-0.749,-0.067,23.55,0.00,1.3850,1.3292,0.0030,20.00,0.500,1.803,2.135,0.142,23.36,0.08
3.1800,0.1175,0.0966,0.0075,20.00,0.500,-0.640,-0.929,-0.039,23.66,0.00,0.7141,0.6869,-0.0360,20.00,0.500,0.855,0.600,-0.006,23.58,0.03,1.3708,1.2901,-0.0434,20.00,0.500,-2.676,-3.295,-0.229,23.46,0.12,0.0716,0.0517,-0.0285,20.00,0.500,-0.686,-0.884,-0.016,23.76,0.01,1.0833,1.0497,-0.0045,20.00,0.500,-1.144,-1.171,-0.092,23.66,0.03,1.0874,1.0224,0.0075,20.00,0.500,2.072,2.043,0.158,23.52,0.09,0.0999,0.0786,0.0120,20.00,0.500,-0.736,-0.726,-0.061,23.67,0.02,0.7780,0.7453,0.0075,20.00,0.500,1.021,0.975,0.081,23.57,0.03,1.2616,1.2210,-0.0015,20.00,0.500,-1.361,-1.380,-0.107,23.38,0.04,0.1041,0.0777,0.0000,20.00,0.500,0.825,1.141,0.047,23.59,0.02,0.7823,0.7622,-0.0479,20.00,0.500,-0.696,-0.749,-0.067,23.55,0.00,1.3850,1.3292,0.0030,20.00,0.500,1.803,2.135,0.142,23.36,0.08
3.1900,0.1175,0.0968,0.0315,20.00,0.500,-0.640,-0.929,-0.039,23.66,0.00,0.7141,0.6866,-0.0135,20.00,0.500,0.855,0.600,-0.006,23.58,0.03,1.3708,1.2899,-0.0554,20.00,0.500,-2.676,-3.295,-0.229,23.46,0.12,0.0716,0.0518,-0.0000,20.00,0.500,-0.686,-0.884,-0.016,23.76,0.01,1.0833,1.0498,0.0045,20.00,0.500,-1.144,-1.171,-0.092,23.66,0.03,1.0874,1.0223,-0.0195,20.00,0.500,2.072,2.043,0.158,23.52,0.09,0.0999,0.0787,0.0135,20.00,0.500,-0.736,-0.726,-0.061,23.67,0.02,0.7780,0.7452,0.0000,20.00,0.500,1.021,0.975,0.081,23.57,0.03,1.2616,1.2211,-0.0015,20.00,0.500,-1.361,-1.380,-0.107,23.38,0.04,0.1041,0.0776,0.0000,20.00,0.500,0.825,1.141,0.047,23.59,0.02,0.7823,0.7622,0.0165,20.00,0.500,-0.696,-0.749,-0.067,23.55,0.00,1.3850,1.3293,0.0030,20.00,0.500,1.803,2.135,0.142,23.36,0.08
3.2000,0.1175,0.0969,0.0135,20.00,0.500,-0.640,-0.929,-0.039,23.66,0.00,0.7141,0.6869,-0.0165,20.00,0.500,0.855,0.600,-0.006,23.58,0.03,1.3708,1.2903,0.0195,20.00,0.500,-2.676,-3.295,-0.229,23.46,0.12,0.0716,0.0519,0.0060,20.00,0.500,-0.686,-0.884,-0.016,23.76,0.01,1.0833,1.0498,-0.0045,20.00,0.500,-1.144,-1.171,-0.092,23.66,0.03,1.0874,1.0225,0.0075,20.00,0.500,2.072,2.043,0.158,23.52,0.09,0.0999,0.0787,0.0105,20.00,0.500,-0.736,-0.726,-0.061,23.67,0.02,0.7780,0.7451,-0.0180,20.00,0.500,1.021,0.975,0.081,23.57,0.03,1.2616,1.2210,-0.0060,20.00,0.500,-1.361,-1.380,-0.107,23.38,0.04,0.1041,0.0776,0.0105,20.00,0.500,0.825,1.141,0.047,23.59,0.02,0.7823,0.7622,-0.0015,20.00,0.500,-0.696,-0.749,-0.067,23.55,0.00,1.3850,1.3295,0.0255,20.00,0.500,1.803,2.135,0.142,23.36,0.08
3.2100,0.1175,0.0977,0.0285,20.00,0.500,-0.567,-0.594,-0.095,23.67,0.01,0.7141,0.6868,-0.0030,20.00,0.500,0.845,0.475,0.069,23.58,0.02,1.3708,1.2901,0.0045,20.00,0.500,-2.661,-2.559,-0.222,23.46,0.13,0.0716,0.0519,0.0060,20.00,0.500,-0.684,-0.787,-0.012,23.74,0.01,1.0833,1.0499,0.0075,20.00,0.500,-1.131,-1.006,-0.085,23.67,0.03,1.0874,1.0231,0.0509,20.00,0.500,2.050,2.178,0.149,23.52,0.08,0.0999,0.0788,0.0090,20.00,0.500,-0.720,-0.656,-0.056,23.67,0.01,0.7780,0.7449,-0.0180,20.00,0.500,1.058,1.141,0.069,23.56,0.03,1.2616,1.2211,-0.0000,20.00,0.500,-1.362,-1.308,-0.105,23.38,0.04,0.1041,0.0777,0.0015,20.00,0.500,0.815,0.668,0.046,23.60,0.02,0.7823,0.7623,0.0090,20.00,0.500,-0.684,-0.558,-0.079,23.54,0.01,1.3850,1.3297,0.0225,20.00,0.500,1.750,1.613,0.122,23.37,0.07
3.2200,0.1175,0.0977,0.0285,20.00,0.500,-0.567,-0.594,-0.095,23.67,0.01,0.7141,0.6870,0.0195,20.00,0.500,0.845,0.475,0.069,23.58,0.02,1.3708,1.2901,0.0045,20.00,0.500,-2.661,-2.559,-0.222,23.46,0.13,0.0716,0.0519,0.0060,20.00,0.500,-0.684,-0.787,-0.012,23.74,0.01,1.0833,1.0499,0.0075,20.00,0.500,-1.131,-1.006,-0.085,23.67,0.03,1.0874,1.0231,0.0509,20.00,0.500,2.050,2.178,0.149,23.52,0.08,0.0999,0.0789,0.0075,20.00,0.500,-0.720,-0.656,-0.056,23.67,0.01,0.7780,0.7448,-0.0180,20.00,0.500,1.058,1.141,0.069,23.56,0.03,1.2616,1.2211,-0.0000,20.00,0.500,-1.362,-1.308,-0.105,23.38,0.04,0.1041,0.0777,0.0015,20.00,0.500,0.815,0.668,0.046,23.60,0.02,0.7823,0.7623,0.0045,20.00,0.500,-0.684,-0.558,-0.079,23.54,0.01,1.3850,1.3297,0.0225,20.00,0.500,1.750,1.613,0.122,23.37,0.07
3.2300,0.1175,0.0977,0.0165,20.00,0.500,-0.567,-0.594,-0.095,23.67,0.01,0.7141,0.6868,-0.0225,20.00,0.500,0.845,0.475,0.069,23.58,0.02,1.3708,1.2902,-0.0180,20.00,0.500,-2.661,-2.559,-0.222,23.46,0.13,0.0716,0.0520,0.0075,20.00,0.500,-0.684,-0.787,-0.012,23.74,0.01,1.0833,1.0499,-0.0015,20.00,0.500,-1.131,-1.006,-0.085,23.67,0.03,1.0874,1.0238,0.0734,20.00,0.500,2.050,2.178,0.149,23.52,0.08,0.0999,0.0788,0.0105,20.00,0.500,-0.720,-0.656,-0.056,23.67,0.01,0.7780,0.7446,-0.0180,20.00,0.500,1.058,1.141,0.069,23.56,0.03,1.2616,1.2212,0.0090,20.00,0.500,-1.362,-1.308,-0.105,23.38,0.04,0.1041,0.0778,0.0090,20.00,0.500,0.815,0.668,0.046,23.60,0.02,0.7823,0.7623,-0.0045,20.00,0.500,-0.684,-0.558,-0.079,23.54,0.01,1.3850,1.3303,0.0210,20.00,0.500,1.750,1.613,0.122,23.37,0.07
3.2400,0.1175,0.0979,0.0090,20.00,0.500,-0.567,-0.594,-0.095,23.67,0.01,0.7141,0.6870,0.0135,20.00,0.500,0.845,0.475,0.069,23.58,0.02,1.3708,1.2903,0.0045,20.00,0.500,-2.661,-2.559,-0.222,23.46,0.13,0.0716,0.0521,0.0090,20.00,0.500,-0.684,-0.787,-0.012,23.74,0.01,1.0833,1.0500,0.0030,20.00,0.500,-1.131,-1.006,-0.085,23.67,0.03,1.0874,1.0254,0.1888,20.00,0.500,2.050,2.178,0.149,23.52,0.08,0.0999,0.0787,-0.0105,20.00,0.500,-0.720,-0.656,-0.056,23.67,0.01,0.7780,0.7446,0.0000,20.00,0.500,1.058,1.141,0.069,23.56,0.03,1.2616,1.2215,0.0434,20.00,0.500,-1.362,-1.308,-0.105,23.38,0.04,0.1041,0.0779,0.0225,20.00,0.500,0.815,0.668,0.046,23.60,0.02,0.7823,0.7622,-0.0000,20.00,0.500,-0.684,-0.558,-0.079,23.54,0.01,1.3850,1.3308,0.0375,20.00,0.500,1.750,1.613,0.122,23.37,0.07
3.2500,0.1175,0.0980,0.0270,20.00,0.500,-0.567,-0.594,-0.095,23.67,0.01,0.7141,0.6871,-0.0015,20.00,0.500,0.845,0.475,0.069,23.58,0.02,1.3708,1.2903,0.0300,20.00,0.500,-2.661,-2.559,-0.222,23.46,0.13,0.0716,0.0522,0.0120,20.00,0.500,-0.684,-0.787,-0.012,23.74,0.01,1.0833,1.0500,0.0015,20.00,0.500,-1.131,-1.006,-0.085,23.67,0.03,1.0874,1.0265,0.0704,20.00,0.500,2.050,2.178,0.149,23.52,0.08,0.0999,0.0786,-0.0135,20.00,0.500,-0.720,-0.656,-0.056,23.67,0.01,0.7780,0.7446,0.0000,20.00,0.500,1.058,1.141,0.069,23.56,0.03,1.2616,1.2221,0.0839,20.00,0.500,-1.362,-1.308,-0.105,23.38,0.04,0.1041,0.0780,0.0075,20.00,0.500,0.815,0.668,0.046,23.60,0.02,0.7823,0.7621,-0.0135,20.00,0.500,-0.684,-0.558,-0.079,23.54,0.01,1.3850,1.3313,0.0479,20.00,0.500,1.750,1.613,0.122,23.37,0.07
3.2600,0.1175,0.0979,-0.0120,20.00,0.500,-0.587,-1.041,-0.064,23.67,0.01,0.7141,0.6872,0.0045,20.00,0.500,0.809,1.248,0.111,23.59,0.01,1.3708,1.2905,0.0195,20.00,0.500,-2.658,-2.780,-0.211,23.45,0.11,0.0716,0.0523,0.0090,20.00,0.500,-0.669,-0.654,-0.050,23.75,0.01,1.0833,1.0500,0.0075,20.00,0.500,-1.134,-1.180,-0.086,23.66,0.03,1.0874,1.0270,0.0300,20.00,0.500,1.894,1.774,0.138,23.52,0.08,0.0999,0.0787,0.0045,20.00,0.500,-0.728,-0.728,-0.053,23.68,0.01,0.7780,0.7446,-0.0045,20.00,0.500,1.060,1.022,0.075,23.56,0.03,1.2616,1.2225,0.0434,20.00,0.500,-1.285,-1.212,-0.099,23.39,0.04,0.1041,0.0780,0.0015,20.00,0.500,0.812,1.063,0.043,23.60,0.01,0.7823,0.7622,0.0135,20.00,0.500,-0.703,-0.952,-0.040,23.55,0.01,1.3850,1.3318,0.0599,20.00,0.500,1.646,1.626,0.122,23.37,0.06
3.2700,0.1175,0.0979,-0.0120,20.00,0.500,-0.587,-1.041,-0.064,23.67,0.01,0.7141,0.6873,0.0060,20.00,0.500,0.809,1.248,0.111,23.59,0.01,1.3708,1.2905,0.0195,20.00,0.500,-2.658,-2.780,-0.211,23.45,0.11,0.0716,0.0523,0.0090,20.00,0.500,-0.669,-0.654,-0.050,23.75,0.01,1.0833,1.0500,0.0075,20.00,0.500,-1.134,-1.180,-0.086,23.66,0.03,1.0874,1.0270,0.0300,20.00,0.500,1.894,1.774,0.138,23.52,0.08,0.0999,0.0786,-0.0000,20.00,0.500,-0.728,-0.728,-0.053,23.68,0.01,0.7780,0.7446,0.0060,20.00,0.500,1.060,1.022,0.075,23.56,0.03,1.2616,1.2231,0.0719,20.00,0.500,-1.285,-1.212,-0.099,23.39,0.04,0.1041,0.0780,0.0015,20.00,0.500,0.812,1.063,0.043,23.60,0.01,0.7823,0.7621,0.0030,20.00,0.500,-0.703,-0.952,-0.040,23.55,0.01,1.3850,1.3318,0.0599,20.00,0.500,1.646,1.626,0.122,23.37,0.06
3.2800,0.1175,0.0981,0.0135,20.00,0.500,-0.587,-1.041,-0.064,23.67,0.01,0.7141,0.6872,0.0030,20.00,0.500,0.809,1.248,0.111,23.59,0.01,1.3708,1.2908,0.0779,20.00,0.500,-2.658,-2.780,-0.211,23.45,0.11,0.0716,0.0523,-0.0000,20.00,0.500,-0.669,-0.654,-0.050,23.75,0.01,1.0833,1.0499,-0.0030,20.00,0.500,-1.134,-1.180,-0.086,23.66,0.03,1.0874,1.0271,0.0150,20.00,0.500,1.894,1.774,0.138,23.52,0.08,0.0999,0.0786,0.0120,20.00,0.500,-0.728,-0.728,-0.053,23.68,0.01,0.7780,0.7446,0.0030,20.00,0.500,1.060,1.022,0.075,23.56,0.03,1.2616,1.2236,0.0524,20.00,0.500,-1.285,-1.212,-0.099,23.39,0.04,0.1041,0.0783,0.0195,20.00,0.500,0.812,1.063,0.043,23.60,0.01,0.7823,0.7620,-0.0075,20.00,0.500,-0.703,-0.952,-0.040,23.55,0.01,1.3850,1.3326,0.0240,20.00,0.500,1.646,1.626,0.122,23.37,0.06
3.2900,0.1175,0.0978,-0.0090,20.00,0.500,-0.587,-1.041,-0.064,23.67,0.01,0.7141,0.6875,-0.0075,20.00,0.500,0.809,1.248,0.111,23.59,0.01,1.3708,1.2912,0.0210,20.00,0.500,-2.658,-2.780,-0.211,23.45,0.11,0.0716,0.0524,0.0045,20.00,0.500,-0.669,-0.654,-0.050,23.75,0.01,1.0833,1.0498,-0.0060,20.00,0.500,-1.134,-1.180,-0.086,23.66,0.03,1.0874,1.0272,0.0045,20.00,0.500,1.894,1.774,0.138,23.52,0.08,0.0999,0.0787,0.0045,20.00,0.500,-0.728,-0.728,-0.053,23.68,0.01,0.7780,0.7446,-0.0090,20.00,0.500,1.060,1.022,0.075,23.56,0.03,1.2616,1.2240,0.0315,20.00,0.500,-1.285,-1.212,-0.099,23.39,0.04,0.1041,0.0784,0.0030,20.00,0.500,0.812,1.063,0.043,23.60,0.01,0.7823,0.7621,0.0165,20.00,0.500,-0.703,-0.952,-0.040,23.55,0.01,1.3850,1.3326,0.0090,20.00,0.500,1.646,1.626,0.122,23.37,0.06
3.3000,0.1175,0.0980,0.0090,20.00,0.500,-0.587,-1.041,-0.064,23.67,0.01,0.7141,0.6874,-0.0195,20.00,0.500,0.809,1.248,0.111,23.59,0.01,1.3708,1.2917,0.0404,20.00,0.500,-2.658,-2.780,-0.211,23.45,0.11,0.0716,0.0525,0.0165,20.00,0.500,-0.669,-0.654,-0.050,23.75,0.01,1.0833,1.0498,-0.0045,20.00,0.500,-1.134,-1.180,-0.086,23.66,0.03,1.0874,1.0273,0.0015,20.00,0.500,1.894,1.774,0.138,23.52,0.08,0.0999,0.0787,0.0015,20.00,0.500,-0.728,-0.728,-0.053,23.68,0.01,0.7780,0.7446,-0.0090,20.00,0.500,1.060,1.022,0.075,23.56,0.03,1.2616,1.2259,0.2816,20.00,0.500,-1.285,-1.212,-0.099,23.39,0.04,0.1041,0.0784,0.0090,20.00,0.500,0.812,1.063,0.043,23.60,0.01,0.7823,0.7620,-0.0240,20.00,0.500,-0.703,-0.952,-0.040,23.55,0.01,1.3850,1.3328,0.0135,20.00,0.500,1.646,1.626,0.122,23.37,0.06
3.3100,0.1175,0.0979,-0.0015,20.00,0.500,-0.610,-0.767,-0.048,23.68,0.01,0.7141,0.6876,0.0165,20.00,0.500,0.806,0.567,0.091,23.59,0.02,1.3708,1.2926,0.0315,20.00,0.500,-2.562,-2.934,-0.226,23.45,0.11,0.0716,0.0525,-0.0015,20.00,0.500,-0.648,-0.795,-0.061,23.75,0.02,1.0833,1.0498,0.0060,20.00,0.500,-1.131,-1.090,-0.071,23.66,0.03,1.0874,1.0276,0.0360,20.00,0.500,1.906,1.639,0.135,23.53,0.07,0.0999,0.0788,0.0015,20.00,0.500,-0.728,-0.733,-0.052,23.68,0.01,0.7780,0.7446,0.0015,20.00,0.500,1.055,1.046,0.072,23.57,0.03,1.2616,1.2271,0.0569,20.00,0.500,-1.109,-1.068,-0.084,23.39,0.03,0.1041,0.0783,0.0105,20.00,0.500,0.796,0.680,0.045,23.60,0.02,0.7823,0.7620,-0.0135,20.00,0.500,-0.713,-0.222,-0.050,23.54,0.01,1.3850,1.3332,0.0449,20.00,0.500,1.617,1.714,0.118,23.38,0.06
3.3200,0.1175,0.0979,-0.0015,20.00,0.500,-0.610,-0.767,-0.048,23.68,0.01,0.7141,0.6876,0.0479,20.00,0.500,0.806,0.567,0.091,23.59,0.02,1.3708,1.2926,0.0315,20.00,0.500,-2.562,-2.934,-0.226,23.45,0.11,0.0716,0.0525,-0.0015,20.00,0.500,-0.648,-0.795,-0.061,23.75,0.02,1.0833,1.0498,0.0060,20.00,0.500,-1.131,-1.090,-0.071,23.66,0.03,1.0874,1.0276,0.0360,20.00,0.500,1.906,1.639,0.135,23.53,0.07,0.0999,0.0788,0.0060,20.00,0.500,-0.728,-0.733,-0.052,23.68,0.01,0.7780,0.7446,-0.0090,20.00,0.500,1.055,1.046,0.072,23.57,0.03,1.2616,1.2273,0.0315,20.00,0.500,-1.109,-1.068,-0.084,23.39,0.03,0.1041,0.0783,0.0105,20.00,0.500,0.796,0.680,0.045,23.60,0.02,0.7823,0.7622,0.0165,20.00,0.500,-0.713,-0.222,-0.050,23.54,0.01,1.3850,1.3332,0.0449,20.00,0.500,1.617,1.714,0.118,23.38,0.06
3.3300,0.1175,0.0978,-0.0180,20.00,0.500,-0.610,-0.767,-0.048,23.68,0.01,0.7141,0.6876,0.0030,20.00,0.500,0.806,0.567,0.091,23.59,0.02,1.3708,1.2932,0.0689,20.00,0.500,-2.562,-2.934,-0.226,23.45,0.11,0.0716,0.0531,0.0749,20.00,0.500,-0.648,-0.795,-0.061,23.75,0.02,1.0833,1.0498,-0.0000,20.00,0.500,-1.131,-1.090,-0.071,23.66,0.03,1.0874,1.0279,0.0494,20.00,0.500,1.906,1.639,0.135,23.53,0.07,0.0999,0.0790,0.0210,20.00,0.500,-0.728,-0.733,-0.052,23.68,0.01,0.7780,0.7444,-0.0330,20.00,0.500,1.055,1.046,0.072,23.57,0.03,1.2616,1.2278,0.0494,20.00,0.500,-1.109,-1.068,-0.084,23.39,0.03,0.1041,0.0783,-0.0075,20.00,0.500,0.796,0.680,0.045,23.60,0.02,0.7823,0.7623,0.0255,20.00,0.500,-0.713,-0.222,-0.050,23.54,0.01,1.3850,1.3335,-0.0045,20.00,0.500,1.617,1.714,0.118,23.38,0.06
3.3400,0.1175,0.0980,-0.0045,20.00,0.500,-0.610,-0.767,-0.048,23.68,0.01,0.7141,0.6875,-0.0060,20.00,0.500,0.806,0.567,0.091,23.59,0.02,1.3708,1.2937,0.0150,20.00,0.500,-2.562,-2.934,-0.226,23.45,0.11,0.0716,0.0535,0.0315,20.00,0.500,-0.648,-0.795,-0.061,23.75,0.02,1.0833,1.0498,-0.0000,20.00,0.500,-1.131,-1.090,-0.071,23.66,0.03,1.0874,1.0281,0.0045,20.00,0.500,1.906,1.639,0.135,23.53,0.07,0.0999,0.0793,0.0389,20.00,0.500,-0.728,-0.733,-0.052,23.68,0.01,0.7780,0.7442,-0.0255,20.00,0.500,1.055,1.046,0.072,23.57,0.03,1.2616,1.2278,-0.0030,20.00,0.500,-1.109,-1.068,-0.084,23.39,0.03,0.1041,0.0783,0.0075,20.00,0.500,0.796,0.680,0.045,23.60,0.02,0.7823,0.7625,0.0150,20.00,0.500,-0.713,-0.222,-0.050,23.54,0.01,1.3850,1.3337,0.0135,20.00,0.500,1.617,1.714,0.118,23.38,0.06
3.3500,0.1175,0.0978,-0.0240,20.00,0.500,-0.610,-0.767,-0.048,23.68,0.01,0.7141,0.6875,0.0195,20.00,0.500,0.806,0.567,0.091,23.59,0.02,1.3708,1.2938,0.0075,20.00,0.500,-2.562,-2.934,-0.226,23.45,0.11,0.0716,0.0535,-0.0060,20.00,0.500,-0.648,-0.795,-0.061,23.75,0.02,1.0833,1.0498,0.0015,20.00,0.500,-1.131,-1.090,-0.071,23.66,0.03,1.0874,1.0287,0.0839,20.00,0.500,1.906,1.639,0.135,23.53,0.07,0.0999,0.0796,0.0360,20.00,0.500,-0.728,-0.733,-0.052,23.68,0.01,0.7780,0.7439,-0.0300,20.00,0.500,1.055,1.046,0.072,23.57,0.03,1.2616,1.2281,0.0419,20.00,0.500,-1.109,-1.068,-0.084,23.39,0.03,0.1041,0.0783,-0.0030,20.00,0.500,0.796,0.680,0.045,23.60,0.02,0.7823,0.7626,0.0165,20.00,0.500,-0.713,-0.222,-0.050,23.54,0.01,1.3850,1.3339,0.0105,20.00,0.500,1.617,1.714,0.118,23.38,0.06
3.3600,0.1175,0.0979,0.0015,20.00,0.500,-0.614,-0.954,-0.078,23.67,0.01,0.7141,0.6874,-0.0060,20.00,0.500,0.857,1.136,-0.008,23.59,0.00,1.3708,1.2939,0.0150,20.00,0.500,-2.534,-2.561,-0.192,23.45,0.11,0.0716,0.0536,0.0150,20.00,0.500,-0.610,-0.975,-0.045,23.76,0.01,1.0833,1.0499,0.0045,20.00,0.500,-1.125,-1.028,-0.087,23.67,0.03,1.0874,1.0297,0.0929,20.00,0.500,1.748,1.653,0.127,23.53,0.06,0.0999,0.0801,0.0404,20.00,0.500,-0.650,-0.636,-0.050,23.67,0.01,0.7780,0.7436,-0.0270,20.00,0.500,1.116,1.109,0.084,23.57,0.03,1.2616,1.2283,0.0300,20.00,0.500,-1.101,-0.985,-0.079,23.40,0.03,0.1041,0.0782,0.0000,20.00,0.500,0.799,1.046,0.051,23.61,0.02,0.7823,0.7626,0.0075,20.00,0.500,-0.681,-0.650,-0.025,23.54,0.01,1.3850,1.3341,0.0404,20.00,0.500,1.591,1.584,0.135,23.38,0.05
3.3700,0.1175,0.0979,0.0015,20.00,0.500,-0.614,-0.954,-0.078,23.67,0.01,0.7141,0.6871,-0.0255,20.00,0.500,0.857,1.136,-0.008,23.59,0.00,1.3708,1.2939,0.0240,20.00,0.500,-2.534,-2.561,-0.192,23.45,0.11,0.0716,0.0537,0.0195,20.00,0.500,-0.610,-0.975,-0.045,23.76,0.01,1.0833,1.0499,-0.0000,20.00,0.500,-1.125,-1.028,-0.087,23.67,0.03,1.0874,1.0302,0.0120,20.00,0.500,1.748,1.653,0.127,23.53,0.06,0.0999,0.0806,0.0524,20.00,0.500,-0.650,-0.636,-0.050,23.67,0.01,0.7780,0.7433,-0.0030,20.00,0.500,1.116,1.109,0.084,23.57,0.03,1.2616,1.2284,0.0210,20.00,0.500,-1.101,-0.985,-0.079,23.40,0.03,0.1041,0.0782,0.0150,20.00,0.500,0.799,1.046,0.051,23.61,0.02,0.7823,0.7628,0.0135,20.00,0.500,-0.681,-0.650,-0.025,23.54,0.01,1.3850,1.3341,0.0404,20.00,0.500,1.591,1.584,0.135,23.38,0.05
3.3800,0.1175,0.0980,-0.0015,20.00,0.500,-0.614,-0.954,-0.078,23.67,0.01,0.7141,0.6872,-0.0360,20.00,0.500,0.857,1.136,-0.008,23.59,0.00,1.3708,1.2941,-0.0090,20.00,0.500,-2.534,-2.561,-0.192,23.45,0.11,0.0716,0.0537,0.0075,20.00,0.500,-0.610,-0.975,-0.045,23.76,0.01,1.0833,1.0501,0.0225,20.00,0.500,-1.125,-1.028,-0.087,23.67,0.03,1.0874,1.0307,0.0449,20.00,0.500,1.748,1.653,0.127,23.53,0.06,0.0999,0.0809,0.0375,20.00,0.500,-0.650,-0.636,-0.050,23.67,0.01,0.7780,0.7430,-0.0270,20.00,0.500,1.116,1.109,0.084,23.57,0.03,1.2616,1.2285,-0.0135,20.00,0.500,-1.101,-0.985,-0.079,23.40,0.03,0.1041,0.0782,0.0015,20.00,0.500,0.799,1.046,0.051,23.61,0.02,0.7823,0.7628,0.0165,20.00,0.500,-0.681,-0.650,-0.025,23.54,0.01,1.3850,1.3353,0.0524,20.00,0.500,1.591,1.584,0.135,23.38,0.05
3.3900,0.1175,0.0980,-0.0150,20.00,0.500,-0.614,-0.954,-0.078,23.67,0.01,0.7141,0.6874,0.0674,20.00,0.500,0.857,1.136,-0.008,23.59,0.00,1.3708,1.2943,0.0240,20.00,0.500,-2.534,-2.561,-0.192,23.45,0.11,0.0716,0.0539,0.0434,20.00,0.500,-0.610,-0.975,-0.045,23.76,0.01,1.0833,1.0501,0.0030,20.00,0.500,-1.125,-1.028,-0.087,23.67,0.03,1.0874,1.0307,-0.0030,20.00,0.500,1.748,1.653,0.127,23.53,0.06,0.0999,0.0812,0.0285,20.00,0.500,-0.650,-0.636,-0.050,23.67,0.01,0.7780,0.7430,0.0030,20.00,0.500,1.116,1.109,0.084,23.57,0.03,1.2616,1.2286,0.0180,20.00,0.500,-1.101,-0.985,-0.079,23.40,0.03,0.1041,0.0782,-0.0075,20.00,0.500,0.799,1.046,0.051,23.61,0.02,0.7823,0.7629,0.0195,20.00,0.500,-0.681,-0.650,-0.025,23.54,0.01,1.3850,1.3363,0.1168,20.00,0.500,1.591,1.584,0.135,23.38,0.05
3.4000,0.1175,0.0981,0.0150,20.00,0.500,-0.614,-0.954,-0.078,23.67,0.01,0.7141,0.6870,-0.0330,20.00,0.500,0.857,1.136,-0.008,23.59,0.00,1.3708,1.2943,0.0300,20.00,0.500,-2.534,-2.561,-0.192,23.45,0.11,0.0716,0.0541,0.0180,20.00,0.500,-0.610,-0.975,-0.045,23.76,0.01,1.0833,1.0501,0.0120,20.00,0.500,-1.125,-1.028,-0.087,23.67,0.03,1.0874,1.0311,0.0419,20.00,0.500,1.748,1.653,0.127,23.53,0.06,0.0999,0.0814,0.0270,20.00,0.500,-0.650,-0.636,-0.050,23.67,0.01,0.7780,0.7428,-0.0195,20.00,0.500,1.116,1.109,0.084,23.57,0.03,1.2616,1.2287,0.0150,20.00,0.500,-1.101,-0.985,-0.079,23.40,0.03,0.1041,0.0782,0.0075,20.00,0.500,0.799,1.046,0.051,23.61,0.02,0.7823,0.7628,0.0030,20.00,0.500,-0.681,-0.650,-0.025,23.54,0.01,1.3850,1.3374,0.0944,20.00,0.500,1.591,1.584,0.135,23.38,0.05
3.4100,0.1175,0.0982,0.0255,20.00,0.500,-0.603,-0.274,-0.034,23.67,0.01,0.7141,0.6871,-0.0255,20.00,0.500,0.814,0.394,0.150,23.59,0.02,1.3708,1.2945,0.0300,20.00,0.500,-2.524,-2.473,-0.187,23.45,0.10,0.0716,0.0542,-0.0015,20.00,0.500,-0.598,-0.650,-0.054,23.75,0.01,1.0833,1.0505,0.0075,20.00,0.500,-1.099,-1.291,-0.088,23.68,0.03,1.0874,1.0318,0.0584,20.00,0.500,1.748,2.076,0.130,23.53,0.07,0.0999,0.0815,0.0045,20.00,0.500,-0.640,-0.669,-0.051,23.67,0.01,0.7780,0.7429,0.0000,20.00,0.500,1.107,1.092,0.079,23.57,0.03,1.2616,1.2290,0.0554,20.00,0.500,-1.059,-0.920,-0.075,23.40,0.03,0.1041,0.0784,0.0180,20.00,0.500,0.790,0.659,0.053,23.61,0.02,0.7823,0.7629,0.0120,20.00,0.500,-0.673,-0.745,-0.020,23.55,0.01,1.3850,1.3383,0.0794,20.00,0.500,1.421,1.582,0.109,23.37,0.04
3.4200,0.1175,0.0982,0.0255,20.00,0.500,-0.603,-0.274,-0.034,23.67,0.01,0.7141,0.6873,0.0389,20.00,0.500,0.814,0.394,0.150,23.59,0.02,1.3708,1.2945,0.0300,20.00,0.500,-2.524,-2.473,-0.187,23.45,0.10,0.0716,0.0542,-0.0015,20.00,0.500,-0.598,-0.650,-0.054,23.75,0.01,1.0833,1.0505,0.0075,20.00,0.500,-1.099,-1.291,-0.088,23.68,0.03,1.0874,1.0318,0.0584,20.00,0.500,1.748,2.076,0.130,23.53,0.07,0.0999,0.0815,-0.0075,20.00,0.500,-0.640,-0.669,-0.051,23.67,0.01,0.7780,0.7429,-0.0015,20.00,0.500,1.107,1.092,0.079,23.57,0.03,1.2616,1.2288,-0.0255,20.00,0.500,-1.059,-0.920,-0.075,23.40,0.03,0.1041,0.0784,0.0180,20.00,0.500,0.790,0.659,0.053,23.61,0.02,0.7823,0.7630,0.0075,20.00,0.500,-0.673,-0.745,-0.020,23.55,0.01,1.3850,1.3383,0.0794,20.00,0.500,1.421,1.582,0.109,23.37,0.04
3.4300,0.1175,0.0981,-0.0045,20.00,0.500,-0.603,-0.274,-0.034,23.67,0.01,0.7141,0.6870,-0.0045,20.00,0.500,0.814,0.394,0.150,23.59,0.02,1.3708,1.2943,-0.0120,20.00,0.500,-2.524,-2.473,-0.187,23.45,0.10,0.0716,0.0546,0.0300,20.00,0.500,-0.598,-0.650,-0.054,23.75,0.01,1.0833,1.0506,0.0180,20.00,0.500,-1.099,-1.291,-0.088,23.68,0.03,1.0874,1.0330,0.1393,20.00,0.500,1.748,2.076,0.130,23.53,0.07,0.0999,0.0814,-0.0180,20.00,0.500,-0.640,-0.669,-0.051,23.67,0.01,0.7780,0.7429,-0.0015,20.00,0.500,1.107,1.092,0.079,23.57,0.03,1.2616,1.2295,0.0809,20.00,0.500,-1.059,-0.920,-0.075,23.40,0.03,0.1041,0.0786,0.0270,20.00,0.500,0.790,0.659,0.053,23.61,0.02,0.7823,0.7629,-0.0135,20.00,0.500,-0.673,-0.745,-0.020,23.55,0.01,1.3850,1.3388,0.0375,20.00,0.500,1.421,1.582,0.109,23.37,0.04
3.4400,0.1175,0.0982,-0.0045,20.00,0.500,-0.603,-0.274,-0.034,23.67,0.01,0.7141,0.6873,0.0060,20.00,0.500,0.814,0.394,0.150,23.59,0.02,1.3708,1.2944,-0.0135,20.00,0.500,-2.524,-2.473,-0.187,23.45,0.10,0.0716,0.0548,0.0090,20.00,0.500,-0.598,-0.650,-0.054,23.75,0.01,1.0833,1.0509,0.0210,20.00,0.500,-1.099,-1.291,-0.088,23.68,0.03,1.0874,1.0350,0.1828,20.00,0.500,1.748,2.076,0.130,23.53,0.07,0.0999,0.0813,-0.0075,20.00,0.500,-0.640,-0.669,-0.051,23.67,0.01,0.7780,0.7430,0.0210,20.00,0.500,1.107,1.092,0.079,23.57,0.03,1.2616,1.2293,-0.0000,20.00,0.500,-1.059,-0.920,-0.075,23.40,0.03,0.1041,0.0790,0.0389,20.00,0.500,0.790,0.659,0.053,23.61,0.02,0.7823,0.7628,-0.0210,20.00,0.500,-0.673,-0.745,-0.020,23.55,0.01,1.3850,1.3389,0.0210,20.00,0.500,1.421,1.582,0.109,23.37,0.04
3.4500,0.1175,0.0984,-0.0105,20.00,0.500,-0.603,-0.274,-0.034,23.67,0.01,0.7141,0.6872,0.0180,20.00,0.500,0.814,0.394,0.150,23.59,0.02,1.3708,1.2945,-0.0060,20.00,0.500,-2.524,-2.473,-0.187,23.45,0.10,0.0716,0.0549,0.0030,20.00,0.500,-0.598,-0.650,-0.054,23.75,0.01,1.0833,1.0510,-0.0000,20.00,0.500,-1.099,-1.291,-0.088,23.68,0.03,1.0874,1.0359,0.0644,20.00,0.500,1.748,2.076,0.130,23.53,0.07,0.0999,0.0811,-0.0285,20.00,0.500,-0.640,-0.669,-0.051,23.67,0.01,0.7780,0.7430,0.0120,20.00,0.500,1.107,1.092,0.079,23.57,0.03,1.2616,1.2298,0.0300,20.00,0.500,-1.059,-0.920,-0.075,23.40,0.03,0.1041,0.0792,0.0240,20.00,0.500,0.790,0.659,0.053,23.61,0.02,0.7823,0.7626,-0.0120,20.00,0.500,-0.673,-0.745,-0.020,23.55,0.01,1.3850,1.3395,0.0479,20.00,0.500,1.421,1.582,0.109,23.37,0.04
3.4600,0.1175,0.0986,0.0360,20.00,0.500,-0.595,-0.580,-0.027,23.68,0.01,0.7141,0.6872,-0.0105,20.00,0.500,0.854,1.092,0.161,23.58,0.02,1.3708,1.2946,0.0105,20.00,0.500,-2.517,-2.485,-0.190,23.46,0.12,0.0716,0.0549,-0.0030,20.00,0.500,-0.589,-0.816,-0.050,23.77,0.01,1.0833,1.0511,0.0045,20.00,0.500,-1.096,-1.021,-0.063,23.67,0.03,1.0874,1.0361,0.0360,20.00,0.500,1.593,2.233,0.105,23.53,0.05,0.0999,0.0811,-0.0120,20.00,0.500,-0.657,-0.718,-0.052,23.68,0.01,0.7780,0.7431,0.0165,20.00,0.500,1.095,1.181,0.081,23.57,0.03,1.2616,1.2300,0.0195,20.00,0.500,-1.054,-0.964,-0.071,23.40,0.03,0.1041,0.0793,0.0105,20.00,0.500,0.763,0.557,0.064,23.61,0.02,0.7823,0.7624,-0.0300,20.00,0.500,-0.719,-0.681,-0.069,23.56,0.01,1.3850,1.3397,0.0240,20.00,0.500,1.425,1.618,0.112,23.37,0.05
3.4700,0.1175,0.0986,0.0360,20.00,0.500,-0.595,-0.580,-0.027,23.68,0.01,0.7141,0.6873,0.0090,20.00,0.500,0.854,1.092,0.161,23.58,0.02,1.3708,1.2946,0.0120,20.00,0.500,-2.517,-2.485,-0.190,23.46,0.12,0.0716,0.0549,-0.0075,20.00,0.500,-0.589,-0.816,-0.050,23.77,0.01,1.0833,1.0511,0.0090,20.00,0.500,-1.096,-1.021,-0.063,23.67,0.03,1.0874,1.0367,0.0614,20.00,0.500,1.593,2.233,0.105,23.53,0.05,0.0999,0.0810,-0.0075,20.00,0.500,-0.657,-0.718,-0.052,23.68,0.01,0.7780,0.7433,0.0434,20.00,0.500,1.095,1.181,0.081,23.57,0.03,1.2616,1.2303,0.0330,20.00,0.500,-1.054,-0.964,-0.071,23.40,0.03,0.1041,0.0794,0.0120,20.00,0.500,0.763,0.557,0.064,23.61,0.02,0.7823,0.7621,-0.0345,20.00,0.500,-0.719,-0.681,-0.069,23.56,0.01,1.3850,1.3399,0.0210,20.00,0.500,1.425,1.618,0.112,23.37,0.05
3.4800,0.1175,0.0987,-0.0030,20.00,0.500,-0.595,-0.580,-0.027,23.68,0.01,0.7141,0.6876,0.0105,20.00,0.500,0.854,1.092,0.161,23.58,0.02,1.3708,1.2946,-0.0000,20.00,0.500,-2.517,-2.485,-0.190,23.46,0.12,0.0716,0.0549,-0.0045,20.00,0.500,-0.589,-0.816,-0.050,23.77,0.01,1.0833,1.0510,-0.0030,20.00,0.500,-1.096,-1.021,-0.063,23.67,0.03,1.0874,1.0368,0.0090,20.00,0.500,1.593,2.233,0.105,23.53,0.05,0.0999,0.0810,0.0075,20.00,0.500,-0.657,-0.718,-0.052,23.68,0.01,0.7780,0.7435,0.0195,20.00,0.500,1.095,1.181,0.081,23.57,0.03,1.2616,1.2310,0.0509,20.00,0.500,-1.054,-0.964,-0.071,23.40,0.03,0.1041,0.0794,0.0045,20.00,0.500,0.763,0.557,0.064,23.61,0.02,0.7823,0.7623,0.0150,20.00,0.500,-0.719,-0.681,-0.069,23.56,0.01,1.3850,1.3402,0.0330,20.00,0.500,1.425,1.618,0.112,23.37,0.05
3.4900,0.1175,0.0988,0.0135,20.00,0.500,-0.595,-0.580,-0.027,23.68,0.01,0.7141,0.6874,0.0285,20.00,0.500,0.854,1.092,0.161,23.58,0.02,1.3708,1.2946,-0.0180,20.00,0.500,-2.517,-2.485,-0.190,23.46,0.12,0.0716,0.0549,-0.0045,20.00,0.500,-0.589,-0.816,-0.050,23.77,0.01,1.0833,1.0509,-0.0045,20.00,0.500,-1.096,-1.021,-0.063,23.67,0.03,1.0874,1.0370,0.0195,20.00,0.500,1.593,2.233,0.105,23.53,0.05,0.0999,0.0809,-0.0015,20.00,0.500,-0.657,-0.718,-0.052,23.68,0.01,0.7780,0.7436,0.0060,20.00,0.500,1.095,1.181,0.081,23.57,0.03,1.2616,1.2311,0.0210,20.00,0.500,-1.054,-0.964,-0.071,23.40,0.03,0.1041,0.0798,0.0569,20.00,0.500,0.763,0.557,0.064,23.61,0.02,0.7823,0.7622,0.0090,20.00,0.500,-0.719,-0.681,-0.069,23.56,0.01,1.3850,1.3404,0.0210,20.00,0.500,1.425,1.618,0.112,23.37,0.05
3.5000,0.1175,0.0987,0.0015,20.00,0.500,-0.595,-0.580,-0.027,23.68,0.01,0.7141,0.6875,-0.0090,20.00,0.500,0.854,1.092,0.161,23.58,0.02,1.3708,1.2949,0.0195,20.00,0.500,-2.517,-2.485,-0.190,23.46,0.12,0.0716,0.0549,-0.0000,20.00,0.500,-0.589,-0.816,-0.050,23.77,0.01,1.0833,1.0509,-0.0015,20.00,0.500,-1.096,-1.021,-0.063,23.67,0.03,1.0874,1.0370,0.0000,20.00,0.500,1.593,2.233,0.105,23.53,0.05,0.0999,0.0809,-0.0000,20.00,0.500,-0.657,-0.718,-0.052,23.68,0.01,0.7780,0.7436,-0.0090,20.00,0.500,1.095,1.181,0.081,23.57,0.03,1.2616,1.2315,0.0225,20.00,0.500,-1.054,-0.964,-0.071,23.40,0.03,0.1041,0.0798,0.0015,20.00,0.500,0.763,0.557,0.064,23.61,0.02,0.7823,0.7620,-0.0165,20.00,0.500,-0.719,-0.681,-0.069,23.56,0.01,1.3850,1.3406,0.0270,20.00,0.500,1.425,1.618,0.112,23.37,0.05
3.5100,0.1175,0.0988,0.0000,20.00,0.500,-0.580,-0.971,-0.031,23.68,0.01,0.7141,0.6873,-0.0225,20.00,0.500,0.842,0.405,0.118,23.59,0.02,1.3708,1.2953,0.0360,20.00,0.500,-2.486,-2.568,-0.198,23.47,0.08,0.0716,0.0550,0.0165,20.00,0.500,-0.588,-0.654,-0.013,23.77,0.01,1.0833,1.0507,-0.0165,20.00,0.500,-1.120,-0.780,-0.077,23.67,0.03,1.0874,1.0371,0.0255,20.00,0.500,1.575,2.286,0.109,23.53,0.05,0.0999,0.0807,-0.0105,20.00,0.500,-0.675,-0.666,-0.052,23.68,0.01,0.7780,0.7437,0.0105,20.00,0.500,1.088,1.054,0.086,23.57,0.03,1.2616,1.2317,0.0449,20.00,0.500,-1.011,-1.351,-0.108,23.40,0.02,0.1041,0.0800,0.0195,20.00,0.500,0.743,0.770,0.052,23.61,0.02,0.7823,0.7622,-0.0045,20.00,0.500,-0.720,-0.891,-0.068,23.55,0.01,1.3850,1.3410,0.0524,20.00,0.500,1.358,1.556,0.101,23.38,0.05
3.5200,0.1175,0.0988,0.0000,20.00,0.500,-0.580,-0.971,-0.031,23.68,0.01,0.7141,0.6876,0.0195,20.00,0.500,0.842,0.405,0.118,23.59,0.02,1.3708,1.2956,0.0330,20.00,0.500,-2.486,-2.568,-0.198,23.47,0.08,0.0716,0.0550,0.0120,20.00,0.500,-0.588,-0.654,-0.013,23.77,0.01,1.0833,1.0508,0.0090,20.00,0.500,-1.120,-0.780,-0.077,23.67,0.03,1.0874,1.0374,0.0255,20.00,0.500,1.575,2.286,0.109,23.53,0.05,0.0999,0.0806,-0.0150,20.00,0.500,-0.675,-0.666,-0.052,23.68,0.01,0.7780,0.7436,0.0060,20.00,0.500,1.088,1.054,0.086,23.57,0.03,1.2616,1.2316,-0.0120,20.00,0.500,-1.011,-1.351,-0.108,23.40,0.02,0.1041,0.0801,-0.0075,20.00,0.500,0.743,0.770,0.052,23.61,0.02,0.7823,0.7622,0.0300,20.00,0.500,-0.720,-0.891,-0.068,23.55,0.01,1.3850,1.3410,0.0524,20.00,0.500,1.358,1.556,0.101,23.38,0.05
3.5300,0.1175,0.0987,0.0075,20.00,0.500,-0.580,-0.971,-0.031,23.68,0.01,0.7141,0.6872,-0.0464,20.00,0.500,0.842,0.405,0.118,23.59,0.02,1.3708,1.2962,0.0584,20.00,0.500,-2.486,-2.568,-0.198,23.47,0.08,0.0716,0.0551,0.0120,20.00,0.500,-0.588,-0.654,-0.013,23.77,0.01,1.0833,1.0507,0.0030,20.00,0.500,-1.120,-0.780,-0.077,23.67,0.03,1.0874,1.0375,0.0030,20.00,0.500,1.575,2.286,0.109,23.53,0.05,0.0999,0.0807,0.0030,20.00,0.500,-0.675,-0.666,-0.052,23.68,0.01,0.7780,0.7436,0.0060,20.00,0.500,1.088,1.054,0.086,23.57,0.03,1.2616,1.2322,0.0434,20.00,0.500,-1.011,-1.351,-0.108,23.40,0.02,0.1041,0.0802,0.0165,20.00,0.500,0.743,0.770,0.052,23.61,0.02,0.7823,0.7623,0.0210,20.00,0.500,-0.720,-0.891,-0.068,23.55,0.01,1.3850,1.3415,0.0330,20.00,0.500,1.358,1.556,0.101,23.38,0.05
3.5400,0.1175,0.0987,-0.0030,20.00,0.500,-0.580,-0.971,-0.031,23.68,0.01,0.7141,0.6878,0.0419,20.00,0.500,0.842,0.405,0.118,23.59,0.02,1.3708,1.2974,0.1243,20.00,0.500,-2.486,-2.568,-0.198,23.47,0.08,0.0716,0.0551,-0.0000,20.00,0.500,-0.588,-0.654,-0.013,23.77,0.01,1.0833,1.0508,0.0030,20.00,0.500,-1.120,-0.780,-0.077,23.67,0.03,1.0874,1.0376,0.0150,20.00,0.500,1.575,2.286,0.109,23.53,0.05,0.0999,0.0807,0.0165,20.00,0.500,-0.675,-0.666,-0.052,23.68,0.01,0.7780,0.7436,-0.0120,20.00,0.500,1.088,1.054,0.086,23.57,0.03,1.2616,1.2321,0.0255,20.00,0.500,-1.011,-1.351,-0.108,23.40,0.02,0.1041,0.0801,-0.0030,20.00,0.500,0.743,0.770,0.052,23.61,0.02,0.7823,0.7623,-0.0030,20.00,0.500,-0.720,-0.891,-0.068,23.55,0.01,1.3850,1.3415,0.0060,20.00,0.500,1.358,1.556,0.101,23.38,0.05
3.5500,0.1175,0.0986,-0.0180,20.00,0.500,-0.580,-0.971,-0.031,23.68,0.01,0.7141,0.6876,0.0150,20.00,0.500,0.842,0.405,0.118,23.59,0.02,1.3708,1.2986,0.1273,20.00,0.500,-2.486,-2.568,-0.198,23.47,0.08,0.0716,0.0552,0.0030,20.00,0.500,-0.588,-0.654,-0.013,23.77,0.01,1.0833,1.0508,-0.0045,20.00,0.500,-1.120,-0.780,-0.077,23.67,0.03,1.0874,1.0375,-0.0120,20.00,0.500,1.575,2.286,0.109,23.53,0.05,0.0999,0.0808,0.0015,20.00,0.500,-0.675,-0.666,-0.052,23.68,0.01,0.7780,0.7436,-0.0060,20.00,0.500,1.088,1.054,0.086,23.57,0.03,1.2616,1.2325,-0.0000,20.00,0.500,-1.011,-1.351,-0.108,23.40,0.02,0.1041,0.0802,0.0000,20.00,0.500,0.743,0.770,0.052,23.61,0.02,0.7823,0.7624,0.0105,20.00,0.500,-0.720,-0.891,-0.068,23.55,0.01,1.3850,1.3416,0.0075,20.00,0.500,1.358,1.556,0.101,23.38,0.05
3.5600,0.1175,0.0986,-0.0075,20.00,0.500,-0.595,-0.594,-0.050,23.68,0.01,0.7141,0.6879,0.0165,20.00,0.500,0.787,0.464,0.070,23.59,0.02,1.3708,1.2990,0.0419,20.00,0.500,-2.339,-2.199,-0.204,23.47,0.09,0.0716,0.0554,0.0255,20.00,0.500,-0.567,-0.693,-0.054,23.76,0.01,1.0833,1.0508,0.0030,20.00,0.500,-1.097,-1.272,-0.091,23.67,0.03,1.0874,1.0376,-0.0075,20.00,0.500,1.574,1.345,0.117,23.53,0.05,0.0999,0.0808,0.0090,20.00,0.500,-0.653,-0.677,-0.051,23.67,0.01,0.7780,0.7436,-0.0060,20.00,0.500,1.106,1.025,0.076,23.58,0.03,1.2616,1.2326,0.0240,20.00,0.500,-0.962,-0.910,-0.064,23.39,0.03,0.1041,0.0801,0.0105,20.00,0.500,0.736,0.908,0.040,23.61,0.01,0.7823,0.7625,0.0060,20.00,0.500,-0.691,-0.590,-0.003,23.54,0.01,1.3850,1.3416,0.0180,20.00,0.500,1.367,1.407,0.097,23.38,0.04
3.5700,0.1175,0.0986,-0.0075,20.00,0.500,-0.595,-0.594,-0.050,23.68,0.01,0.7141,0.6878,-0.0255,20.00,0.500,0.787,0.464,0.070,23.59,0.02,1.3708,1.2993,0.0345,20.00,0.500,-2.339,-2.199,-0.204,23.47,0.09,0.0716,0.0559,0.0524,20.00,0.500,-0.567,-0.693,-0.054,23.76,0.01,1.0833,1.0508,-0.0120,20.00,0.500,-1.097,-1.272,-0.091,23.67,0.03,1.0874,1.0378,0.0464,20.00,0.500,1.574,1.345,0.117,23.53,0.05,0.0999,0.0809,0.0060,20.00,0.500,-0.653,-0.677,-0.051,23.67,0.01,0.7780,0.7436,-0.0060,20.00,0.500,1.106,1.025,0.076,23.58,0.03,1.2616,1.2327,0.0060,20.00,0.500,-0.962,-0.910,-0.064,23.39,0.03,0.1041,0.0801,-0.0105,20.00,0.500,0.736,0.908,0.040,23.61,0.01,0.7823,0.7627,0.0330,20.00,0.500,-0.691,-0.590,-0.003,23.54,0.01,1.3850,1.3415,-0.0120,20.00,0.500,1.367,1.407,0.097,23.38,0.04
3.5800,0.1175,0.0987,0.0180,20.00,0.500,-0.595,-0.594,-0.050,23.68,0.01,0.7141,0.6882,0.0464,20.00,0.500,0.787,0.464,0.070,23.59,0.02,1.3708,1.2996,0.0225,20.00,0.500,-2.339,-2.199,-0.204,23.47,0.09,0.0716,0.0560,0.0210,20.00,0.500,-0.567,-0.693,-0.054,23.76,0.01,1.0833,1.0509,0.0105,20.00,0.500,-1.097,-1.272,-0.091,23.67,0.03,1.0874,1.0377,-0.0030,20.00,0.500,1.574,1.345,0.117,23.53,0.05,0.0999,0.0808,-0.0030,20.00,0.500,-0.653,-0.677,-0.051,23.67,0.01,0.7780,0.7434,-0.0195,20.00,0.500,1.106,1.025,0.076,23.58,0.03,1.2616,1.2326,-0.0165,20.00,0.500,-0.962,-0.910,-0.064,23.39,0.03,0.1041,0.0801,-0.0060,20.00,0.500,0.736,0.908,0.040,23.61,0.01,0.7823,0.7627,0.0015,20.00,0.500,-0.691,-0.590,-0.003,23.54,0.01,1.3850,1.3416,0.0090,20.00,0.500,1.367,1.407,0.097,23.38,0.04
3.5900,0.1175,0.0986,-0.0045,20.00,0.500,-0.595,-0.594,-0.050,23.68,0.01,0.7141,0.6880,-0.0060,20.00,0.500,0.787,0.464,0.070,23.59,0.02,1.3708,1.2998,0.0285,20.00,0.500,-2.339,-2.199,-0.204,23.47,0.09,0.0716,0.0567,0.0734,20.00,0.500,-0.567,-0.693,-0.054,23.76,0.01,1.0833,1.0511,0.0135,20.00,0.500,-1.097,-1.272,-0.091,23.67,0.03,1.0874,1.0376,-0.0270,20.00,0.500,1.574,1.345,0.117,23.53,0.05,0.0999,0.0809,0.0015,20.00,0.500,-0.653,-0.677,-0.051,23.67,0.01,0.7780,0.7435,0.0015,20.00,0.500,1.106,1.025,0.076,23.58,0.03,1.2616,1.2329,0.0195,20.00,0.500,-0.962,-0.910,-0.064,23.39,0.03,0.1041,0.0801,0.0195,20.00,0.500,0.736,0.908,0.040,23.61,0.01,0.7823,0.7627,0.0045,20.00,0.500,-0.691,-0.590,-0.003,23.54,0.01,1.3850,1.3417,0.0075,20.00,0.500,1.367,1.407,0.097,23.38,0.04
3.6000,0.1175,0.0985,-0.0120,20.00,0.500,-0.595,-0.594,-0.050,23.68,0.01,0.7141,0.6881,0.0030,20.00,0.500,0.787,0.464,0.070,23.59,0.02,1.3708,1.3001,0.0210,20.00,0.500,-2.339,-2.199,-0.204,23.47,0.09,0.0716,0.0571,0.0240,20.00,0.500,-0.567,-0.693,-0.054,23.76,0.01,1.0833,1.0511,0.0240,20.00,0.500,-1.097,-1.272,-0.091,23.67,0.03,1.0874,1.0380,0.0210,20.00,0.500,1.574,1.345,0.117,23.53,0.05,0.0999,0.0808,-0.0015,20.00,0.500,-0.653,-0.677,-0.051,23.67,0.01,0.7780,0.7436,0.0060,20.00,0.500,1.106,1.025,0.076,23.58,0.03,1.2616,1.2329,0.0120,20.00,0.500,-0.962,-0.910,-0.064,23.39,0.03,0.1041,0.0800,-0.0180,20.00,0.500,0.736,0.908,0.040,23.61,0.01,0.7823,0.7630,0.0090,20.00,0.500,-0.691,-0.590,-0.003,23.54,0.01,1.3850,1.3417,0.0075,20.00,0.500,1.367,1.407,0.097,23.38,0.04
3.6100,0.1175,0.0986,0.0000,20.00,0.500,-0.574,-0.390,-0.063,23.67,0.00,0.7141,0.6882,0.0105,20.00,0.500,0.800,-0.145,0.003,23.59,0.02,1.3708,1.3002,0.0150,20.00,0.500,-2.337,-1.233,-0.140,23.47,0.09,0.0716,0.0574,0.0449,20.00,0.500,-0.506,-0.695,-0.042,23.77,0.01,1.0833,1.0513,0.0240,20.00,0.500,-1.070,-1.135,-0.080,23.68,0.03,1.0874,1.0380,0.0419,20.00,0.500,1.533,1.849,0.148,23.53,0.05,0.0999,0.0808,0.0015,20.00,0.500,-0.664,-0.607,-0.053,23.68,0.01,0.7780,0.7435,-0.0165,20.00,0.500,1.098,1.099,0.077,23.58,0.03,1.2616,1.2329,-0.0075,20.00,0.500,-0.975,-0.943,-0.064,23.40,0.02,0.1041,0.0801,0.0060,20.00,0.500,0.742,0.909,0.051,23.62,0.01,0.7823,0.7629,-0.0000,20.00,0.500,-0.653,-1.324,-0.037,23.55,0.00,1.3850,1.3415,-0.0255,20.00,0.500,1.402,1.420,0.109,23.38,0.04
3.6200,0.1175,0.0986,0.0000,20.00,0.500,-0.574,-0.390,-0.063,23.67,0.00,0.7141,0.6881,-0.0030,20.00,0.500,0.800,-0.145,0.003,23.59,0.02,1.3708,1.3008,0.0375,20.00,0.500,-2.337,-1.233,-0.140,23.47,0.09,0.0716,0.0576,0.0165,20.00,0.500,-0.506,-0.695,-0.042,23.77,0.01,1.0833,1.0514,-0.0075,20.00,0.500,-1.070,-1.135,-0.080,23.68,0.03,1.0874,1.0378,-0.0090,20.00,0.500,1.533,1.849,0.148,23.53,0.05,0.0999,0.0807,-0.0075,20.00,0.500,-0.664,-0.607,-0.053,23.68,0.01,0.7780,0.7436,0.0000,20.00,0.500,1.098,1.099,0.077,23.58,0.03,1.2616,1.2329,0.0180,20.00,0.500,-0.975,-0.943,-0.064,23.40,0.02,0.1041,0.0802,0.0255,20.00,0.500,0.742,0.909,0.051,23.62,0.01,0.7823,0.7630,-0.0075,20.00,0.500,-0.653,-1.324,-0.037,23.55,0.00,1.3850,1.3415,-0.0255,20.00,0.500,1.402,1.420,0.109,23.38,0.04
3.6300,0.1175,0.0986,-0.0135,20.00,0.500,-0.574,-0.390,-0.063,23.67,0.00,0.7141,0.6884,0.0285,20.00,0.500,0.800,-0.145,0.003,23.59,0.02,1.3708,1.3009,0.0060,20.00,0.500,-2.337,-1.233,-0.140,23.47,0.09,0.0716,0.0578,0.0210,20.00,0.500,-0.506,-0.695,-0.042,23.77,0.01,1.0833,1.0516,0.0180,20.00,0.500,-1.070,-1.135,-0.080,23.68,0.03,1.0874,1.0377,-0.0360,20.00,0.500,1.533,1.849,0.148,23.53,0.05,0.0999,0.0808,0.0030,20.00,0.500,-0.664,-0.607,-0.053,23.68,0.01,0.7780,0.7435,-0.0165,20.00,0.500,1.098,1.099,0.077,23.58,0.03,1.2616,1.2330,0.0015,20.00,0.500,-0.975,-0.943,-0.064,23.40,0.02,0.1041,0.0801,0.0060,20.00,0.500,0.742,0.909,0.051,23.62,0.01,0.7823,0.7631,0.0150,20.00,0.500,-0.653,-1.324,-0.037,23.55,0.00,1.3850,1.3416,-0.0165,20.00,0.500,1.402,1.420,0.109,23.38,0.04
3.6400,0.1175,0.0986,0.0225,20.00,0.500,-0.574,-0.390,-0.063,23.67,0.00,0.7141,0.6883,-0.0075,20.00,0.500,0.800,-0.145,0.003,23.59,0.02,1.3708,1.3016,0.0854,20.00,0.500,-2.337,-1.233,-0.140,23.47,0.09,0.0716,0.0579,0.0060,20.00,0.500,-0.506,-0.695,-0.042,23.77,0.01,1.0833,1.0517,0.0120,20.00,0.500,-1.070,-1.135,-0.080,23.68,0.03,1.0874,1.0380,0.0150,20.00,0.500,1.533,1.849,0.148,23.53,0.05,0.0999,0.0808,-0.0015,20.00,0.500,-0.664,-0.607,-0.053,23.68,0.01,0.7780,0.7437,0.0180,20.00,0.500,1.098,1.099,0.077,23.58,0.03,1.2616,1.2330,0.0030,20.00,0.500,-0.975,-0.943,-0.064,23.40,0.02,0.1041,0.0801,0.0225,20.00,0.500,0.742,0.909,0.051,23.62,0.01,0.7823,0.7631,-0.0045,20.00,0.500,-0.653,-1.324,-0.037,23.55,0.00,1.3850,1.3418,0.0165,20.00,0.500,1.402,1.420,0.109,23.38,0.04
3.6500,0.1175,0.0987,0.0180,20.00,0.500,-0.574,-0.390,-0.063,23.67,0.00,0.7141,0.6885,0.0345,20.00,0.500,0.800,-0.145,0.003,23.59,0.02,1.3708,1.3016,-0.0255,20.00,0.500,-2.337,-1.233,-0.140,23.47,0.09,0.0716,0.0580,0.0060,20.00,0.500,-0.506,-0.695,-0.042,23.77,0.01,1.0833,1.0517,0.0120,20.00,0.500,-1.070,-1.135,-0.080,23.68,0.03,1.0874,1.0378,-0.0030,20.00,0.500,1.533,1.849,0.148,23.53,0.05,0.0999,0.0807,-0.0105,20.00,0.500,-0.664,-0.607,-0.053,23.68,0.01,0.7780,0.7438,0.0105,20.00,0.500,1.098,1.099,0.077,23.58,0.03,1.2616,1.2330,-0.0030,20.00,0.500,-0.975,-0.943,-0.064,23.40,0.02,0.1041,0.0800,-0.0075,20.00,0.500,0.742,0.909,0.051,23.62,0.01,0.7823,0.7631,0.0090,20.00,0.500,-0.653,-1.324,-0.037,23.55,0.00,1.3850,1.3417,-0.0045,20.00,0.500,1.402,1.420,0.109,23.38,0.04
3.6600,0.1175,0.0987,0.0150,20.00,0.500,-0.563,-0.748,-0.010,23.67,0.01,0.7141,0.6887,0.0285,20.00,0.500,0.798,0.981,0.078,23.59,-0.00,1.3708,1.3024,0.0839,20.00,0.500,-2.189,-2.790,-0.213,23.46,0.09,0.0716,0.0580,-0.0060,20.00,0.500,-0.482,-0.540,-0.041,23.77,0.01,1.0833,1.0519,0.0060,20.00,0.500,-1.063,-1.270,-0.093,23.67,0.03,1.0874,1.0379,0.0000,20.00,0.500,1.578,1.478,0.111,23.53,0.05,0.0999,0.0807,-0.0105,20.00,0.500,-0.669,-0.720,-0.051,23.68,0.01,0.7780,0.7441,0.0150,20.00,0.500,1.061,1.090,0.076,23.58,0.03,1.2616,1.2329,-0.0165,20.00,0.500,-0.986,-1.022,-0.071,23.40,0.02,0.1041,0.0800,-0.0120,20.00,0.500,0.761,0.594,0.060,23.62,0.01,0.7823,0.7632,-0.0045,20.00,0.500,-0.663,-0.746,-0.047,23.55,0.01,1.3850,1.3417,-0.0015,20.00,0.500,1.371,1.324,0.105,23.38,0.04
3.6700,0.1175,0.0987,0.0150,20.00,0.500,-0.563,-0.748,-0.010,23.67,0.01,0.7141,0.6886,-0.0165,20.00,0.500,0.798,0.981,0.078,23.59,-0.00,1.3708,1.3019,-0.0300,20.00,0.500,-2.189,-2.790,-0.213,23.46,0.09,0.0716,0.0581,0.0180,20.00,0.500,-0.482,-0.540,-0.041,23.77,0.01,1.0833,1.0521,0.0105,20.00,0.500,-1.063,-1.270,-0.093,23.67,0.03,1.0874,1.0376,-0.0375,20.00,0.500,1.578,1.478,0.111,23.53,0.05,0.0999,0.0808,0.0090,20.00,0.500,-0.669,-0.720,-0.051,23.68,0.01,0.7780,0.7442,0.0015,20.00,0.500,1.061,1.090,0.076,23.58,0.03,1.2616,1.2331,0.0195,20.00,0.500,-0.986,-1.022,-0.071,23.40,0.02,0.1041,0.0800,0.0015,20.00,0.500,0.761,0.594,0.060,23.62,0.01,0.7823,0.7633,0.0150,20.00,0.500,-0.663,-0.746,-0.047,23.55,0.01,1.3850,1.3417,-0.0030,20.00,0.500,1.371,1.324,0.105,23.38,0.04
3.6800,0.1175,0.0986,-0.0030,20.00,0.500,-0.563,-0.748,-0.010,23.67,0.01,0.7141,0.6887,0.0060,20.00,0.500,0.798,0.981,0.078,23.59,-0.00,1.3708,1.3020,-0.0240,20.00,0.500,-2.189,-2.790,-0.213,23.46,0.09,0.0716,0.0581,0.0060,20.00,0.500,-0.482,-0.540,-0.041,23.77,0.01,1.0833,1.0522,0.0225,20.00,0.500,-1.063,-1.270,-0.093,23.67,0.03,1.0874,1.0381,0.0285,20.00,0.500,1.578,1.478,0.111,23.53,0.05,0.0999,0.0807,-0.0045,20.00,0.500,-0.669,-0.720,-0.051,23.68,0.01,0.7780,0.7446,0.0300,20.00,0.500,1.061,1.090,0.076,23.58,0.03,1.2616,1.2330,-0.0180,20.00,0.500,-0.986,-1.022,-0.071,23.40,0.02,0.1041,0.0801,0.0150,20.00,0.500,0.761,0.594,0.060,23.62,0.01,0.7823,0.7634,0.0150,20.00,0.500,-0.663,-0.746,-0.047,23.55,0.01,1.3850,1.3416,-0.0165,20.00,0.500,1.371,1.324,0.105,23.38,0.04
3.6900,0.1175,0.0986,0.0015,20.00,0.500,-0.563,-0.748,-0.010,23.67,0.01,0.7141,0.6889,0.0255,20.00,0.500,0.798,0.981,0.078,23.59,-0.00,1.3708,1.3021,-0.0015,20.00,0.500,-2.189,-2.790,-0.213,23.46,0.09,0.0716,0.0580,-0.0015,20.00,0.500,-0.482,-0.540,-0.041,23.77,0.01,1.0833,1.0523,0.0225,20.00,0.500,-1.063,-1.270,-0.093,23.67,0.03,1.0874,1.0379,0.0195,20.00,0.500,1.578,1.478,0.111,23.53,0.05,0.0999,0.0807,-0.0000,20.00,0.500,-0.669,-0.720,-0.051,23.68,0.01,0.7780,0.7448,0.0255,20.00,0.500,1.061,1.090,0.076,23.58,0.03,1.2616,1.2330,0.0045,20.00,0.500,-0.986,-1.022,-0.071,23.40,0.02,0.1041,0.0801,0.0105,20.00,0.500,0.761,0.594,0.060,23.62,0.01,0.7823,0.7634,-0.0000,20.00,0.500,-0.663,-0.746,-0.047,23.55,0.01,1.3850,1.3417,-0.0030,20.00,0.500,1.371,1.324,0.105,23.38,0.04
3.7000,0.1175,0.0986,-0.0120,20.00,0.500,-0.563,-0.748,-0.010,23.67,0.01,0.7141,0.6892,0.0195,20.00,0.500,0.798,0.981,0.078,23.59,-0.00,1.3708,1.3021,-0.0225,20.00,0.500,-2.189,-2.790,-0.213,23.46,0.09,0.0716,0.0581,0.0030,20.00,0.500,-0.482,-0.540,-0.041,23.77,0.01,1.0833,1.0525,0.0150,20.00,0.500,-1.063,-1.270,-0.093,23.67,0.03,1.0874,1.0380,-0.0225,20.00,0.500,1.578,1.478,0.111,23.53,0.05,0.0999,0.0807,0.0075,20.00,0.500,-0.669,-0.720,-0.051,23.68,0.01,0.7780,0.7449,0.0135,20.00,0.500,1.061,1.090,0.076,23.58,0.03,1.2616,1.2330,0.0015,20.00,0.500,-0.986,-1.022,-0.071,23.40,0.02,0.1041,0.0800,-0.0015,20.00,0.500,0.761,0.594,0.060,23.62,0.01,0.7823,0.7635,0.0075,20.00,0.500,-0.663,-0.746,-0.047,23.55,0.01,1.3850,1.3418,0.0195,20.00,0.500,1.371,1.324,0.105,23.38,0.04
3.7100,0.1175,0.0986,-0.0045,20.00,0.500,-0.579,-1.276,-0.087,23.68,0.01,0.7141,0.6890,0.0210,20.00,0.500,0.827,0.100,0.090,23.60,-0.01,1.3708,1.3022,-0.0045,20.00,0.500,-2.262,-2.326,-0.214,23.46,0.10,0.0716,0.0580,-0.0090,20.00,0.500,-0.481,-0.573,-0.032,23.77,0.00,1.0833,1.0526,0.0075,20.00,0.500,-1.041,-0.970,-0.079,23.68,0.03,1.0874,1.0381,0.0315,20.00,0.500,1.537,2.151,0.112,23.53,0.06,0.0999,0.0807,-0.0000,20.00,0.500,-0.678,-0.676,-0.057,23.68,0.01,0.7780,0.7451,0.0165,20.00,0.500,1.024,1.047,0.063,23.57,0.03,1.2616,1.2330,-0.0060,20.00,0.500,-0.968,-0.958,-0.061,23.40,0.02,0.1041,0.0801,0.0015,20.00,0.500,0.744,0.839,0.068,23.61,0.01,0.7823,0.7636,0.0165,20.00,0.500,-0.631,-0.712,-0.031,23.56,0.01,1.3850,1.3417,0.0075,20.00,0.500,1.372,1.400,0.113,23.38,0.04
3.7200,0.1175,0.0986,-0.0045,20.00,0.500,-0.579,-1.276,-0.087,23.68,0.01,0.7141,0.6891,0.0015,20.00,0.500,0.827,0.100,0.090,23.60,-0.01,1.3708,1.3020,0.0195,20.00,0.500,-2.262,-2.326,-0.214,23.46,0.10,0.0716,0.0580,-0.0090,20.00,0.500,-0.481,-0.573,-0.032,23.77,0.00,1.0833,1.0527,0.0135,20.00,0.500,-1.041,-0.970,-0.079,23.68,0.03,1.0874,1.0379,0.0045,20.00,0.500,1.537,2.151,0.112,23.53,0.06,0.0999,0.0806,-0.0105,20.00,0.500,-0.678,-0.676,-0.057,23.68,0.01,0.7780,0.7451,0.0105,20.00,0.500,1.024,1.047,0.063,23.57,0.03,1.2616,1.2331,0.0090,20.00,0.500,-0.968,-0.958,-0.061,23.40,0.02,0.1041,0.0801,0.0075,20.00,0.500,0.744,0.839,0.068,23.61,0.01,0.7823,0.7641,0.0449,20.00,0.500,-0.631,-0.712,-0.031,23.56,0.01,1.3850,1.3417,0.0075,20.00,0.500,1.372,1.400,0.113,23.38,0.04
3.7300,0.1175,0.0987,0.0030,20.00,0.500,-0.579,-1.276,-0.087,23.68,0.01,0.7141,0.6892,0.0360,20.00,0.500,0.827,0.100,0.090,23.60,-0.01,1.3708,1.3023,0.0404,20.00,0.500,-2.262,-2.326,-0.214,23.46,0.10,0.0716,0.0580,-0.0030,20.00,0.500,-0.481,-0.573,-0.032,23.77,0.00,1.0833,1.0531,0.0479,20.00,0.500,-1.041,-0.970,-0.079,23.68,0.03,1.0874,1.0382,-0.0075,20.00,0.500,1.537,2.151,0.112,23.53,0.06,0.0999,0.0806,-0.0015,20.00,0.500,-0.678,-0.676,-0.057,23.68,0.01,0.7780,0.7453,0.0150,20.00,0.500,1.024,1.047,0.063,23.57,0.03,1.2616,1.2331,-0.0015,20.00,0.500,-0.968,-0.958,-0.061,23.40,0.02,0.1041,0.0800,-0.0135,20.00,0.500,0.744,0.839,0.068,23.61,0.01,0.7823,0.7644,0.0300,20.00,0.500,-0.631,-0.712,-0.031,23.56,0.01,1.3850,1.3417,-0.0075,20.00,0.500,1.372,1.400,0.113,23.38,0.04
3.7400,0.1175,0.0986,-0.0105,20.00,0.500,-0.579,-1.276,-0.087,23.68,0.01,0.7141,0.6892,-0.0494,20.00,0.500,0.827,0.100,0.090,23.60,-0.01,1.3708,1.3018,-0.0599,20.00,0.500,-2.262,-2.326,-0.214,23.46,0.10,0.0716,0.0580,-0.0075,20.00,0.500,-0.481,-0.573,-0.032,23.77,0.00,1.0833,1.0535,0.0330,20.00,0.500,-1.041,-0.970,-0.079,23.68,0.03,1.0874,1.0382,0.0150,20.00,0.500,1.537,2.151,0.112,23.53,0.06,0.0999,0.0807,-0.0000,20.00,0.500,-0.678,-0.676,-0.057,23.68,0.01,0.7780,0.7454,0.0030,20.00,0.500,1.024,1.047,0.063,23.57,0.03,1.2616,1.2330,-0.0045,20.00,0.500,-0.968,-0.958,-0.061,23.40,0.02,0.1041,0.0800,0.0120,20.00,0.500,0.744,0.839,0.068,23.61,0.01,0.7823,0.7650,0.0674,20.00,0.500,-0.631,-0.712,-0.031,23.56,0.01,1.3850,1.3418,0.0150,20.00,0.500,1.372,1.400,0.113,23.38,0.04
3.7500,0.1175,0.0987,0.0120,20.00,0.500,-0.579,-1.276,-0.087,23.68,0.01,0.7141,0.6897,0.0749,20.00,0.500,0.827,0.100,0.090,23.60,-0.01,1.3708,1.3021,0.0270,20.00,0.500,-2.262,-2.326,-0.214,23.46,0.10,0.0716,0.0580,0.0015,20.00,0.500,-0.481,-0.573,-0.032,23.77,0.00,1.0833,1.0538,0.0330,20.00,0.500,-1.041,-0.970,-0.079,23.68,0.03,1.0874,1.0380,-0.0105,20.00,0.500,1.537,2.151,0.112,23.53,0.06,0.0999,0.0807,0.0045,20.00,0.500,-0.678,-0.676,-0.057,23.68,0.01,0.7780,0.7454,0.0075,20.00,0.500,1.024,1.047,0.063,23.57,0.03,1.2616,1.2330,0.0015,20.00,0.500,-0.968,-0.958,-0.061,23.40,0.02,0.1041,0.0800,-0.0030,20.00,0.500,0.744,0.839,0.068,23.61,0.01,0.7823,0.7657,0.0764,20.00,0.500,-0.631,-0.712,-0.031,23.56,0.01,1.3850,1.3418,0.0240,20.00,0.500,1.372,1.400,0.113,23.38,0.04
3.7600,0.1175,0.0986,-0.0165,20.00,0.500,-0.571,-0.977,-0.021,23.68,0.01,0.7141,0.6894,-0.0030,20.00,0.500,0.798,0.488,0.073,23.60,0.00,1.3708,1.3025,0.0315,20.00,0.500,-2.247,-1.586,-0.227,23.46,0.08,0.0716,0.0580,-0.0045,20.00,0.500,-0.478,-0.256,-0.061,23.77,0.01,1.0833,1.0547,0.0839,20.00,0.500,-0.904,-0.921,-0.071,23.68,0.01,1.0874,1.0382,-0.0240,20.00,0.500,1.591,1.836,0.111,23.54,0.05,0.0999,0.0807,0.0030,20.00,0.500,-0.660,-0.680,-0.051,23.68,0.01,0.7780,0.7457,0.0270,20.00,0.500,0.996,1.110,0.083,23.57,0.02,1.2616,1.2331,0.0015,20.00,0.500,-0.966,-0.608,-0.071,23.40,0.02,0.1041,0.0801,-0.0075,20.00,0.500,0.751,0.734,0.060,23.61,0.01,0.7823,0.7661,0.0464,20.00,0.500,-0.552,-0.530,-0.025,23.55,0.01,1.3850,1.3418,0.0105,20.00,0.500,1.366,1.478,0.102,23.37,0.04
3.7700,0.1175,0.0986,-0.0165,20.00,0.500,-0.571,-0.977,-0.021,23.68,0.01,0.7141,0.6894,-0.0644,20.00,0.500,0.798,0.488,0.073,23.60,0.00,1.3708,1.3020,-0.0045,20.00,0.500,-2.247,-1.586,-0.227,23.46,0.08,0.0716,0.0581,0.0030,20.00,0.500,-0.478,-0.256,-0.061,23.77,0.01,1.0833,1.0557,0.1049,20.00,0.500,-0.904,-0.921,-0.071,23.68,0.01,1.0874,1.0386,0.0404,20.00,0.500,1.591,1.836,0.111,23.54,0.05,0.0999,0.0808,0.0120,20.00,0.500,-0.660,-0.680,-0.051,23.68,0.01,0.7780,0.7458,0.0060,20.00,0.500,0.996,1.110,0.083,23.57,0.02,1.2616,1.2330,-0.0090,20.00,0.500,-0.966,-0.608,-0.071,23.40,0.02,0.1041,0.0800,-0.0015,20.00,0.500,0.751,0.734,0.060,23.61,0.01,0.7823,0.7664,0.0315,20.00,0.500,-0.552,-0.530,-0.025,23.55,0.01,1.3850,1.3418,0.0090,20.00,0.500,1.366,1.478,0.102,23.37,0.04
3.7800,0.1175,0.0986,-0.0030,20.00,0.500,-0.571,-0.977,-0.021,23.68,0.01,0.7141,0.6898,0.0315,20.00,0.500,0.798,0.488,0.073,23.60,0.00,1.3708,1.3020,-0.0165,20.00,0.500,-2.247,-1.586,-0.227,23.46,0.08,0.0716,0.0581,0.0060,20.00,0.500,-0.478,-0.256,-0.061,23.77,0.01,1.0833,1.0563,0.0734,20.00,0.500,-0.904,-0.921,-0.071,23.68,0.01,1.0874,1.0383,0.0015,20.00,0.500,1.591,1.836,0.111,23.54,0.05,0.0999,0.0807,0.0030,20.00,0.500,-0.660,-0.680,-0.051,23.68,0.01,0.7780,0.7458,-0.0060,20.00,0.500,0.996,1.110,0.083,23.57,0.02,1.2616,1.2329,-0.0075,20.00,0.500,-0.966,-0.608,-0.071,23.40,0.02,0.1041,0.0801,-0.0075,20.00,0.500,0.751,0.734,0.060,23.61,0.01,0.7823,0.7667,0.0300,20.00,0.500,-0.552,-0.530,-0.025,23.55,0.01,1.3850,1.3417,0.0045,20.00,0.500,1.366,1.478,0.102,23.37,0.04
3.7900,0.1175,0.0986,0.0045,20.00,0.500,-0.571,-0.977,-0.021,23.68,0.01,0.7141,0.6896,-0.0135,20.00,0.500,0.798,0.488,0.073,23.60,0.00,1.3708,1.3023,0.0015,20.00,0.500,-2.247,-1.586,-0.227,23.46,0.08,0.0716,0.0581,0.0090,20.00,0.500,-0.478,-0.256,-0.061,23.77,0.01,1.0833,1.0575,0.1049,20.00,0.500,-0.904,-0.921,-0.071,23.68,0.01,1.0874,1.0382,-0.0060,20.00,0.500,1.591,1.836,0.111,23.54,0.05,0.0999,0.0807,-0.0105,20.00,0.500,-0.660,-0.680,-0.051,23.68,0.01,0.7780,0.7460,0.0255,20.00,0.500,0.996,1.110,0.083,23.57,0.02,1.2616,1.2330,-0.0015,20.00,0.500,-0.966,-0.608,-0.071,23.40,0.02,0.1041,0.0802,0.0000,20.00,0.500,0.751,0.734,0.060,23.61,0.01,0.7823,0.7667,0.0075,20.00,0.500,-0.552,-0.530,-0.025,23.55,0.01,1.3850,1.3417,0.0075,20.00,0.500,1.366,1.478,0.102,23.37,0.04
3.8000,0.1175,0.0985,-0.0120,20.00,0.500,-0.571,-0.977,-0.021,23.68,0.01,0.7141,0.6899,-0.0180,20.00,0.500,0.798,0.488,0.073,23.60,0.00,1.3708,1.3023,0.0030,20.00,0.500,-2.247,-1.586,-0.227,23.46,0.08,0.0716,0.0581,0.0015,20.00,0.500,-0.478,-0.256,-0.061,23.77,0.01,1.0833,1.0580,0.0375,20.00,0.500,-0.904,-0.921,-0.071,23.68,0.01,1.0874,1.0383,0.0090,20.00,0.500,1.591,1.836,0.111,23.54,0.05,0.0999,0.0807,0.0030,20.00,0.500,-0.660,-0.680,-0.051,23.68,0.01,0.7780,0.7460,0.0075,20.00,0.500,0.996,1.110,0.083,23.57,0.02,1.2616,1.2330,-0.0120,20.00,0.500,-0.966,-0.608,-0.071,23.40,0.02,0.1041,0.0801,-0.0120,20.00,0.500,0.751,0.734,0.060,23.61,0.01,0.7823,0.7670,0.0195,20.00,0.500,-0.552,-0.530,-0.025,23.55,0.01,1.3850,1.3417,0.0000,20.00,0.500,1.366,1.478,0.102,23.37,0.04
3.8100,0.1175,0.0985,0.0180,20.00,0.500,-0.574,-0.490,-0.032,23.66,0.01,0.7141,0.6901,0.0839,20.00,0.500,0.770,0.877,0.024,23.59,0.02,1.3708,1.3023,0.0120,20.00,0.500,-2.249,-1.355,-0.159,23.46,0.10,0.0716,0.0582,0.0045,20.00,0.500,-0.479,-0.354,-0.038,23.76,0.01,1.0833,1.0585,0.0764,20.00,0.500,-0.787,-0.588,-0.076,23.68,0.02,1.0874,1.0382,-0.0315,20.00,0.500,1.576,1.506,0.140,23.53,0.05,0.0999,0.0808,0.0060,20.00,0.500,-0.655,-0.752,-0.051,23.68,0.01,0.7780,0.7461,-0.0015,20.00,0.500,1.008,1.016,0.076,23.58,0.02,1.2616,1.2330,0.0075,20.00,0.500,-0.965,-0.797,-0.070,23.41,0.03,0.1041,0.0802,0.0000,20.00,0.500,0.735,0.768,0.046,23.61,0.02,0.7823,0.7671,0.0165,20.00,0.500,-0.528,-0.642,-0.019,23.56,0.00,1.3850,1.3417,-0.0180,20.00,0.500,1.396,1.326,0.104,23.38,0.04
3.8200,0.1175,0.0985,0.0180,20.00,0.500,-0.574,-0.490,-0.032,23.66,0.01,0.7141,0.6903,0.0030,20.00,0.500,0.770,0.877,0.024,23.59,0.02,1.3708,1.3021,-0.0075,20.00,0.500,-2.249,-1.355,-0.159,23.46,0.10,0.0716,0.0582,0.0045,20.00,0.500,-0.479,-0.354,-0.038,23.76,0.01,1.0833,1.0588,0.0285,20.00,0.500,-0.787,-0.588,-0.076,23.68,0.02,1.0874,1.0383,-0.0090,20.00,0.500,1.576,1.506,0.140,23.53,0.05,0.0999,0.0808,0.0120,20.00,0.500,-0.655,-0.752,-0.051,23.68,0.01,0.7780,0.7463,0.0360,20.00,0.500,1.008,1.016,0.076,23.58,0.02,1.2616,1.2331,-0.0030,20.00,0.500,-0.965,-0.797,-0.070,23.41,0.03,0.1041,0.0801,-0.0150,20.00,0.500,0.735,0.768,0.046,23.61,0.02,0.7823,0.7674,0.0270,20.00,0.500,-0.528,-0.642,-0.019,23.56,0.00,1.3850,1.3417,-0.0180,20.00,0.500,1.396,1.326,0.104,23.38,0.04
3.8300,0.1175,0.0985,0.0015,20.00,0.500,-0.574,-0.490,-0.032,23.66,0.01,0.7141,0.6901,-0.0494,20.00,0.500,0.770,0.877,0.024,23.59,0.02,1.3708,1.3025,0.0270,20.00,0.500,-2.249,-1.355,-0.159,23.46,0.10,0.0716,0.0582,0.0015,20.00,0.500,-0.479,-0.354,-0.038,23.76,0.01,1.0833,1.0590,0.0180,20.00,0.500,-0.787,-0.588,-0.076,23.68,0.02,1.0874,1.0386,0.0255,20.00,0.500,1.576,1.506,0.140,23.53,0.05,0.0999,0.0808,-0.0030,20.00,0.500,-0.655,-0.752,-0.051,23.68,0.01,0.7780,0.7465,0.0315,20.00,0.500,1.008,1.016,0.076,23.58,0.02,1.2616,1.2329,-0.0150,20.00,0.500,-0.965,-0.797,-0.070,23.41,0.03,0.1041,0.0802,0.0045,20.00,0.500,0.735,0.768,0.046,23.61,0.02,0.7823,0.7674,-0.0000,20.00,0.500,-0.528,-0.642,-0.019,23.56,0.00,1.3850,1.3418,0.0240,20.00,0.500,1.396,1.326,0.104,23.38,0.04
3.8400,0.1175,0.0986,0.0105,20.00,0.500,-0.574,-0.490,-0.032,23.66,0.01,0.7141,0.6906,0.0824,20.00,0.500,0.770,0.877,0.024,23.59,0.02,1.3708,1.3024,0.0165,20.00,0.500,-2.249,-1.355,-0.159,23.46,0.10,0.0716,0.0582,-0.0075,20.00,0.500,-0.479,-0.354,-0.038,23.76,0.01,1.0833,1.0591,0.0105,20.00,0.500,-0.787,-0.588,-0.076,23.68,0.02,1.0874,1.0385,0.0030,20.00,0.500,1.576,1.506,0.140,23.53,0.05,0.0999,0.0807,-0.0165,20.00,0.500,-0.655,-0.752,-0.051,23.68,0.01,0.7780,0.7465,0.0075,20.00,0.500,1.008,1.016,0.076,23.58,0.02,1.2616,1.2330,-0.0015,20.00,0.500,-0.965,-0.797,-0.070,23.41,0.03,0.1041,0.0802,-0.0075,20.00,0.500,0.735,0.768,0.046,23.61,0.02,0.7823,0.7675,0.0015,20.00,0.500,-0.528,-0.642,-0.019,23.56,0.00,1.3850,1.3417,0.0060,20.00,0.500,1.396,1.326,0.104,23.38,0.04
3.8500,0.1175,0.0985,-0.0075,20.00,0.500,-0.574,-0.490,-0.032,23.66,0.01,0.7141,0.6912,0.0524,20.00,0.500,0.770,0.877,0.024,23.59,0.02,1.3708,1.3023,-0.0150,20.00,0.500,-2.249,-1.355,-0.159,23.46,0.10,0.0716,0.0582,0.0045,20.00,0.500,-0.479,-0.354,-0.038,23.76,0.01,1.0833,1.0591,0.0105,20.00,0.500,-0.787,-0.588,-0.076,23.68,0.02,1.0874,1.0385,0.0030,20.00,0.500,1.576,1.506,0.140,23.53,0.05,0.0999,0.0807,-0.0060,20.00,0.500,-0.655,-0.752,-0.051,23.68,0.01,0.7780,0.7469,0.0389,20.00,0.500,1.008,1.016,0.076,23.58,0.02,1.2616,1.2330,-0.0000,20.00,0.500,-0.965,-0.797,-0.070,23.41,0.03,0.1041,0.0802,0.0060,20.00,0.500,0.735,0.768,0.046,23.61,0.02,0.7823,0.7676,0.0105,20.00,0.500,-0.528,-0.642,-0.019,23.56,0.00,1.3850,1.3417,-0.0105,20.00,0.500,1.396,1.326,0.104,23.38,0.04
3.8600,0.1175,0.0985,0.0105,20.00,0.500,-0.598,-0.491,-0.045,23.69,0.01,0.7141,0.6918,0.0749,20.00,0.500,0.650,-0.197,0.096,23.60,-0.00,1.3708,1.3024,-0.0105,20.00,0.500,-2.274,-1.920,-0.171,23.47,0.06,0.0716,0.0582,0.0015,20.00,0.500,-0.483,-0.531,-0.041,23.77,0.01,1.0833,1.0591,-0.0135,20.00,0.500,-0.833,-0.806,-0.069,23.68,0.02,1.0874,1.0385,-0.0165,20.00,0.500,1.576,1.377,0.129,23.52,0.07,0.0999,0.0807,-0.0060,20.00,0.500,-0.673,-0.656,-0.052,23.68,0.01,0.7780,0.7472,0.0225,20.00,0.500,0.959,1.008,0.103,23.58,0.02,1.2616,1.2330,-0.0030,20.00,0.500,-0.972,-1.143,-0.062,23.41,0.02,0.1041,0.0802,-0.0030,20.00,0.500,0.730,0.747,0.050,23.61,0.01,0.7823,0.7676,0.0030,20.00,0.500,-0.536,-0.579,-0.036,23.55,0.00,1.3850,1.3417,-0.0105,20.00,0.500,1.394,1.327,0.106,23.37,0.04
3.8700,0.1175,0.0985,0.0105,20.00,0.500,-0.598,-0.491,-0.045,23.69,0.01,0.7141,0.6922,0.0345,20.00,0.500,0.650,-0.197,0.096,23.60,-0.00,1.3708,1.3025,0.0539,20.00,0.500,-2.274,-1.920,-0.171,23.47,0.06,0.0716,0.0582,-0.0015,20.00,0.500,-0.483,-0.531,-0.041,23.77,0.01,1.0833,1.0593,0.0150,20.00,0.500,-0.833,-0.806,-0.069,23.68,0.02,1.0874,1.0387,0.0270,20.00,0.500,1.576,1.377,0.129,23.52,0.07,0.0999,0.0808,0.0090,20.00,0.500,-0.673,-0.656,-0.052,23.68,0.01,0.7780,0.7473,0.0240,20.00,0.500,0.959,1.008,0.103,23.58,0.02,1.2616,1.2330,-0.0000,20.00,0.500,-0.972,-1.143,-0.062,23.41,0.02,0.1041,0.0803,0.0210,20.00,0.500,0.730,0.747,0.050,23.61,0.01,0.7823,0.7676,0.0060,20.00,0.500,-0.536,-0.579,-0.036,23.55,0.00,1.3850,1.3418,0.0075,20.00,0.500,1.394,1.327,0.106,23.37,0.04
3.8800,0.1175,0.0984,-0.0150,20.00,0.500,-0.598,-0.491,-0.045,23.69,0.01,0.7141,0.6923,0.0045,20.00,0.500,0.650,-0.197,0.096,23.60,-0.00,1.3708,1.3022,-0.0135,20.00,0.500,-2.274,-1.920,-0.171,23.47,0.06,0.0716,0.0582,-0.0015,20.00,0.500,-0.483,-0.531,-0.041,23.77,0.01,1.0833,1.0592,0.0075,20.00,0.500,-0.833,-0.806,-0.069,23.68,0.02,1.0874,1.0386,-0.0090,20.00,0.500,1.576,1.377,0.129,23.52,0.07,0.0999,0.0807,-0.0015,20.00,0.500,-0.673,-0.656,-0.052,23.68,0.01,0.7780,0.7478,0.0345,20.00,0.500,0.959,1.008,0.103,23.58,0.02,1.2616,1.2330,-0.0045,20.00,0.500,-0.972,-1.143,-0.062,23.41,0.02,0.1041,0.0802,0.0105,20.00,0.500,0.730,0.747,0.050,23.61,0.01,0.7823,0.7676,0.0135,20.00,0.500,-0.536,-0.579,-0.036,23.55,0.00,1.3850,1.3418,0.0075,20.00,0.500,1.394,1.327,0.106,23.37,0.04
3.8900,0.1175,0.0985,-0.0075,20.00,0.500,-0.598,-0.491,-0.045,23.69,0.01,0.7141,0.6923,-0.0180,20.00,0.500,0.650,-0.197,0.096,23.60,-0.00,1.3708,1.3023,-0.0060,20.00,0.500,-2.274,-1.920,-0.171,23.47,0.06,0.0716,0.0582,0.0015,20.00,0.500,-0.483,-0.531,-0.041,23.77,0.01,1.0833,1.0592,-0.0045,20.00,0.500,-0.833,-0.806,-0.069,23.68,0.02,1.0874,1.0387,0.0030,20.00,0.500,1.576,1.377,0.129,23.52,0.07,0.0999,0.0807,0.0030,20.00,0.500,-0.673,-0.656,-0.052,23.68,0.01,0.7780,0.7478,0.0135,20.00,0.500,0.959,1.008,0.103,23.58,0.02,1.2616,1.2330,-0.0000,20.00,0.500,-0.972,-1.143,-0.062,23.41,0.02,0.1041,0.0801,-0.0060,20.00,0.500,0.730,0.747,0.050,23.61,0.01,0.7823,0.7676,0.0030,20.00,0.500,-0.536,-0.579,-0.036,23.55,0.00,1.3850,1.3417,-0.0030,20.00,0.500,1.394,1.327,0.106,23.37,0.04
3.9000,0.1175,0.0986,0.0045,20.00,0.500,-0.598,-0.491,-0.045,23.69,0.01,0.7141,0.6930,0.0360,20.00,0.500,0.650,-0.197,0.096,23.60,-0.00,1.3708,1.3023,-0.0045,20.00,0.500,-2.274,-1.920,-0.171,23.47,0.06,0.0716,0.0582,0.0015,20.00,0.500,-0.483,-0.531,-0.041,23.77,0.01,1.0833,1.0593,0.0090,20.00,0.500,-0.833,-0.806,-0.069,23.68,0.02,1.0874,1.0386,-0.0135,20.00,0.500,1.576,1.377,0.129,23.52,0.07,0.0999,0.0807,0.0090,20.00,0.500,-0.673,-0.656,-0.052,23.68,0.01,0.7780,0.7480,0.0210,20.00,0.500,0.959,1.008,0.103,23.58,0.02,1.2616,1.2330,-0.0075,20.00,0.500,-0.972,-1.143,-0.062,23.41,0.02,0.1041,0.0802,0.0030,20.00,0.500,0.730,0.747,0.050,23.61,0.01,0.7823,0.7676,-0.0015,20.00,0.500,-0.536,-0.579,-0.036,23.55,0.00,1.3850,1.3417,0.0015,20.00,0.500,1.394,1.327,0.106,23.37,0.04
3.9100,0.1175,0.0986,0.0135,20.00,0.500,-0.582,-0.439,-0.058,23.67,0.00,0.7141,0.6927,-0.0494,20.00,0.500,0.644,0.309,0.118,23.60,-0.00,1.3708,1.3025,0.0464,20.00,0.500,-2.261,-2.154,-0.213,23.47,0.11,0.0716,0.0583,0.0150,20.00,0.500,-0.480,-0.499,-0.025,23.77,0.01,1.0833,1.0593,0.0015,20.00,0.500,-0.827,-1.074,-0.071,23.68,0.01,1.0874,1.0387,0.0090,20.00,0.500,1.526,1.805,0.135,23.54,0.06,0.0999,0.0807,0.0030,20.00,0.500,-0.659,-0.676,-0.052,23.68,0.01,0.7780,0.7481,-0.0030,20.00,0.500,0.951,0.910,0.067,23.58,0.02,1.2616,1.2330,0.0030,20.00,0.500,-0.972,-0.968,-0.064,23.41,0.03,0.1041,0.0802,0.0015,20.00,0.500,0.744,0.631,0.063,23.61,0.01,0.7823,0.7675,-0.0030,20.00,0.500,-0.509,-0.631,-0.037,23.54,0.00,1.3850,1.3417,-0.0060,20.00,0.500,1.379,1.357,0.099,23.38,0.04
3.9200,0.1175,0.0986,0.0135,20.00,0.500,-0.582,-0.439,-0.058,23.67,0.00,0.7141,0.6937,0.1318,20.00,0.500,0.644,0.309,0.118,23.60,-0.00,1.3708,1.3022,-0.0375,20.00,0.500,-2.261,-2.154,-0.213,23.47,0.11,0.0716,0.0583,0.0150,20.00,0.500,-0.480,-0.499,-0.025,23.77,0.01,1.0833,1.0593,0.0120,20.00,0.500,-0.827,-1.074,-0.071,23.68,0.01,1.0874,1.0388,-0.0015,20.00,0.500,1.526,1.805,0.135,23.54,0.06,0.0999,0.0806,-0.0075,20.00,0.500,-0.659,-0.676,-0.052,23.68,0.01,0.7780,0.7481,-0.0015,20.00,0.500,0.951,0.910,0.067,23.58,0.02,1.2616,1.2331,0.0075,20.00,0.500,-0.972,-0.968,-0.064,23.41,0.03,0.1041,0.0802,-0.0060,20.00,0.500,0.744,0.631,0.063,23.61,0.01,0.7823,0.7676,-0.0060,20.00,0.500,-0.509,-0.631,-0.037,23.54,0.00,1.3850,1.3417,-0.0060,20.00,0.500,1.379,1.357,0.099,23.38,0.04
3.9300,0.1175,0.0986,0.0090,20.00,0.500,-0.582,-0.439,-0.058,23.67,0.00,0.7141,0.6941,0.0375,20.00,0.500,0.644,0.309,0.118,23.60,-0.00,1.3708,1.3025,0.0120,20.00,0.500,-2.261,-2.154,-0.213,23.47,0.11,0.0716,0.0582,-0.0015,20.00,0.500,-0.480,-0.499,-0.025,23.77,0.01,1.0833,1.0593,-0.0000,20.00,0.500,-0.827,-1.074,-0.071,23.68,0.01,1.0874,1.0389,0.0464,20.00,0.500,1.526,1.805,0.135,23.54,0.06,0.0999,0.0807,0.0015,20.00,0.500,-0.659,-0.676,-0.052,23.68,0.01,0.7780,0.7482,0.0060,20.00,0.500,0.951,0.910,0.067,23.58,0.02,1.2616,1.2330,-0.0045,20.00,0.500,-0.972,-0.968,-0.064,23.41,0.03,0.1041,0.0803,0.0015,20.00,0.500,0.744,0.631,0.063,23.61,0.01,0.7823,0.7675,-0.0150,20.00,0.500,-0.509,-0.631,-0.037,23.54,0.00,1.3850,1.3418,-0.0030,20.00,0.500,1.379,1.357,0.099,23.38,0.04
3.9400,0.1175,0.0987,0.0135,20.00,0.500,-0.582,-0.439,-0.058,23.67,0.00,0.7141,0.6937,-0.0494,20.00,0.500,0.644,0.309,0.118,23.60,-0.00,1.3708,1.3025,0.0404,20.00,0.500,-2.261,-2.154,-0.213,23.47,0.11,0.0716,0.0582,-0.0060,20.00,0.500,-0.480,-0.499,-0.025,23.77,0.01,1.0833,1.0593,-0.0015,20.00,0.500,-0.827,-1.074,-0.071,23.68,0.01,1.0874,1.0389,-0.0270,20.00,0.500,1.526,1.805,0.135,23.54,0.06,0.0999,0.0806,-0.0135,20.00,0.500,-0.659,-0.676,-0.052,23.68,0.01,0.7780,0.7482,0.0000,20.00,0.500,0.951,0.910,0.067,23.58,0.02,1.2616,1.2330,0.0015,20.00,0.500,-0.972,-0.968,-0.064,23.41,0.03,0.1041,0.0803,0.0030,20.00,0.500,0.744,0.631,0.063,23.61,0.01,0.7823,0.7675,0.0075,20.00,0.500,-0.509,-0.631,-0.037,23.54,0.00,1.3850,1.3418,0.0105,20.00,0.500,1.379,1.357,0.099,23.38,0.04
3.9500,0.1175,0.0985,-0.0060,20.00,0.500,-0.582,-0.439,-0.058,23.67,0.00,0.7141,0.6941,0.0404,20.00,0.500,0.644,0.309,0.118,23.60,-0.00,1.3708,1.3022,-0.0255,20.00,0.500,-2.261,-2.154,-0.213,23.47,0.11,0.0716,0.0582,0.0045,20.00,0.500,-0.480,-0.499,-0.025,23.77,0.01,1.0833,1.0593,0.0030,20.00,0.500,-0.827,-1.074,-0.071,23.68,0.01,1.0874,1.0389,0.0135,20.00,0.500,1.526,1.805,0.135,23.54,0.06,0.0999,0.0806,-0.0015,20.00,0.500,-0.659,-0.676,-0.052,23.68,0.01,0.7780,0.7484,0.0180,20.00,0.500,0.951,0.910,0.067,23.58,0.02,1.2616,1.2330,-0.0060,20.00,0.500,-0.972,-0.968,-0.064,23.41,0.03,0.1041,0.0803,0.0090,20.00,0.500,0.744,0.631,0.063,23.61,0.01,0.7823,0.7675,-0.0075,20.00,0.500,-0.509,-0.631,-0.037,23.54,0.00,1.3850,1.3417,-0.0210,20.00,0.500,1.379,1.357,0.099,23.38,0.04
3.9600,0.1175,0.0985,-0.0135,20.00,0.500,-0.578,-0.531,-0.057,23.68,0.01,0.7141,0.6938,0.0030,20.00,0.500,0.654,0.560,0.048,23.59,0.01,1.3708,1.3023,-0.0090,20.00,0.500,-2.274,-1.509,-0.121,23.47,0.08,0.0716,0.0582,-0.0105,20.00,0.500,-0.478,-0.536,-0.032,23.77,0.01,1.0833,1.0593,0.0090,20.00,0.500,-0.815,-0.619,-0.000,23.67,0.02,1.0874,1.0389,-0.0030,20.00,0.500,1.540,1.537,0.121,23.53,0.05,0.0999,0.0804,-0.0300,20.00,0.500,-0.690,-0.683,-0.052,23.68,0.01,0.7780,0.7483,-0.0060,20.00,0.500,0.941,1.353,0.062,23.58,0.02,1.2616,1.2330,-0.0000,20.00,0.500,-0.968,-1.175,-0.099,23.40,0.03,0.1041,0.0802,-0.0015,20.00,0.500,0.737,0.663,0.069,23.62,0.01,0.7823,0.7676,0.0105,20.00,0.500,-0.532,-0.596,-0.006,23.55,0.00,1.3850,1.3416,-0.0315,20.00,0.500,1.398,1.262,0.111,23.38,0.04
3.9700,0.1175,0.0985,-0.0135,20.00,0.500,-0.578,-0.531,-0.057,23.68,0.01,0.7141,0.6938,-0.0075,20.00,0.500,0.654,0.560,0.048,23.59,0.01,1.3708,1.3030,0.1139,20.00,0.500,-2.274,-1.509,-0.121,23.47,0.08,0.0716,0.0582,-0.0015,20.00,0.500,-0.478,-0.536,-0.032,23.77,0.01,1.0833,1.0593,-0.0015,20.00,0.500,-0.815,-0.619,-0.000,23.67,0.02,1.0874,1.0391,0.0210,20.00,0.500,1.540,1.537,0.121,23.53,0.05,0.0999,0.0805,0.0015,20.00,0.500,-0.690,-0.683,-0.052,23.68,0.01,0.7780,0.7484,0.0105,20.00,0.500,0.941,1.353,0.062,23.58,0.02,1.2616,1.2330,-0.0030,20.00,0.500,-0.968,-1.175,-0.099,23.40,0.03,0.1041,0.0801,-0.0150,20.00,0.500,0.737,0.663,0.069,23.62,0.01,0.7823,0.7676,0.0045,20.00,0.500,-0.532,-0.596,-0.006,23.55,0.00,1.3850,1.3417,-0.0060,20.00,0.500,1.398,1.262,0.111,23.38,0.04
3.9800,0.1175,0.0986,0.0090,20.00,0.500,-0.578,-0.531,-0.057,23.68,0.01,0.7141,0.6941,0.0300,20.00,0.500,0.654,0.560,0.048,23.59,0.01,1.3708,1.3026,-0.0569,20.00,0.500,-2.274,-1.509,-0.121,23.47,0.08,0.0716,0.0582,-0.0015,20.00,0.500,-0.478,-0.536,-0.032,23.77,0.01,1.0833,1.0594,0.0105,20.00,0.500,-0.815,-0.619,-0.000,23.67,0.02,1.0874,1.0389,0.0195,20.00,0.500,1.540,1.537,0.121,23.53,0.05,0.0999,0.0805,-0.0000,20.00,0.500,-0.690,-0.683,-0.052,23.68,0.01,0.7780,0.7483,0.0045,20.00,0.500,0.941,1.353,0.062,23.58,0.02,1.2616,1.2331,0.0060,20.00,0.500,-0.968,-1.175,-0.099,23.40,0.03,0.1041,0.0803,0.0105,20.00,0.500,0.737,0.663,0.069,23.62,0.01,0.7823,0.7677,0.0045,20.00,0.500,-0.532,-0.596,-0.006,23.55,0.00,1.3850,1.3417,-0.0060,20.00,0.500,1.398,1.262,0.111,23.38,0.04
3.9900,0.1175,0.0986,0.0135,20.00,0.500,-0.578,-0.531,-0.057,23.68,0.01,0.7141,0.6940,-0.0150,20.00,0.500,0.654,0.560,0.048,23.59,0.01,1.3708,1.3026,0.0300,20.00,0.500,-2.274,-1.509,-0.121,23.47,0.08,0.0716,0.0583,0.0060,20.00,0.500,-0.478,-0.536,-0.032,23.77,0.01,1.0833,1.0594,0.0045,20.00,0.500,-0.815,-0.619,-0.000,23.67,0.02,1.0874,1.0390,-0.0240,20.00,0.500,1.540,1.537,0.121,23.53,0.05,0.0999,0.0804,0.0015,20.00,0.500,-0.690,-0.683,-0.052,23.68,0.01,0.7780,0.7483,-0.0015,20.00,0.500,0.941,1.353,0.062,23.58,0.02,1.2616,1.2331,0.0075,20.00,0.500,-0.968,-1.175,-0.099,23.40,0.03,0.1041,0.0802,-0.0135,20.00,0.500,0.737,0.663,0.069,23.62,0.01,0.7823,0.7678,0.0105,20.00,0.500,-0.532,-0.596,-0.006,23.55,0.00,1.3850,1.3417,-0.0030,20.00,0.500,1.398,1.262,0.111,23.38,0.04
4.0000,0.1175,0.0986,0.0135,20.00,0.500,-0.578,-0.531,-0.057,23.68,0.01,0.7141,0.6940,-0.0045,20.00,0.500,0.654,0.560,0.048,23.59,0.01,1.3708,1.3031,0.0419,20.00,0.500,-2.274,-1.509,-0.121,23.47,0.08,0.0716,0.0583,0.0075,20.00,0.500,-0.478,-0.536,-0.032,23.77,0.01,1.0833,1.0594,-0.0015,20.00,0.500,-0.815,-0.619,-0.000,23.67,0.02,1.0874,1.0392,0.0030,20.00,0.500,1.540,1.537,0.121,23.53,0.05,0.0999,0.0804,-0.0030,20.00,0.500,-0.690,-0.683,-0.052,23.68,0.01,0.7780,0.7483,-0.0060,20.00,0.500,0.941,1.353,0.062,23.58,0.02,1.2616,1.2330,-0.0030,20.00,0.500,-0.968,-1.175,-0.099,23.40,0.03,0.1041,0.0802,0.0030,20.00,0.500,0.737,0.663,0.069,23.62,0.01,0.7823,0.7678,0.0090,20.00,0.500,-0.532,-0.596,-0.006,23.55,0.00,1.3850,1.3417,-0.0045,20.00,0.500,1.398,1.262,0.111,23.38,0.04
4.0100,0.1175,0.0985,-0.0015,20.00,0.500,-0.563,-0.355,-0.063,23.68,0.01,0.7141,0.6944,0.0524,20.00,0.500,0.594,0.138,-0.001,23.60,0.02,1.3708,1.3028,-0.0434,20.00,0.500,-2.252,-1.382,-0.152,23.47,0.11,0.0716,0.0582,-0.0000,20.00,0.500,-0.479,-0.535,-0.038,23.77,-0.00,1.0833,1.0594,-0.0000,20.00,0.500,-0.826,-0.871,-0.066,23.68,0.02,1.0874,1.0391,0.0030,20.00,0.500,1.526,1.058,0.122,23.54,0.07,0.0999,0.0805,0.0060,20.00,0.500,-0.677,-0.708,-0.051,23.68,0.01,0.7780,0.7483,-0.0015,20.00,0.500,0.939,0.937,0.050,23.57,0.02,1.2616,1.2331,0.0165,20.00,0.500,-0.957,-0.942,-0.096,23.41,0.02,0.1041,0.0802,-0.0015,20.00,0.500,0.743,0.639,0.071,23.61,0.01,0.7823,0.7677,-0.0135,20.00,0.500,-0.512,-0.467,-0.021,23.56,0.00,1.3850,1.3417,-0.0045,20.00,0.500,1.357,1.226,0.124,23.38,0.04
4.0200,0.1175,0.0985,-0.0015,20.00,0.500,-0.563,-0.355,-0.063,23.68,0.01,0.7141,0.6946,0.0075,20.00,0.500,0.594,0.138,-0.001,23.60,0.02,1.3708,1.3027,0.0419,20.00,0.500,-2.252,-1.382,-0.152,23.47,0.11,0.0716,0.0582,-0.0000,20.00,0.500,-0.479,-0.535,-0.038,23.77,-0.00,1.0833,1.0594,-0.0090,20.00,0.500,-0.826,-0.871,-0.066,23.68,0.02,1.0874,1.0391,-0.0135,20.00,0.500,1.526,1.058,0.122,23.54,0.07,0.0999,0.0805,0.0030,20.00,0.500,-0.677,-0.708,-0.051,23.68,0.01,0.7780,0.7483,-0.0030,20.00,0.500,0.939,0.937,0.050,23.57,0.02,1.2616,1.2331,-0.0000,20.00,0.500,-0.957,-0.942,-0.096,23.41,0.02,0.1041,0.0802,-0.0075,20.00,0.500,0.743,0.639,0.071,23.61,0.01,0.7823,0.7677,-0.0045,20.00,0.500,-0.512,-0.467,-0.021,23.56,0.00,1.3850,1.3418,-0.0015,20.00,0.500,1.357,1.226,0.124,23.38,0.04
4.0300,0.1175,0.0986,0.0090,20.00,0.500,-0.563,-0.355,-0.063,23.68,0.01,0.7141,0.6947,0.0240,20.00,0.500,0.594,0.138,-0.001,23.60,0.02,1.3708,1.3030,-0.0195,20.00,0.500,-2.252,-1.382,-0.152,23.47,0.11,0.0716,0.0582,-0.0000,20.00,0.500,-0.479,-0.535,-0.038,23.77,-0.00,1.0833,1.0594,-0.0075,20.00,0.500,-0.826,-0.871,-0.066,23.68,0.02,1.0874,1.0391,-0.0075,20.00,0.500,1.526,1.058,0.122,23.54,0.07,0.0999,0.0805,0.0045,20.00,0.500,-0.677,-0.708,-0.051,23.68,0.01,0.7780,0.7482,-0.0030,20.00,0.500,0.939,0.937,0.050,23.57,0.02,1.2616,1.2331,-0.0030,20.00,0.500,-0.957,-0.942,-0.096,23.41,0.02,0.1041,0.0802,0.0015,20.00,0.500,0.743,0.639,0.071,23.61,0.01,0.7823,0.7678,0.0075,20.00,0.500,-0.512,-0.467,-0.021,23.56,0.00,1.3850,1.3419,0.0270,20.00,0.500,1.357,1.226,0.124,23.38,0.04
4.0400,0.1175,0.0985,-0.0015,20.00,0.500,-0.563,-0.355,-0.063,23.68,0.01,0.7141,0.6949,0.0210,20.00,0.500,0.594,0.138,-0.001,23.60,0.02,1.3708,1.3032,0.0270,20.00,0.500,-2.252,-1.382,-0.152,23.47,0.11,0.0716,0.0583,-0.0045,20.00,0.500,-0.479,-0.535,-0.038,23.77,-0.00,1.0833,1.0594,-0.0075,20.00,0.500,-0.826,-0.871,-0.066,23.68,0.02,1.0874,1.0391,-0.0105,20.00,0.500,1.526,1.058,0.122,23.54,0.07,0.0999,0.0806,0.0030,20.00,0.500,-0.677,-0.708,-0.051,23.68,0.01,0.7780,0.7482,-0.0060,20.00,0.500,0.939,0.937,0.050,23.57,0.02,1.2616,1.2330,-0.0045,20.00,0.500,-0.957,-0.942,-0.096,23.41,0.02,0.1041,0.0803,0.0105,20.00,0.500,0.743,0.639,0.071,23.61,0.01,0.7823,0.7677,0.0060,20.00,0.500,-0.512,-0.467,-0.021,23.56,0.00,1.3850,1.3418,0.0180,20.00,0.500,1.357,1.226,0.124,23.38,0.04
4.0500,0.1175,0.0984,-0.0255,20.00,0.500,-0.563,-0.355,-0.063,23.68,0.01,0.7141,0.6950,0.0315,20.00,0.500,0.594,0.138,-0.001,23.60,0.02,1.3708,1.3029,-0.0090,20.00,0.500,-2.252,-1.382,-0.152,23.47,0.11,0.0716,0.0582,-0.0015,20.00,0.500,-0.479,-0.535,-0.038,23.77,-0.00,1.0833,1.0594,0.0030,20.00,0.500,-0.826,-0.871,-0.066,23.68,0.02,1.0874,1.0392,0.0240,20.00,0.500,1.526,1.058,0.122,23.54,0.07,0.0999,0.0805,-0.0045,20.00,0.500,-0.677,-0.708,-0.051,23.68,0.01,0.7780,0.7483,0.0045,20.00,0.500,0.939,0.937,0.050,23.57,0.02,1.2616,1.2330,-0.0060,20.00,0.500,-0.957,-0.942,-0.096,23.41,0.02,0.1041,0.0802,-0.0135,20.00,0.500,0.743,0.639,0.071,23.61,0.01,0.7823,0.7676,-0.0195,20.00,0.500,-0.512,-0.467,-0.021,23.56,0.00,1.3850,1.3417,-0.0060,20.00,0.500,1.357,1.226,0.124,23.38,0.04
4.0600,0.1175,0.0987,0.0135,20.00,0.500,-0.601,-0.355,-0.030,23.68,0.01,0.7141,0.6948,-0.0105,20.00,0.500,0.598,0.371,0.094,23.60,0.01,1.3708,1.3030,-0.0015,20.00,0.500,-2.268,-2.709,-0.191,23.47,0.07,0.0716,0.0583,0.0015,20.00,0.500,-0.480,-0.496,-0.030,23.77,0.01,1.0833,1.0594,0.0015,20.00,0.500,-0.823,-0.755,-0.061,23.68,0.02,1.0874,1.0393,0.0135,20.00,0.500,1.535,1.369,0.119,23.54,0.07,0.0999,0.0806,-0.0015,20.00,0.500,-0.671,-0.703,-0.050,23.68,0.01,0.7780,0.7482,0.0090,20.00,0.500,0.935,1.034,0.090,23.57,0.02,1.2616,1.2332,0.0135,20.00,0.500,-0.951,-0.977,-0.058,23.41,0.02,0.1041,0.0803,-0.0015,20.00,0.500,0.739,0.671,0.050,23.62,0.02,0.7823,0.7677,0.0075,20.00,0.500,-0.514,-0.576,-0.045,23.54,0.00,1.3850,1.3417,-0.0195,20.00,0.500,1.388,1.447,0.104,23.38,0.05
4.0700,0.1175,0.0986,0.0105,20.00,0.500,-0.601,-0.355,-0.030,23.68,0.01,0.7141,0.6948,-0.0105,20.00,0.500,0.598,0.371,0.094,23.60,0.01,1.3708,1.3030,-0.0015,20.00,0.500,-2.268,-2.709,-0.191,23.47,0.07,0.0716,0.0582,-0.0030,20.00,0.500,-0.480,-0.496,-0.030,23.77,0.01,1.0833,1.0594,0.0015,20.00,0.500,-0.823,-0.755,-0.061,23.68,0.02,1.0874,1.0393,0.0135,20.00,0.500,1.535,1.369,0.119,23.54,0.07,0.0999,0.0806,0.0015,20.00,0.500,-0.671,-0.703,-0.050,23.68,0.01,0.7780,0.7483,0.0150,20.00,0.500,0.935,1.034,0.090,23.57,0.02,1.2616,1.2331,-0.0075,20.00,0.500,-0.951,-0.977,-0.058,23.41,0.02,0.1041,0.0803,-0.0015,20.00,0.500,0.739,0.671,0.050,23.62,0.02,0.7823,0.7677,-0.0015,20.00,0.500,-0.514,-0.576,-0.045,23.54,0.00,1.3850,1.3417,-0.0090,20.00,0.500,1.388,1.447,0.104,23.38,0.05
4.0800,0.1175,0.0986,0.0105,20.00,0.500,-0.601,-0.355,-0.030,23.68,0.01,0.7141,0.6952,0.0524,20.00,0.500,0.598,0.371,0.094,23.60,0.01,1.3708,1.3039,0.0839,20.00,0.500,-2.268,-2.709,-0.191,23.47,0.07,0.0716,0.0582,-0.0030,20.00,0.500,-0.480,-0.496,-0.030,23.77,0.01,1.0833,1.0594,-0.0000,20.00,0.500,-0.823,-0.755,-0.061,23.68,0.02,1.0874,1.0391,0.0000,20.00,0.500,1.535,1.369,0.119,23.54,0.07,0.0999,0.0806,0.0090,20.00,0.500,-0.671,-0.703,-0.050,23.68,0.01,0.7780,0.7483,0.0120,20.00,0.500,0.935,1.034,0.090,23.57,0.02,1.2616,1.2330,0.0015,20.00,0.500,-0.951,-0.977,-0.058,23.41,0.02,0.1041,0.0803,0.0045,20.00,0.500,0.739,0.671,0.050,23.62,0.02,0.7823,0.7676,-0.0045,20.00,0.500,-0.514,-0.576,-0.045,23.54,0.00,1.3850,1.3417,-0.0090,20.00,0.500,1.388,1.447,0.104,23.38,0.05
4.0900,0.1175,0.0984,-0.0165,20.00,0.500,-0.601,-0.355,-0.030,23.68,0.01,0.7141,0.6950,-0.0360,20.00,0.500,0.598,0.371,0.094,23.60,0.01,1.3708,1.3038,0.0360,20.00,0.500,-2.268,-2.709,-0.191,23.47,0.07,0.0716,0.0582,-0.0015,20.00,0.500,-0.480,-0.496,-0.030,23.77,0.01,1.0833,1.0594,0.0105,20.00,0.500,-0.823,-0.755,-0.061,23.68,0.02,1.0874,1.0391,-0.0300,20.00,0.500,1.535,1.369,0.119,23.54,0.07,0.0999,0.0804,-0.0165,20.00,0.500,-0.671,-0.703,-0.050,23.68,0.01,0.7780,0.7483,0.0090,20.00,0.500,0.935,1.034,0.090,23.57,0.02,1.2616,1.2331,0.0015,20.00,0.500,-0.951,-0.977,-0.058,23.41,0.02,0.1041,0.0803,-0.0060,20.00,0.500,0.739,0.671,0.050,23.62,0.02,0.7823,0.7676,-0.0000,20.00,0.500,-0.514,-0.576,-0.045,23.54,0.00,1.3850,1.3418,0.0105,20.00,0.500,1.388,1.447,0.104,23.38,0.05
4.1000,0.1175,0.0985,0.0045,20.00,0.500,-0.601,-0.355,-0.030,23.68,0.01,0.7141,0.6951,-0.0030,20.00,0.500,0.598,0.371,0.094,23.60,0.01,1.3708,1.3034,-0.0824,20.00,0.500,-2.268,-2.709,-0.191,23.47,0.07,0.0716,0.0582,-0.0015,20.00,0.500,-0.480,-0.496,-0.030,23.77,0.01,1.0833,1.0594,-0.0105,20.00,0.500,-0.823,-0.755,-0.061,23.68,0.02,1.0874,1.0392,0.0090,20.00,0.500,1.535,1.369,0.119,23.54,0.07,0.0999,0.0805,0.0075,20.00,0.500,-0.671,-0.703,-0.050,23.68,0.01,0.7780,0.7483,0.0045,20.00,0.500,0.935,1.034,0.090,23.57,0.02,1.2616,1.2332,0.0135,20.00,0.500,-0.951,-0.977,-0.058,23.41,0.02,0.1041,0.0804,0.0030,20.00,0.500,0.739,0.671,0.050,23.62,0.02,0.7823,0.7677,0.0060,20.00,0.500,-0.514,-0.576,-0.045,23.54,0.00,1.3850,1.3417,-0.0075,20.00,0.500,1.388,1.447,0.104,23.38,0.05
4.1100,0.1175,0.0985,0.0060,20.00,0.500,-0.577,-0.507,-0.071,23.69,0.01,0.7141,0.6951,0.0030,20.00,0.500,0.582,-0.193,0.029,23.60,0.02,1.3708,1.3050,0.0494,20.00,0.500,-2.105,-2.259,-0.176,23.47,0.09,0.0716,0.0583,0.0060,20.00,0.500,-0.477,-0.637,-0.011,23.76,0.01,1.0833,1.0594,-0.0000,20.00,0.500,-0.823,-0.632,-0.052,23.68,0.02,1.0874,1.0391,-0.0240,20.00,0.500,1.525,1.466,0.139,23.52,0.06,0.0999,0.0805,-0.0045,20.00,0.500,-0.678,-0.619,-0.052,23.68,0.01,0.7780,0.7483,0.0060,20.00,0.500,0.932,0.867,0.078,23.58,0.02,1.2616,1.2331,-0.0045,20.00,0.500,-0.971,-1.226,-0.065,23.40,0.02,0.1041,0.0804,-0.0060,20.00,0.500,0.740,0.572,0.065,23.61,0.01,0.7823,0.7677,0.0045,20.00,0.500,-0.514,-0.436,-0.062,23.55,0.00,1.3850,1.3417,-0.0195,20.00,0.500,1.394,1.561,0.106,23.38,0.04
4.1200,0.1175,0.0985,0.0060,20.00,0.500,-0.577,-0.507,-0.071,23.69,0.01,0.7141,0.6961,0.1019,20.00,0.500,0.582,-0.193,0.029,23.60,0.02,1.3708,1.3050,0.0494,20.00,0.500,-2.105,-2.259,-0.176,23.47,0.09,0.0716,0.0583,0.0060,20.00,0.500,-0.477,-0.637,-0.011,23.76,0.01,1.0833,1.0594,-0.0000,20.00,0.500,-0.823,-0.632,-0.052,23.68,0.02,1.0874,1.0391,-0.0240,20.00,0.500,1.525,1.466,0.139,23.52,0.06,0.0999,0.0805,-0.0030,20.00,0.500,-0.678,-0.619,-0.052,23.68,0.01,0.7780,0.7483,-0.0030,20.00,0.500,0.932,0.867,0.078,23.58,0.02,1.2616,1.2331,-0.0090,20.00,0.500,-0.971,-1.226,-0.065,23.40,0.02,0.1041,0.0804,-0.0030,20.00,0.500,0.740,0.572,0.065,23.61,0.01,0.7823,0.7677,0.0015,20.00,0.500,-0.514,-0.436,-0.062,23.55,0.00,1.3850,1.3417,-0.0195,20.00,0.500,1.394,1.561,0.106,23.38,0.04
4.1300,0.1175,0.0984,0.0015,20.00,0.500,-0.577,-0.507,-0.071,23.69,0.01,0.7141,0.6959,-0.0255,20.00,0.500,0.582,-0.193,0.029,23.60,0.02,1.3708,1.3053,0.0419,20.00,0.500,-2.105,-2.259,-0.176,23.47,0.09,0.0716,0.0582,-0.0045,20.00,0.500,-0.477,-0.637,-0.011,23.76,0.01,1.0833,1.0595,0.0030,20.00,0.500,-0.823,-0.632,-0.052,23.68,0.02,1.0874,1.0394,0.0120,20.00,0.500,1.525,1.466,0.139,23.52,0.06,0.0999,0.0805,-0.0030,20.00,0.500,-0.678,-0.619,-0.052,23.68,0.01,0.7780,0.7483,0.0045,20.00,0.500,0.932,0.867,0.078,23.58,0.02,1.2616,1.2331,0.0105,20.00,0.500,-0.971,-1.226,-0.065,23.40,0.02,0.1041,0.0804,0.0000,20.00,0.500,0.740,0.572,0.065,23.61,0.01,0.7823,0.7678,0.0045,20.00,0.500,-0.514,-0.436,-0.062,23.55,0.00,1.3850,1.3417,-0.0015,20.00,0.500,1.394,1.561,0.106,23.38,0.04
4.1400,0.1175,0.0985,-0.0045,20.00,0.500,-0.577,-0.507,-0.071,23.69,0.01,0.7141,0.6966,0.0824,20.00,0.500,0.582,-0.193,0.029,23.60,0.02,1.3708,1.3055,0.0315,20.00,0.500,-2.105,-2.259,-0.176,23.47,0.09,0.0716,0.0583,-0.0015,20.00,0.500,-0.477,-0.637,-0.011,23.76,0.01,1.0833,1.0595,0.0045,20.00,0.500,-0.823,-0.632,-0.052,23.68,0.02,1.0874,1.0390,-0.0120,20.00,0.500,1.525,1.466,0.139,23.52,0.06,0.0999,0.0805,0.0015,20.00,0.500,-0.678,-0.619,-0.052,23.68,0.01,0.7780,0.7482,-0.0105,20.00,0.500,0.932,0.867,0.078,23.58,0.02,1.2616,1.2331,-0.0045,20.00,0.500,-0.971,-1.226,-0.065,23.40,0.02,0.1041,0.0803,-0.0105,20.00,0.500,0.740,0.572,0.065,23.61,0.01,0.7823,0.7679,0.0150,20.00,0.500,-0.514,-0.436,-0.062,23.55,0.00,1.3850,1.3417,-0.0045,20.00,0.500,1.394,1.561,0.106,23.38,0.04
4.1500,0.1175,0.0984,-0.0150,20.00,0.500,-0.577,-0.507,-0.071,23.69,0.01,0.7141,0.6965,-0.0240,20.00,0.500,0.582,-0.193,0.029,23.60,0.02,1.3708,1.3069,0.1423,20.00,0.500,-2.105,-2.259,-0.176,23.47,0.09,0.0716,0.0583,0.0090,20.00,0.500,-0.477,-0.637,-0.011,23.76,0.01,1.0833,1.0595,0.0090,20.00,0.500,-0.823,-0.632,-0.052,23.68,0.02,1.0874,1.0394,0.0345,20.00,0.500,1.525,1.466,0.139,23.52,0.06,0.0999,0.0805,-0.0045,20.00,0.500,-0.678,-0.619,-0.052,23.68,0.01,0.7780,0.7484,0.0135,20.00,0.500,0.932,0.867,0.078,23.58,0.02,1.2616,1.2331,0.0030,20.00,0.500,-0.971,-1.226,-0.065,23.40,0.02,0.1041,0.0804,0.0060,20.00,0.500,0.740,0.572,0.065,23.61,0.01,0.7823,0.7680,0.0090,20.00,0.500,-0.514,-0.436,-0.062,23.55,0.00,1.3850,1.3418,-0.0015,20.00,0.500,1.394,1.561,0.106,23.38,0.04
4.1600,0.1175,0.0986,0.0105,20.00,0.500,-0.589,-0.639,-0.083,23.67,0.01,0.7141,0.6970,0.0225,20.00,0.500,0.499,1.182,0.025,23.58,0.01,1.3708,1.3072,-0.0015,20.00,0.500,-2.104,-1.793,-0.097,23.47,0.09,0.0716,0.0583,-0.0000,20.00,0.500,-0.478,-0.423,-0.060,23.77,0.00,1.0833,1.0598,0.0285,20.00,0.500,-0.796,-0.711,-0.026,23.67,0.02,1.0874,1.0392,0.0105,20.00,0.500,1.511,1.217,0.142,23.53,0.04,0.0999,0.0805,0.0015,20.00,0.500,-0.666,-0.698,-0.051,23.68,0.01,0.7780,0.7484,0.0165,20.00,0.500,0.933,1.109,0.079,23.58,0.02,1.2616,1.2330,-0.0015,20.00,0.500,-0.969,-0.764,-0.077,23.40,0.02,0.1041,0.0803,-0.0135,20.00,0.500,0.755,0.668,0.052,23.62,0.01,0.7823,0.7680,0.0030,20.00,0.500,-0.517,-0.502,-0.031,23.55,0.00,1.3850,1.3417,-0.0150,20.00,0.500,1.375,1.384,0.102,23.38,0.04
4.1700,0.1175,0.0986,0.0105,20.00,0.500,-0.589,-0.639,-0.083,23.67,0.01,0.7141,0.6971,0.0629,20.00,0.500,0.499,1.182,0.025,23.58,0.01,1.3708,1.3080,0.1288,20.00,0.500,-2.104,-1.793,-0.097,23.47,0.09,0.0716,0.0585,0.0225,20.00,0.500,-0.478,-0.423,-0.060,23.77,0.00,1.0833,1.0597,-0.0090,20.00,0.500,-0.796,-0.711,-0.026,23.67,0.02,1.0874,1.0391,-0.0120,20.00,0.500,1.511,1.217,0.142,23.53,0.04,0.0999,0.0805,-0.0045,20.00,0.500,-0.666,-0.698,-0.051,23.68,0.01,0.7780,0.7484,0.0015,20.00,0.500,0.933,1.109,0.079,23.58,0.02,1.2616,1.2330,-0.0030,20.00,0.500,-0.969,-0.764,-0.077,23.40,0.02,0.1041,0.0803,-0.0120,20.00,0.500,0.755,0.668,0.052,23.62,0.01,0.7823,0.7680,0.0030,20.00,0.500,-0.517,-0.502,-0.031,23.55,0.00,1.3850,1.3417,-0.0105,20.00,0.500,1.375,1.384,0.102,23.38,0.04
4.1800,0.1175,0.0983,-0.0135,20.00,0.500,-0.589,-0.639,-0.083,23.67,0.01,0.7141,0.6971,-0.0434,20.00,0.500,0.499,1.182,0.025,23.58,0.01,1.3708,1.3081,-0.0584,20.00,0.500,-2.104,-1.793,-0.097,23.47,0.09,0.0716,0.0587,0.0165,20.00,0.500,-0.478,-0.423,-0.060,23.77,0.00,1.0833,1.0599,0.0045,20.00,0.500,-0.796,-0.711,-0.026,23.67,0.02,1.0874,1.0390,-0.0524,20.00,0.500,1.511,1.217,0.142,23.53,0.04,0.0999,0.0805,-0.0075,20.00,0.500,-0.666,-0.698,-0.051,23.68,0.01,0.7780,0.7484,-0.0015,20.00,0.500,0.933,1.109,0.079,23.58,0.02,1.2616,1.2330,-0.0075,20.00,0.500,-0.969,-0.764,-0.077,23.40,0.02,0.1041,0.0804,0.0120,20.00,0.500,0.755,0.668,0.052,23.62,0.01,0.7823,0.7681,0.0030,20.00,0.500,-0.517,-0.502,-0.031,23.55,0.00,1.3850,1.3418,0.0000,20.00,0.500,1.375,1.384,0.102,23.38,0.04
4.1900,0.1175,0.0984,-0.0060,20.00,0.500,-0.589,-0.639,-0.083,23.67,0.01,0.7141,0.6974,0.0255,20.00,0.500,0.499,1.182,0.025,23.58,0.01,1.3708,1.3087,0.1004,20.00,0.500,-2.104,-1.793,-0.097,23.47,0.09,0.0716,0.0587,0.0060,20.00,0.500,-0.478,-0.423,-0.060,23.77,0.00,1.0833,1.0603,0.0330,20.00,0.500,-0.796,-0.711,-0.026,23.67,0.02,1.0874,1.0395,0.0360,20.00,0.500,1.511,1.217,0.142,23.53,0.04,0.0999,0.0805,0.0015,20.00,0.500,-0.666,-0.698,-0.051,23.68,0.01,0.7780,0.7485,0.0090,20.00,0.500,0.933,1.109,0.079,23.58,0.02,1.2616,1.2331,0.0120,20.00,0.500,-0.969,-0.764,-0.077,23.40,0.02,0.1041,0.0803,-0.0030,20.00,0.500,0.755,0.668,0.052,23.62,0.01,0.7823,0.7681,0.0015,20.00,0.500,-0.517,-0.502,-0.031,23.55,0.00,1.3850,1.3418,0.0060,20.00,0.500,1.375,1.384,0.102,23.38,0.04
4.2000,0.1175,0.0985,0.0105,20.00,0.500,-0.589,-0.639,-0.083,23.67,0.01,0.7141,0.6976,0.0419,20.00,0.500,0.499,1.182,0.025,23.58,0.01,1.3708,1.3093,-0.0150,20.00,0.500,-2.104,-1.793,-0.097,23.47,0.09,0.0716,0.0591,0.0225,20.00,0.500,-0.478,-0.423,-0.060,23.77,0.00,1.0833,1.0603,0.0135,20.00,0.500,-0.796,-0.711,-0.026,23.67,0.02,1.0874,1.0392,-0.0060,20.00,0.500,1.511,1.217,0.142,23.53,0.04,0.0999,0.0805,-0.0015,20.00,0.500,-0.666,-0.698,-0.051,23.68,0.01,0.7780,0.7484,-0.0045,20.00,0.500,0.933,1.109,0.079,23.58,0.02,1.2616,1.2331,-0.0045,20.00,0.500,-0.969,-0.764,-0.077,23.40,0.02,0.1041,0.0804,0.0225,20.00,0.500,0.755,0.668,0.052,23.62,0.01,0.7823,0.7681,-0.0000,20.00,0.500,-0.517,-0.502,-0.031,23.55,0.00,1.3850,1.3419,0.0285,20.00,0.500,1.375,1.384,0.102,23.38,0.04
4.2100,0.1175,0.0985,0.0075,20.00,0.500,-0.612,-0.415,-0.040,23.67,0.01,0.7141,0.6978,-0.0105,20.00,0.500,0.443,0.050,-0.026,23.59,0.01,1.3708,1.3094,0.0195,20.00,0.500,-2.052,-1.878,-0.252,23.47,0.08,0.0716,0.0591,0.0090,20.00,0.500,-0.443,-0.554,-0.045,23.78,0.00,1.0833,1.0605,0.0015,20.00,0.500,-0.785,-0.554,-0.045,23.68,0.02,1.0874,1.0394,0.0120,20.00,0.500,1.537,1.742,0.112,23.53,0.05,0.0999,0.0805,-0.0075,20.00,0.500,-0.665,-0.674,-0.051,23.68,0.01,0.7780,0.7484,-0.0075,20.00,0.500,0.934,0.919,0.059,23.57,0.02,1.2616,1.2331,0.0045,20.00,0.500,-0.963,-0.701,-0.067,23.40,0.03,0.1041,0.0803,-0.0090,20.00,0.500,0.746,0.688,0.070,23.61,0.01,0.7823,0.7682,-0.0045,20.00,0.500,-0.499,-0.798,-0.044,23.56,0.00,1.3850,1.3417,-0.0060,20.00,0.500,1.378,1.404,0.104,23.38,0.05
4.2200,0.1175,0.0985,0.0075,20.00,0.500,-0.612,-0.415,-0.040,23.67,0.01,0.7141,0.6978,-0.0105,20.00,0.500,0.443,0.050,-0.026,23.59,0.01,1.3708,1.3094,0.0195,20.00,0.500,-2.052,-1.878,-0.252,23.47,0.08,0.0716,0.0591,0.0090,20.00,0.500,-0.443,-0.554,-0.045,23.78,0.00,1.0833,1.0605,0.0015,20.00,0.500,-0.785,-0.554,-0.045,23.68,0.02,1.0874,1.0394,0.0120,20.00,0.500,1.537,1.742,0.112,23.53,0.05,0.0999,0.0805,-0.0030,20.00,0.500,-0.665,-0.674,-0.051,23.68,0.01,0.7780,0.7485,0.0090,20.00,0.500,0.934,0.919,0.059,23.57,0.02,1.2616,1.2330,-0.0060,20.00,0.500,-0.963,-0.701,-0.067,23.40,0.03,0.1041,0.0803,-0.0015,20.00,0.500,0.746,0.688,0.070,23.61,0.01,0.7823,0.7682,0.0045,20.00,0.500,-0.499,-0.798,-0.044,23.56,0.00,1.3850,1.3417,-0.0060,20.00,0.500,1.378,1.404,0.104,23.38,0.05
4.2300,0.1175,0.0984,-0.0030,20.00,0.500,-0.612,-0.415,-0.040,23.67,0.01,0.7141,0.6982,0.0494,20.00,0.500,0.443,0.050,-0.026,23.59,0.01,1.3708,1.3098,0.0854,20.00,0.500,-2.052,-1.878,-0.252,23.47,0.08,0.0716,0.0596,-0.0060,20.00,0.500,-0.443,-0.554,-0.045,23.78,0.00,1.0833,1.0607,0.0270,20.00,0.500,-0.785,-0.554,-0.045,23.68,0.02,1.0874,1.0394,0.0300,20.00,0.500,1.537,1.742,0.112,23.53,0.05,0.0999,0.0805,0.0060,20.00,0.500,-0.665,-0.674,-0.051,23.68,0.01,0.7780,0.7484,0.0015,20.00,0.500,0.934,0.919,0.059,23.57,0.02,1.2616,1.2330,-0.0045,20.00,0.500,-0.963,-0.701,-0.067,23.40,0.03,0.1041,0.0803,-0.0030,20.00,0.500,0.746,0.688,0.070,23.61,0.01,0.7823,0.7682,-0.0000,20.00,0.500,-0.499,-0.798,-0.044,23.56,0.00,1.3850,1.3417,-0.0180,20.00,0.500,1.378,1.404,0.104,23.38,0.05
4.2400,0.1175,0.0983,-0.0210,20.00,0.500,-0.612,-0.415,-0.040,23.67,0.01,0.7141,0.6981,-0.0045,20.00,0.500,0.443,0.050,-0.026,23.59,0.01,1.3708,1.3105,0.0434,20.00,0.500,-2.052,-1.878,-0.252,23.47,0.08,0.0716,0.0598,0.0150,20.00,0.500,-0.443,-0.554,-0.045,23.78,0.00,1.0833,1.0606,-0.0180,20.00,0.500,-0.785,-0.554,-0.045,23.68,0.02,1.0874,1.0392,-0.0045,20.00,0.500,1.537,1.742,0.112,23.53,0.05,0.0999,0.0805,-0.0060,20.00,0.500,-0.665,-0.674,-0.051,23.68,0.01,0.7780,0.7484,-0.0045,20.00,0.500,0.934,0.919,0.059,23.57,0.02,1.2616,1.2331,0.0030,20.00,0.500,-0.963,-0.701,-0.067,23.40,0.03,0.1041,0.0803,-0.0075,20.00,0.500,0.746,0.688,0.070,23.61,0.01,0.7823,0.7682,0.0165,20.00,0.500,-0.499,-0.798,-0.044,23.56,0.00,1.3850,1.3419,0.0090,20.00,0.500,1.378,1.404,0.104,23.38,0.05
4.2500,0.1175,0.0983,-0.0060,20.00,0.500,-0.612,-0.415,-0.040,23.67,0.01,0.7141,0.6981,-0.0165,20.00,0.500,0.443,0.050,-0.026,23.59,0.01,1.3708,1.3106,-0.0090,20.00,0.500,-2.052,-1.878,-0.252,23.47,0.08,0.0716,0.0600,0.0150,20.00,0.500,-0.443,-0.554,-0.045,23.78,0.00,1.0833,1.0606,-0.0135,20.00,0.500,-0.785,-0.554,-0.045,23.68,0.02,1.0874,1.0393,-0.0060,20.00,0.500,1.537,1.742,0.112,23.53,0.05,0.0999,0.0806,0.0120,20.00,0.500,-0.665,-0.674,-0.051,23.68,0.01,0.7780,0.7484,0.0000,20.00,0.500,0.934,0.919,0.059,23.57,0.02,1.2616,1.2330,-0.0060,20.00,0.500,-0.963,-0.701,-0.067,23.40,0.03,0.1041,0.0803,-0.0015,20.00,0.500,0.746,0.688,0.070,23.61,0.01,0.7823,0.7682,-0.0015,20.00,0.500,-0.499,-0.798,-0.044,23.56,0.00,1.3850,1.3418,0.0090,20.00,0.500,1.378,1.404,0.104,23.38,0.05
4.2600,0.1175,0.0983,-0.0120,20.00,0.500,-0.579,-0.623,-0.065,23.67,0.01,0.7141,0.6981,0.0240,20.00,0.500,0.487,0.051,0.068,23.59,0.01,1.3708,1.3107,-0.0180,20.00,0.500,-1.973,-1.544,-0.130,23.47,0.12,0.0716,0.0601,-0.0045,20.00,0.500,-0.394,-0.487,-0.046,23.78,0.00,1.0833,1.0606,-0.0000,20.00,0.500,-0.787,-0.874,-0.074,23.67,0.02,1.0874,1.0392,-0.0120,20.00,0.500,1.535,1.820,0.173,23.53,0.05,0.0999,0.0805,0.0030,20.00,0.500,-0.671,-0.653,-0.052,23.68,0.01,0.7780,0.7484,-0.0015,20.00,0.500,0.938,1.074,0.070,23.57,0.02,1.2616,1.2331,-0.0015,20.00,0.500,-0.971,-1.103,-0.074,23.40,0.03,0.1041,0.0804,0.0120,20.00,0.500,0.734,0.714,0.048,23.60,0.01,0.7823,0.7682,0.0075,20.00,0.500,-0.491,-0.646,-0.052,23.55,0.00,1.3850,1.3418,-0.0045,20.00,0.500,1.377,1.479,0.101,23.39,0.05
4.2700,0.1175,0.0983,-0.0120,20.00,0.500,-0.579,-0.623,-0.065,23.67,0.01,0.7141,0.6977,-0.0494,20.00,0.500,0.487,0.051,0.068,23.59,0.01,1.3708,1.3107,-0.0180,20.00,0.500,-1.973,-1.544,-0.130,23.47,0.12,0.0716,0.0601,-0.0045,20.00,0.500,-0.394,-0.487,-0.046,23.78,0.00,1.0833,1.0606,-0.0000,20.00,0.500,-0.787,-0.874,-0.074,23.67,0.02,1.0874,1.0392,-0.0120,20.00,0.500,1.535,1.820,0.173,23.53,0.05,0.0999,0.0805,-0.0015,20.00,0.500,-0.671,-0.653,-0.052,23.68,0.01,0.7780,0.7484,-0.0075,20.00,0.500,0.938,1.074,0.070,23.57,0.02,1.2616,1.2331,-0.0030,20.00,0.500,-0.971,-1.103,-0.074,23.40,0.03,0.1041,0.0803,-0.0045,20.00,0.500,0.734,0.714,0.048,23.60,0.01,0.7823,0.7682,-0.0000,20.00,0.500,-0.491,-0.646,-0.052,23.55,0.00,1.3850,1.3418,-0.0045,20.00,0.500,1.377,1.479,0.101,23.39,0.05
4.2800,0.1175,0.0983,-0.0015,20.00,0.500,-0.579,-0.623,-0.065,23.67,0.01,0.7141,0.6983,0.0554,20.00,0.500,0.487,0.051,0.068,23.59,0.01,1.3708,1.3108,0.0270,20.00,0.500,-1.973,-1.544,-0.130,23.47,0.12,0.0716,0.0602,0.0045,20.00,0.500,-0.394,-0.487,-0.046,23.78,0.00,1.0833,1.0606,-0.0120,20.00,0.500,-0.787,-0.874,-0.074,23.67,0.02,1.0874,1.0394,0.0240,20.00,0.500,1.535,1.820,0.173,23.53,0.05,0.0999,0.0805,-0.0000,20.00,0.500,-0.671,-0.653,-0.052,23.68,0.01,0.7780,0.7484,0.0000,20.00,0.500,0.938,1.074,0.070,23.57,0.02,1.2616,1.2331,-0.0000,20.00,0.500,-0.971,-1.103,-0.074,23.40,0.03,0.1041,0.0804,-0.0030,20.00,0.500,0.734,0.714,0.048,23.60,0.01,0.7823,0.7683,0.0120,20.00,0.500,-0.491,-0.646,-0.052,23.55,0.00,1.3850,1.3418,0.0090,20.00,0.500,1.377,1.479,0.101,23.39,0.05
4.2900,0.1175,0.0983,0.0105,20.00,0.500,-0.579,-0.623,-0.065,23.67,0.01,0.7141,0.6983,-0.0045,20.00,0.500,0.487,0.051,0.068,23.59,0.01,1.3708,1.3109,0.0404,20.00,0.500,-1.973,-1.544,-0.130,23.47,0.12,0.0716,0.0601,-0.0225,20.00,0.500,-0.394,-0.487,-0.046,23.78,0.00,1.0833,1.0606,-0.0090,20.00,0.500,-0.787,-0.874,-0.074,23.67,0.02,1.0874,1.0393,0.0000,20.00,0.500,1.535,1.820,0.173,23.53,0.05,0.0999,0.0804,-0.0180,20.00,0.500,-0.671,-0.653,-0.052,23.68,0.01,0.7780,0.7484,-0.0060,20.00,0.500,0.938,1.074,0.070,23.57,0.02,1.2616,1.2331,0.0030,20.00,0.500,-0.971,-1.103,-0.074,23.40,0.03,0.1041,0.0805,0.0090,20.00,0.500,0.734,0.714,0.048,23.60,0.01,0.7823,0.7682,-0.0060,20.00,0.500,-0.491,-0.646,-0.052,23.55,0.00,1.3850,1.3418,-0.0045,20.00,0.500,1.377,1.479,0.101,23.39,0.05
4.3000,0.1175,0.0983,-0.0015,20.00,0.500,-0.579,-0.623,-0.065,23.67,0.01,0.7141,0.6979,-0.0375,20.00,0.500,0.487,0.051,0.068,23.59,0.01,1.3708,1.3112,0.0240,20.00,0.500,-1.973,-1.544,-0.130,23.47,0.12,0.0716,0.0605,0.0300,20.00,0.500,-0.394,-0.487,-0.046,23.78,0.00,1.0833,1.0605,-0.0120,20.00,0.500,-0.787,-0.874,-0.074,23.67,0.02,1.0874,1.0394,0.0135,20.00,0.500,1.535,1.820,0.173,23.53,0.05,0.0999,0.0804,-0.0015,20.00,0.500,-0.671,-0.653,-0.052,23.68,0.01,0.7780,0.7483,-0.0090,20.00,0.500,0.938,1.074,0.070,23.57,0.02,1.2616,1.2331,0.0015,20.00,0.500,-0.971,-1.103,-0.074,23.40,0.03,0.1041,0.0806,0.0105,20.00,0.500,0.734,0.714,0.048,23.60,0.01,0.7823,0.7683,0.0105,20.00,0.500,-0.491,-0.646,-0.052,23.55,0.00,1.3850,1.3417,-0.0210,20.00,0.500,1.377,1.479,0.101,23.39,0.05
4.3100,0.1175,0.0983,0.0045,20.00,0.500,-0.587,-0.609,-0.045,23.68,0.01,0.7141,0.6985,0.0644,20.00,0.500,0.446,0.080,0.039,23.59,0.01,1.3708,1.3112,0.0704,20.00,0.500,-1.980,-2.296,-0.162,23.47,0.10,0.0716,0.0607,0.0090,20.00,0.500,-0.393,-0.418,-0.028,23.77,0.00,1.0833,1.0605,-0.0030,20.00,0.500,-0.774,-0.364,-0.026,23.68,0.02,1.0874,1.0393,-0.0015,20.00,0.500,1.527,1.679,0.112,23.54,0.05,0.0999,0.0805,0.0015,20.00,0.500,-0.669,-0.682,-0.051,23.69,0.01,0.7780,0.7484,0.0150,20.00,0.500,0.924,0.945,0.069,23.58,0.02,1.2616,1.2332,0.0090,20.00,0.500,-0.958,-0.729,-0.066,23.41,0.03,0.1041,0.0807,0.0285,20.00,0.500,0.700,0.884,0.054,23.61,0.01,0.7823,0.7682,-0.0180,20.00,0.500,-0.514,-0.633,-0.041,23.55,0.00,1.3850,1.3418,0.0060,20.00,0.500,1.373,1.363,0.104,23.38,0.04
4.3200,0.1175,0.0983,0.0045,20.00,0.500,-0.587,-0.609,-0.045,23.68,0.01,0.7141,0.6984,-0.0090,20.00,0.500,0.446,0.080,0.039,23.59,0.01,1.3708,1.3112,0.0704,20.00,0.500,-1.980,-2.296,-0.162,23.47,0.10,0.0716,0.0607,0.0090,20.00,0.500,-0.393,-0.418,-0.028,23.77,0.00,1.0833,1.0605,-0.0030,20.00,0.500,-0.774,-0.364,-0.026,23.68,0.02,1.0874,1.0393,-0.0015,20.00,0.500,1.527,1.679,0.112,23.54,0.05,0.0999,0.0803,-0.0180,20.00,0.500,-0.669,-0.682,-0.051,23.69,0.01,0.7780,0.7483,0.0015,20.00,0.500,0.924,0.945,0.069,23.58,0.02,1.2616,1.2331,-0.0090,20.00,0.500,-0.958,-0.729,-0.066,23.41,0.03,0.1041,0.0809,0.0180,20.00,0.500,0.700,0.884,0.054,23.61,0.01,0.7823,0.7682,0.0105,20.00,0.500,-0.514,-0.633,-0.041,23.55,0.00,1.3850,1.3418,0.0060,20.00,0.500,1.373,1.363,0.104,23.38,0.04
4.3300,0.1175,0.0983,-0.0075,20.00,0.500,-0.587,-0.609,-0.045,23.68,0.01,0.7141,0.6982,-0.0404,20.00,0.500,0.446,0.080,0.039,23.59,0.01,1.3708,1.3118,0.0015,20.00,0.500,-1.980,-2.296,-0.162,23.47,0.10,0.0716,0.0613,0.0315,20.00,0.500,-0.393,-0.418,-0.028,23.77,0.00,1.0833,1.0604,-0.0045,20.00,0.500,-0.774,-0.364,-0.026,23.68,0.02,1.0874,1.0394,0.0105,20.00,0.500,1.527,1.679,0.112,23.54,0.05,0.0999,0.0803,-0.0090,20.00,0.500,-0.669,-0.682,-0.051,23.69,0.01,0.7780,0.7483,-0.0015,20.00,0.500,0.924,0.945,0.069,23.58,0.02,1.2616,1.2330,-0.0075,20.00,0.500,-0.958,-0.729,-0.066,23.41,0.03,0.1041,0.0814,0.0494,20.00,0.500,0.700,0.884,0.054,23.61,0.01,0.7823,0.7683,-0.0000,20.00,0.500,-0.514,-0.633,-0.041,23.55,0.00,1.3850,1.3418,0.0000,20.00,0.500,1.373,1.363,0.104,23.38,0.04
4.3400,0.1175,0.0983,-0.0045,20.00,0.500,-0.587,-0.609,-0.045,23.68,0.01,0.7141,0.6983,0.0629,20.00,0.500,0.446,0.080,0.039,23.59,0.01,1.3708,1.3120,0.0300,20.00,0.500,-1.980,-2.296,-0.162,23.47,0.10,0.0716,0.0618,0.0749,20.00,0.500,-0.393,-0.418,-0.028,23.77,0.00,1.0833,1.0605,-0.0075,20.00,0.500,-0.774,-0.364,-0.026,23.68,0.02,1.0874,1.0393,-0.0180,20.00,0.500,1.527,1.679,0.112,23.54,0.05,0.0999,0.0801,-0.0210,20.00,0.500,-0.669,-0.682,-0.051,23.69,0.01,0.7780,0.7483,0.0030,20.00,0.500,0.924,0.945,0.069,23.58,0.02,1.2616,1.2332,0.0165,20.00,0.500,-0.958,-0.729,-0.066,23.41,0.03,0.1041,0.0825,0.0959,20.00,0.500,0.700,0.884,0.054,23.61,0.01,0.7823,0.7682,-0.0015,20.00,0.500,-0.514,-0.633,-0.041,23.55,0.00,1.3850,1.3418,0.0075,20.00,0.500,1.373,1.363,0.104,23.38,0.04
4.3500,0.1175,0.0982,-0.0150,20.00,0.500,-0.587,-0.609,-0.045,23.68,0.01,0.7141,0.6981,0.0045,20.00,0.500,0.446,0.080,0.039,23.59,0.01,1.3708,1.3115,-0.0749,20.00,0.500,-1.980,-2.296,-0.162,23.47,0.10,0.0716,0.0633,0.1228,20.00,0.500,-0.393,-0.418,-0.028,23.77,0.00,1.0833,1.0605,-0.0015,20.00,0.500,-0.774,-0.364,-0.026,23.68,0.02,1.0874,1.0395,-0.0030,20.00,0.500,1.527,1.679,0.112,23.54,0.05,0.0999,0.0798,-0.0345,20.00,0.500,-0.669,-0.682,-0.051,23.69,0.01,0.7780,0.7482,-0.0015,20.00,0.500,0.924,0.945,0.069,23.58,0.02,1.2616,1.2333,0.0015,20.00,0.500,-0.958,-0.729,-0.066,23.41,0.03,0.1041,0.0836,0.1124,20.00,0.500,0.700,0.884,0.054,23.61,0.01,0.7823,0.7682,-0.0030,20.00,0.500,-0.514,-0.633,-0.041,23.55,0.00,1.3850,1.3418,0.0045,20.00,0.500,1.373,1.363,0.104,23.38,0.04
4.3600,0.1175,0.0983,0.0120,20.00,0.500,-0.602,-1.052,-0.025,23.69,0.01,0.7141,0.6982,0.0045,20.00,0.500,0.478,0.061,0.059,23.59,0.01,1.3708,1.3119,0.0764,20.00,0.500,-1.907,-1.715,-0.107,23.48,0.12,0.0716,0.0632,0.0195,20.00,0.500,-0.314,-0.372,-0.026,23.78,0.00,1.0833,1.0605,0.0060,20.00,0.500,-0.781,-0.745,-0.074,23.67,0.02,1.0874,1.0395,0.0135,20.00,0.500,1.528,1.354,0.092,23.54,0.04,0.0999,0.0794,-0.0315,20.00,0.500,-0.740,-0.700,-0.057,23.68,0.01,0.7780,0.7481,-0.0120,20.00,0.500,0.955,1.044,0.076,23.58,0.02,1.2616,1.2333,0.0045,20.00,0.500,-0.959,-0.925,-0.107,23.39,0.02,0.1041,0.0839,0.0330,20.00,0.500,0.593,0.621,0.046,23.62,0.01,0.7823,0.7681,-0.0210,20.00,0.500,-0.497,-0.659,-0.054,23.57,0.00,1.3850,1.3418,0.0060,20.00,0.500,1.376,1.319,0.102,23.39,0.04
4.3700,0.1175,0.0983,0.0120,20.00,0.500,-0.602,-1.052,-0.025,23.69,0.01,0.7141,0.6982,-0.0060,20.00,0.500,0.478,0.061,0.059,23.59,0.01,1.3708,1.3120,-0.0509,20.00,0.500,-1.907,-1.715,-0.107,23.48,0.12,0.0716,0.0632,0.0195,20.00,0.500,-0.314,-0.372,-0.026,23.78,0.00,1.0833,1.0604,-0.0090,20.00,0.500,-0.781,-0.745,-0.074,23.67,0.02,1.0874,1.0396,0.0434,20.00,0.500,1.528,1.354,0.092,23.54,0.04,0.0999,0.0792,-0.0330,20.00,0.500,-0.740,-0.700,-0.057,23.68,0.01,0.7780,0.7481,-0.0060,20.00,0.500,0.955,1.044,0.076,23.58,0.02,1.2616,1.2332,-0.0015,20.00,0.500,-0.959,-0.925,-0.107,23.39,0.02,0.1041,0.0842,0.0210,20.00,0.500,0.593,0.621,0.046,23.62,0.01,0.7823,0.7682,0.0045,20.00,0.500,-0.497,-0.659,-0.054,23.57,0.00,1.3850,1.3418,0.0030,20.00,0.500,1.376,1.319,0.102,23.39,0.04
4.3800,0.1175,0.0981,0.0000,20.00,0.500,-0.602,-1.052,-0.025,23.69,0.01,0.7141,0.6982,0.0075,20.00,0.500,0.478,0.061,0.059,23.59,0.01,1.3708,1.3123,0.0794,20.00,0.500,-1.907,-1.715,-0.107,23.48,0.12,0.0716,0.0638,0.0135,20.00,0.500,-0.314,-0.372,-0.026,23.78,0.00,1.0833,1.0606,0.0255,20.00,0.500,-0.781,-0.745,-0.074,23.67,0.02,1.0874,1.0396,-0.0180,20.00,0.500,1.528,1.354,0.092,23.54,0.04,0.0999,0.0791,-0.0015,20.00,0.500,-0.740,-0.700,-0.057,23.68,0.01,0.7780,0.7481,0.0030,20.00,0.500,0.955,1.044,0.076,23.58,0.02,1.2616,1.2334,0.0270,20.00,0.500,-0.959,-0.925,-0.107,23.39,0.02,0.1041,0.0844,0.0165,20.00,0.500,0.593,0.621,0.046,23.62,0.01,0.7823,0.7681,-0.0090,20.00,0.500,-0.497,-0.659,-0.054,23.57,0.00,1.3850,1.3418,-0.0060,20.00,0.500,1.376,1.319,0.102,23.39,0.04
4.3900,0.1175,0.0981,0.0000,20.00,0.500,-0.602,-1.052,-0.025,23.69,0.01,0.7141,0.6982,-0.0030,20.00,0.500,0.478,0.061,0.059,23.59,0.01,1.3708,1.3121,0.0045,20.00,0.500,-1.907,-1.715,-0.107,23.48,0.12,0.0716,0.0639,0.0030,20.00,0.500,-0.314,-0.372,-0.026,23.78,0.00,1.0833,1.0605,-0.0045,20.00,0.500,-0.781,-0.745,-0.074,23.67,0.02,1.0874,1.0397,-0.0090,20.00,0.500,1.528,1.354,0.092,23.54,0.04,0.0999,0.0792,0.0030,20.00,0.500,-0.740,-0.700,-0.057,23.68,0.01,0.7780,0.7481,0.0120,20.00,0.500,0.955,1.044,0.076,23.58,0.02,1.2616,1.2333,-0.0105,20.00,0.500,-0.959,-0.925,-0.107,23.39,0.02,0.1041,0.0844,0.0210,20.00,0.500,0.593,0.621,0.046,23.62,0.01,0.7823,0.7681,-0.0075,20.00,0.500,-0.497,-0.659,-0.054,23.57,0.00,1.3850,1.3419,0.0180,20.00,0.500,1.376,1.319,0.102,23.39,0.04
4.4000,0.1175,0.0980,-0.0255,20.00,0.500,-0.602,-1.052,-0.025,23.69,0.01,0.7141,0.6983,0.0150,20.00,0.500,0.478,0.061,0.059,23.59,0.01,1.3708,1.3121,-0.1034,20.00,0.500,-1.907,-1.715,-0.107,23.48,0.12,0.0716,0.0638,0.0030,20.00,0.500,-0.314,-0.372,-0.026,23.78,0.00,1.0833,1.0606,0.0015,20.00,0.500,-0.781,-0.745,-0.074,23.67,0.02,1.0874,1.0398,0.0045,20.00,0.500,1.528,1.354,0.092,23.54,0.04,0.0999,0.0791,0.0015,20.00,0.500,-0.740,-0.700,-0.057,23.68,0.01,0.7780,0.7481,0.0000,20.00,0.500,0.955,1.044,0.076,23.58,0.02,1.2616,1.2334,-0.0000,20.00,0.500,-0.959,-0.925,-0.107,23.39,0.02,0.1041,0.0845,0.0075,20.00,0.500,0.593,0.621,0.046,23.62,0.01,0.7823,0.7682,0.0090,20.00,0.500,-0.497,-0.659,-0.054,23.57,0.00,1.3850,1.3418,0.0150,20.00,0.500,1.376,1.319,0.102,23.39,0.04
4.4100,0.1175,0.0981,-0.0120,20.00,0.500,-0.588,-0.497,-0.075,23.68,0.01,0.7141,0.6983,-0.0165,20.00,0.500,0.476,1.125,0.023,23.59,-0.00,1.3708,1.3127,-0.0150,20.00,0.500,-1.895,-1.808,-0.161,23.48,0.06,0.0716,0.0638,0.0045,20.00,0.500,-0.299,-0.269,-0.025,23.77,0.00,1.0833,1.0605,0.0045,20.00,0.500,-0.765,-0.488,-0.086,23.68,0.02,1.0874,1.0399,0.0180,20.00,0.500,1.491,1.317,0.136,23.54,0.04,0.0999,0.0791,-0.0030,20.00,0.500,-0.735,-0.684,-0.058,23.68,0.01,0.7780,0.7481,0.0075,20.00,0.500,0.936,0.845,0.050,23.58,0.03,1.2616,1.2333,-0.0045,20.00,0.500,-0.959,-0.977,-0.058,23.40,0.02,0.1041,0.0845,0.0135,20.00,0.500,0.589,0.586,0.042,23.62,0.01,0.7823,0.7681,-0.0090,20.00,0.500,-0.514,-0.512,-0.032,23.56,0.00,1.3850,1.3418,-0.0015,20.00,0.500,1.369,1.321,0.105,23.39,0.04
4.4200,0.1175,0.0981,-0.0120,20.00,0.500,-0.588,-0.497,-0.075,23.68,0.01,0.7141,0.6985,0.0539,20.00,0.500,0.476,1.125,0.023,23.59,-0.00,1.3708,1.3127,-0.0150,20.00,0.500,-1.895,-1.808,-0.161,23.48,0.06,0.0716,0.0638,0.0045,20.00,0.500,-0.299,-0.269,-0.025,23.77,0.00,1.0833,1.0605,0.0045,20.00,0.500,-0.765,-0.488,-0.086,23.68,0.02,1.0874,1.0399,0.0180,20.00,0.500,1.491,1.317,0.136,23.54,0.04,0.0999,0.0790,0.0015,20.00,0.500,-0.735,-0.684,-0.058,23.68,0.01,0.7780,0.7481,0.0030,20.00,0.500,0.936,0.845,0.050,23.58,0.03,1.2616,1.2336,0.0315,20.00,0.500,-0.959,-0.977,-0.058,23.40,0.02,0.1041,0.0845,0.0180,20.00,0.500,0.589,0.586,0.042,23.62,0.01,0.7823,0.7682,0.0120,20.00,0.500,-0.514,-0.512,-0.032,23.56,0.00,1.3850,1.3418,-0.0015,20.00,0.500,1.369,1.321,0.105,23.39,0.04
4.4300,0.1175,0.0982,0.0150,20.00,0.500,-0.588,-0.497,-0.075,23.68,0.01,0.7141,0.6986,0.0404,20.00,0.500,0.476,1.125,0.023,23.59,-0.00,1.3708,1.3127,0.0045,20.00,0.500,-1.895,-1.808,-0.161,23.48,0.06,0.0716,0.0640,0.0135,20.00,0.500,-0.299,-0.269,-0.025,23.77,0.00,1.0833,1.0606,-0.0015,20.00,0.500,-0.765,-0.488,-0.086,23.68,0.02,1.0874,1.0398,-0.0060,20.00,0.500,1.491,1.317,0.136,23.54,0.04,0.0999,0.0790,0.0045,20.00,0.500,-0.735,-0.684,-0.058,23.68,0.01,0.7780,0.7481,0.0090,20.00,0.500,0.936,0.845,0.050,23.58,0.03,1.2616,1.2336,-0.0000,20.00,0.500,-0.959,-0.977,-0.058,23.40,0.02,0.1041,0.0844,-0.0045,20.00,0.500,0.589,0.586,0.042,23.62,0.01,0.7823,0.7682,-0.0090,20.00,0.500,-0.514,-0.512,-0.032,23.56,0.00,1.3850,1.3418,-0.0015,20.00,0.500,1.369,1.321,0.105,23.39,0.04
4.4400,0.1175,0.0981,0.0045,20.00,0.500,-0.588,-0.497,-0.075,23.68,0.01,0.7141,0.6988,0.0000,20.00,0.500,0.476,1.125,0.023,23.59,-0.00,1.3708,1.3122,0.0060,20.00,0.500,-1.895,-1.808,-0.161,23.48,0.06,0.0716,0.0640,0.0090,20.00,0.500,-0.299,-0.269,-0.025,23.77,0.00,1.0833,1.0606,-0.0000,20.00,0.500,-0.765,-0.488,-0.086,23.68,0.02,1.0874,1.0398,-0.0045,20.00,0.500,1.491,1.317,0.136,23.54,0.04,0.0999,0.0789,-0.0210,20.00,0.500,-0.735,-0.684,-0.058,23.68,0.01,0.7780,0.7481,-0.0015,20.00,0.500,0.936,0.845,0.050,23.58,0.03,1.2616,1.2335,-0.0150,20.00,0.500,-0.959,-0.977,-0.058,23.40,0.02,0.1041,0.0845,0.0195,20.00,0.500,0.589,0.586,0.042,23.62,0.01,0.7823,0.7682,-0.0060,20.00,0.500,-0.514,-0.512,-0.032,23.56,0.00,1.3850,1.3418,0.0045,20.00,0.500,1.369,1.321,0.105,23.39,0.04
4.4500,0.1175,0.0980,-0.0135,20.00,0.500,-0.588,-0.497,-0.075,23.68,0.01,0.7141,0.6988,0.0135,20.00,0.500,0.476,1.125,0.023,23.59,-0.00,1.3708,1.3125,-0.0180,20.00,0.500,-1.895,-1.808,-0.161,23.48,0.06,0.0716,0.0641,0.0120,20.00,0.500,-0.299,-0.269,-0.025,23.77,0.00,1.0833,1.0607,0.0135,20.00,0.500,-0.765,-0.488,-0.086,23.68,0.02,1.0874,1.0398,0.0045,20.00,0.500,1.491,1.317,0.136,23.54,0.04,0.0999,0.0790,0.0030,20.00,0.500,-0.735,-0.684,-0.058,23.68,0.01,0.7780,0.7482,0.0120,20.00,0.500,0.936,0.845,0.050,23.58,0.03,1.2616,1.2338,0.0255,20.00,0.500,-0.959,-0.977,-0.058,23.40,0.02,0.1041,0.0845,0.0060,20.00,0.500,0.589,0.586,0.042,23.62,0.01,0.7823,0.7682,-0.0000,20.00,0.500,-0.514,-0.512,-0.032,23.56,0.00,1.3850,1.3417,-0.0135,20.00,0.500,1.369,1.321,0.105,23.39,0.04
4.4600,0.1175,0.0979,-0.0165,20.00,0.500,-0.607,-0.381,-0.026,23.68,0.01,0.7141,0.6989,0.0270,20.00,0.500,0.461,1.312,0.044,23.59,0.01,1.3708,1.3124,0.0060,20.00,0.500,-1.940,-3.299,-0.067,23.48,0.04,0.0716,0.0641,-0.0000,20.00,0.500,-0.280,-0.287,-0.024,23.78,0.00,1.0833,1.0607,-0.0150,20.00,0.500,-0.786,-0.809,-0.066,23.68,0.02,1.0874,1.0398,-0.0015,20.00,0.500,1.513,1.277,0.120,23.54,0.05,0.0999,0.0789,-0.0045,20.00,0.500,-0.727,-0.691,-0.052,23.68,0.01,0.7780,0.7483,-0.0015,20.00,0.500,0.945,1.045,0.060,23.57,0.02,1.2616,1.2336,-0.0105,20.00,0.500,-0.953,-0.919,-0.067,23.40,0.02,0.1041,0.0845,-0.0090,20.00,0.500,0.616,0.653,0.057,23.61,0.01,0.7823,0.7682,-0.0060,20.00,0.500,-0.494,-0.657,0.003,23.55,0.00,1.3850,1.3418,0.0000,20.00,0.500,1.368,1.367,0.102,23.39,0.04
4.4700,0.1175,0.0979,-0.0165,20.00,0.500,-0.607,-0.381,-0.026,23.68,0.01,0.7141,0.6995,0.0494,20.00,0.500,0.461,1.312,0.044,23.59,0.01,1.3708,1.3128,0.0195,20.00,0.500,-1.940,-3.299,-0.067,23.48,0.04,0.0716,0.0642,0.0060,20.00,0.500,-0.280,-0.287,-0.024,23.78,0.00,1.0833,1.0609,0.0360,20.00,0.500,-0.786,-0.809,-0.066,23.68,0.02,1.0874,1.0398,0.0060,20.00,0.500,1.513,1.277,0.120,23.54,0.05,0.0999,0.0789,-0.0045,20.00,0.500,-0.727,-0.691,-0.052,23.68,0.01,0.7780,0.7485,0.0255,20.00,0.500,0.945,1.045,0.060,23.57,0.02,1.2616,1.2338,0.0120,20.00,0.500,-0.953,-0.919,-0.067,23.40,0.02,0.1041,0.0846,0.0105,20.00,0.500,0.616,0.653,0.057,23.61,0.01,0.7823,0.7682,-0.0000,20.00,0.500,-0.494,-0.657,0.003,23.55,0.00,1.3850,1.3418,0.0000,20.00,0.500,1.368,1.367,0.102,23.39,0.04
4.4800,0.1175,0.0979,0.0240,20.00,0.500,-0.607,-0.381,-0.026,23.68,0.01,0.7141,0.7003,0.1153,20.00,0.500,0.461,1.312,0.044,23.59,0.01,1.3708,1.3129,0.0689,20.00,0.500,-1.940,-3.299,-0.067,23.48,0.04,0.0716,0.0642,0.0030,20.00,0.500,-0.280,-0.287,-0.024,23.78,0.00,1.0833,1.0609,-0.0105,20.00,0.500,-0.786,-0.809,-0.066,23.68,0.02,1.0874,1.0398,-0.0180,20.00,0.500,1.513,1.277,0.120,23.54,0.05,0.0999,0.0788,-0.0105,20.00,0.500,-0.727,-0.691,-0.052,23.68,0.01,0.7780,0.7484,-0.0120,20.00,0.500,0.945,1.045,0.060,23.57,0.02,1.2616,1.2338,0.0090,20.00,0.500,-0.953,-0.919,-0.067,23.40,0.02,0.1041,0.0846,0.0060,20.00,0.500,0.616,0.653,0.057,23.61,0.01,0.7823,0.7682,0.0030,20.00,0.500,-0.494,-0.657,0.003,23.55,0.00,1.3850,1.3417,0.0015,20.00,0.500,1.368,1.367,0.102,23.39,0.04
4.4900,0.1175,0.0979,-0.0180,20.00,0.500,-0.607,-0.381,-0.026,23.68,0.01,0.7141,0.7008,0.0404,20.00,0.500,0.461,1.312,0.044,23.59,0.01,1.3708,1.3126,-0.0225,20.00,0.500,-1.940,-3.299,-0.067,23.48,0.04,0.0716,0.0642,-0.0015,20.00,0.500,-0.280,-0.287,-0.024,23.78,0.00,1.0833,1.0611,0.0255,20.00,0.500,-0.786,-0.809,-0.066,23.68,0.02,1.0874,1.0399,-0.0060,20.00,0.500,1.513,1.277,0.120,23.54,0.05,0.0999,0.0789,-0.0000,20.00,0.500,-0.727,-0.691,-0.052,23.68,0.01,0.7780,0.7486,0.0195,20.00,0.500,0.945,1.045,0.060,23.57,0.02,1.2616,1.2339,0.0120,20.00,0.500,-0.953,-0.919,-0.067,23.40,0.02,0.1041,0.0845,-0.0105,20.00,0.500,0.616,0.653,0.057,23.61,0.01,0.7823,0.7682,-0.0015,20.00,0.500,-0.494,-0.657,0.003,23.55,0.00,1.3850,1.3418,0.0045,20.00,0.500,1.368,1.367,0.102,23.39,0.04
4.5000,0.1175,0.0978,-0.0150,20.00,0.500,-0.607,-0.381,-0.026,23.68,0.01,0.7141,0.7009,0.0419,20.00,0.500,0.461,1.312,0.044,23.59,0.01,1.3708,1.3127,-0.0225,20.00,0.500,-1.940,-3.299,-0.067,23.48,0.04,0.0716,0.0643,0.0120,20.00,0.500,-0.280,-0.287,-0.024,23.78,0.00,1.0833,1.0613,0.0150,20.00,0.500,-0.786,-0.809,-0.066,23.68,0.02,1.0874,1.0399,0.0075,20.00,0.500,1.513,1.277,0.120,23.54,0.05,0.0999,0.0789,-0.0000,20.00,0.500,-0.727,-0.691,-0.052,23.68,0.01,0.7780,0.7487,0.0225,20.00,0.500,0.945,1.045,0.060,23.57,0.02,1.2616,1.2338,-0.0000,20.00,0.500,-0.953,-0.919,-0.067,23.40,0.02,0.1041,0.0845,-0.0120,20.00,0.500,0.616,0.653,0.057,23.61,0.01,0.7823,0.7684,0.0090,20.00,0.500,-0.494,-0.657,0.003,23.55,0.00,1.3850,1.3417,-0.0135,20.00,0.500,1.368,1.367,0.102,23.39,0.04
4.5100,0.1175,0.0979,0.0060,20.00,0.500,-0.613,-0.808,-0.059,23.69,0.01,0.7141,0.7013,0.0210,20.00,0.500,0.336,0.904,0.021,23.59,-0.01,1.3708,1.3127,0.0644,20.00,0.500,-1.893,-0.258,-0.075,23.47,0.10,0.0716,0.0643,-0.0000,20.00,0.500,-0.277,-0.207,-0.027,23.77,0.00,1.0833,1.0615,0.0285,20.00,0.500,-0.732,-1.096,-0.061,23.67,0.01,1.0874,1.0397,-0.0300,20.00,0.500,1.515,1.389,0.136,23.54,0.05,0.0999,0.0790,0.0045,20.00,0.500,-0.718,-0.623,-0.053,23.68,0.01,0.7780,0.7488,0.0015,20.00,0.500,0.920,0.913,0.060,23.58,0.02,1.2616,1.2338,0.0030,20.00,0.500,-0.935,-1.118,-0.088,23.40,0.01,0.1041,0.0845,0.0030,20.00,0.500,0.600,0.620,0.042,23.62,0.01,0.7823,0.7683,-0.0045,20.00,0.500,-0.511,-0.579,-0.059,23.56,0.00,1.3850,1.3418,0.0045,20.00,0.500,1.371,1.397,0.102,23.38,0.04
4.5200,0.1175,0.0979,0.0060,20.00,0.500,-0.613,-0.808,-0.059,23.69,0.01,0.7141,0.7013,0.0135,20.00,0.500,0.336,0.904,0.021,23.59,-0.01,1.3708,1.3126,-0.0360,20.00,0.500,-1.893,-0.258,-0.075,23.47,0.10,0.0716,0.0643,0.0090,20.00,0.500,-0.277,-0.207,-0.027,23.77,0.00,1.0833,1.0614,-0.0000,20.00,0.500,-0.732,-1.096,-0.061,23.67,0.01,1.0874,1.0398,-0.0105,20.00,0.500,1.515,1.389,0.136,23.54,0.05,0.0999,0.0790,0.0120,20.00,0.500,-0.718,-0.623,-0.053,23.68,0.01,0.7780,0.7489,0.0180,20.00,0.500,0.920,0.913,0.060,23.58,0.02,1.2616,1.2338,0.0210,20.00,0.500,-0.935,-1.118,-0.088,23.40,0.01,0.1041,0.0845,0.0030,20.00,0.500,0.600,0.620,0.042,23.62,0.01,0.7823,0.7683,0.0015,20.00,0.500,-0.511,-0.579,-0.059,23.56,0.00,1.3850,1.3418,-0.0015,20.00,0.500,1.371,1.397,0.102,23.38,0.04
4.5300,0.1175,0.0979,0.0045,20.00,0.500,-0.613,-0.808,-0.059,23.69,0.01,0.7141,0.7012,-0.0135,20.00,0.500,0.336,0.904,0.021,23.59,-0.01,1.3708,1.3127,-0.0000,20.00,0.500,-1.893,-0.258,-0.075,23.47,0.10,0.0716,0.0644,0.0045,20.00,0.500,-0.277,-0.207,-0.027,23.77,0.00,1.0833,1.0618,0.0255,20.00,0.500,-0.732,-1.096,-0.061,23.67,0.01,1.0874,1.0400,0.0315,20.00,0.500,1.515,1.389,0.136,23.54,0.05,0.0999,0.0790,0.0120,20.00,0.500,-0.718,-0.623,-0.053,23.68,0.01,0.7780,0.7491,0.0210,20.00,0.500,0.920,0.913,0.060,23.58,0.02,1.2616,1.2337,-0.0030,20.00,0.500,-0.935,-1.118,-0.088,23.40,0.01,0.1041,0.0845,0.0060,20.00,0.500,0.600,0.620,0.042,23.62,0.01,0.7823,0.7682,-0.0180,20.00,0.500,-0.511,-0.579,-0.059,23.56,0.00,1.3850,1.3418,-0.0030,20.00,0.500,1.371,1.397,0.102,23.38,0.04
4.5400,0.1175,0.0979,-0.0015,20.00,0.500,-0.613,-0.808,-0.059,23.69,0.01,0.7141,0.7016,0.0375,20.00,0.500,0.336,0.904,0.021,23.59,-0.01,1.3708,1.3125,-0.0150,20.00,0.500,-1.893,-0.258,-0.075,23.47,0.10,0.0716,0.0644,0.0015,20.00,0.500,-0.277,-0.207,-0.027,23.77,0.00,1.0833,1.0619,0.0195,20.00,0.500,-0.732,-1.096,-0.061,23.67,0.01,1.0874,1.0398,0.0000,20.00,0.500,1.515,1.389,0.136,23.54,0.05,0.0999,0.0789,-0.0075,20.00,0.500,-0.718,-0.623,-0.053,23.68,0.01,0.7780,0.7492,0.0195,20.00,0.500,0.920,0.913,0.060,23.58,0.02,1.2616,1.2340,0.0225,20.00,0.500,-0.935,-1.118,-0.088,23.40,0.01,0.1041,0.0845,0.0135,20.00,0.500,0.600,0.620,0.042,23.62,0.01,0.7823,0.7683,0.0075,20.00,0.500,-0.511,-0.579,-0.059,23.56,0.00,1.3850,1.3418,-0.0075,20.00,0.500,1.371,1.397,0.102,23.38,0.04
4.5500,0.1175,0.0981,0.0195,20.00,0.500,-0.613,-0.808,-0.059,23.69,0.01,0.7141,0.7016,-0.0075,20.00,0.500,0.336,0.904,0.021,23.59,-0.01,1.3708,1.3129,0.0120,20.00,0.500,-1.893,-0.258,-0.075,23.47,0.10,0.0716,0.0644,-0.0015,20.00,0.500,-0.277,-0.207,-0.027,23.77,0.00,1.0833,1.0619,-0.0015,20.00,0.500,-0.732,-1.096,-0.061,23.67,0.01,1.0874,1.0399,0.0150,20.00,0.500,1.515,1.389,0.136,23.54,0.05,0.0999,0.0790,-0.0090,20.00,0.500,-0.718,-0.623,-0.053,23.68,0.01,0.7780,0.7492,-0.0135,20.00,0.500,0.920,0.913,0.060,23.58,0.02,1.2616,1.2340,0.0105,20.00,0.500,-0.935,-1.118,-0.088,23.40,0.01,0.1041,0.0845,0.0045,20.00,0.500,0.600,0.620,0.042,23.62,0.01,0.7823,0.7683,-0.0045,20.00,0.500,-0.511,-0.579,-0.059,23.56,0.00,1.3850,1.3418,0.0105,20.00,0.500,1.371,1.397,0.102,23.38,0.04
4.5600,0.1175,0.0978,-0.0150,20.00,0.500,-0.584,-1.099,-0.040,23.69,0.01,0.7141,0.7017,0.0165,20.00,0.500,0.373,0.629,0.019,23.58,-0.00,1.3708,1.3119,-0.1258,20.00,0.500,-2.060,-1.420,-0.168,23.47,0.09,0.0716,0.0644,0.0015,20.00,0.500,-0.275,-0.299,-0.029,23.78,0.00,1.0833,1.0621,0.0240,20.00,0.500,-0.720,-0.767,-0.061,23.68,0.02,1.0874,1.0399,-0.0060,20.00,0.500,1.502,1.459,0.092,23.53,0.06,0.0999,0.0790,0.0015,20.00,0.500,-0.719,-0.756,-0.050,23.68,0.01,0.7780,0.7494,0.0120,20.00,0.500,0.896,0.985,0.073,23.57,0.02,1.2616,1.2338,-0.0330,20.00,0.500,-0.970,-0.800,-0.069,23.40,0.02,0.1041,0.0845,-0.0120,20.00,0.500,0.605,0.687,0.050,23.60,0.01,0.7823,0.7684,0.0060,20.00,0.500,-0.502,-0.444,-0.030,23.55,0.00,1.3850,1.3417,-0.0105,20.00,0.500,1.365,1.283,0.105,23.38,0.04
4.5700,0.1175,0.0978,-0.0150,20.00,0.500,-0.584,-1.099,-0.040,23.69,0.01,0.7141,0.7016,-0.0150,20.00,0.500,0.373,0.629,0.019,23.58,-0.00,1.3708,1.3136,0.1633,20.00,0.500,-2.060,-1.420,-0.168,23.47,0.09,0.0716,0.0644,-0.0030,20.00,0.500,-0.275,-0.299,-0.029,23.78,0.00,1.0833,1.0620,-0.0030,20.00,0.500,-0.720,-0.767,-0.061,23.68,0.02,1.0874,1.0399,0.0000,20.00,0.500,1.502,1.459,0.092,23.53,0.06,0.0999,0.0789,-0.0195,20.00,0.500,-0.719,-0.756,-0.050,23.68,0.01,0.7780,0.7492,-0.0120,20.00,0.500,0.896,0.985,0.073,23.57,0.02,1.2616,1.2340,0.0165,20.00,0.500,-0.970,-0.800,-0.069,23.40,0.02,0.1041,0.0845,0.0060,20.00,0.500,0.605,0.687,0.050,23.60,0.01,0.7823,0.7684,0.0120,20.00,0.500,-0.502,-0.444,-0.030,23.55,0.00,1.3850,1.3418,-0.0090,20.00,0.500,1.365,1.283,0.105,23.38,0.04
4.5800,0.1175,0.0980,-0.0090,20.00,0.500,-0.584,-1.099,-0.040,23.69,0.01,0.7141,0.7016,0.0150,20.00,0.500,0.373,0.629,0.019,23.58,-0.00,1.3708,1.3125,-0.1723,20.00,0.500,-2.060,-1.420,-0.168,23.47,0.09,0.0716,0.0644,0.0030,20.00,0.500,-0.275,-0.299,-0.029,23.78,0.00,1.0833,1.0623,0.0195,20.00,0.500,-0.720,-0.767,-0.061,23.68,0.02,1.0874,1.0398,-0.0120,20.00,0.500,1.502,1.459,0.092,23.53,0.06,0.0999,0.0789,-0.0105,20.00,0.500,-0.719,-0.756,-0.050,23.68,0.01,0.7780,0.7493,0.0090,20.00,0.500,0.896,0.985,0.073,23.57,0.02,1.2616,1.2340,0.0389,20.00,0.500,-0.970,-0.800,-0.069,23.40,0.02,0.1041,0.0845,-0.0015,20.00,0.500,0.605,0.687,0.050,23.60,0.01,0.7823,0.7684,-0.0000,20.00,0.500,-0.502,-0.444,-0.030,23.55,0.00,1.3850,1.3418,-0.0045,20.00,0.500,1.365,1.283,0.105,23.38,0.04
4.5900,0.1175,0.0980,0.0135,20.00,0.500,-0.584,-1.099,-0.040,23.69,0.01,0.7141,0.7017,0.0075,20.00,0.500,0.373,0.629,0.019,23.58,-0.00,1.3708,1.3127,-0.0105,20.00,0.500,-2.060,-1.420,-0.168,23.47,0.09,0.0716,0.0644,-0.0060,20.00,0.500,-0.275,-0.299,-0.029,23.78,0.00,1.0833,1.0622,0.0045,20.00,0.500,-0.720,-0.767,-0.061,23.68,0.02,1.0874,1.0399,-0.0045,20.00,0.500,1.502,1.459,0.092,23.53,0.06,0.0999,0.0790,0.0045,20.00,0.500,-0.719,-0.756,-0.050,23.68,0.01,0.7780,0.7494,-0.0030,20.00,0.500,0.896,0.985,0.073,23.57,0.02,1.2616,1.2339,-0.0000,20.00,0.500,-0.970,-0.800,-0.069,23.40,0.02,0.1041,0.0845,0.0030,20.00,0.500,0.605,0.687,0.050,23.60,0.01,0.7823,0.7684,0.0060,20.00,0.500,-0.502,-0.444,-0.030,23.55,0.00,1.3850,1.3418,-0.0195,20.00,0.500,1.365,1.283,0.105,23.38,0.04
4.6000,0.1175,0.0978,-0.0255,20.00,0.500,-0.584,-1.099,-0.040,23.69,0.01,0.7141,0.7015,-0.0165,20.00,0.500,0.373,0.629,0.019,23.58,-0.00,1.3708,1.3133,0.0464,20.00,0.500,-2.060,-1.420,-0.168,23.47,0.09,0.0716,0.0644,-0.0000,20.00,0.500,-0.275,-0.299,-0.029,23.78,0.00,1.0833,1.0622,-0.0030,20.00,0.500,-0.720,-0.767,-0.061,23.68,0.02,1.0874,1.0399,0.0120,20.00,0.500,1.502,1.459,0.092,23.53,0.06,0.0999,0.0789,-0.0060,20.00,0.500,-0.719,-0.756,-0.050,23.68,0.01,0.7780,0.7493,-0.0210,20.00,0.500,0.896,0.985,0.073,23.57,0.02,1.2616,1.2341,0.0404,20.00,0.500,-0.970,-0.800,-0.069,23.40,0.02,0.1041,0.0844,-0.0285,20.00,0.500,0.605,0.687,0.050,23.60,0.01,0.7823,0.7683,0.0075,20.00,0.500,-0.502,-0.444,-0.030,23.55,0.00,1.3850,1.3418,0.0030,20.00,0.500,1.365,1.283,0.105,23.38,0.04
4.6100,0.1175,0.0979,-0.0060,20.00,0.500,-0.588,-0.206,-0.020,23.68,0.01,0.7141,0.7018,0.0015,20.00,0.500,0.341,0.152,0.030,23.59,-0.00,1.3708,1.3134,0.0419,20.00,0.500,-1.978,-1.605,-0.188,23.47,0.08,0.0716,0.0644,0.0045,20.00,0.500,-0.277,-0.357,-0.023,23.77,0.00,1.0833,1.0622,-0.0030,20.00,0.500,-0.733,-0.926,-0.049,23.68,0.02,1.0874,1.0399,0.0105,20.00,0.500,1.498,1.779,0.114,23.53,0.05,0.0999,0.0789,0.0015,20.00,0.500,-0.732,-0.758,-0.055,23.68,0.01,0.7780,0.7493,-0.0045,20.00,0.500,0.906,0.855,0.078,23.58,0.02,1.2616,1.2342,0.0030,20.00,0.500,-0.910,-1.197,-0.021,23.41,0.02,0.1041,0.0845,-0.0060,20.00,0.500,0.606,0.653,0.052,23.62,0.01,0.7823,0.7683,-0.0000,20.00,0.500,-0.500,-0.445,-0.058,23.56,0.00,1.3850,1.3418,-0.0150,20.00,0.500,1.391,1.357,0.098,23.39,0.04
4.6200,0.1175,0.0979,-0.0060,20.00,0.500,-0.588,-0.206,-0.020,23.68,0.01,0.7141,0.7017,-0.0120,20.00,0.500,0.341,0.152,0.030,23.59,-0.00,1.3708,1.3134,0.0419,20.00,0.500,-1.978,-1.605,-0.188,23.47,0.08,0.0716,0.0644,0.0045,20.00,0.500,-0.277,-0.357,-0.023,23.77,0.00,1.0833,1.0622,-0.0030,20.00,0.500,-0.733,-0.926,-0.049,23.68,0.02,1.0874,1.0399,0.0105,20.00,0.500,1.498,1.779,0.114,23.53,0.05,0.0999,0.0788,-0.0180,20.00,0.500,-0.732,-0.758,-0.055,23.68,0.01,0.7780,0.7495,0.0195,20.00,0.500,0.906,0.855,0.078,23.58,0.02,1.2616,1.2343,0.0255,20.00,0.500,-0.910,-1.197,-0.021,23.41,0.02,0.1041,0.0846,0.0105,20.00,0.500,0.606,0.653,0.052,23.62,0.01,0.7823,0.7683,-0.0000,20.00,0.500,-0.500,-0.445,-0.058,23.56,0.00,1.3850,1.3418,-0.0150,20.00,0.500,1.391,1.357,0.098,23.39,0.04
4.6300,0.1175,0.0979,-0.0060,20.00,0.500,-0.588,-0.206,-0.020,23.68,0.01,0.7141,0.7016,-0.0210,20.00,0.500,0.341,0.152,0.030,23.59,-0.00,1.3708,1.3132,0.0345,20.00,0.500,-1.978,-1.605,-0.188,23.47,0.08,0.0716,0.0645,0.0045,20.00,0.500,-0.277,-0.357,-0.023,23.77,0.00,1.0833,1.0621,-0.0045,20.00,0.500,-0.733,-0.926,-0.049,23.68,0.02,1.0874,1.0399,-0.0030,20.00,0.500,1.498,1.779,0.114,23.53,0.05,0.0999,0.0788,-0.0045,20.00,0.500,-0.732,-0.758,-0.055,23.68,0.01,0.7780,0.7494,-0.0195,20.00,0.500,0.906,0.855,0.078,23.58,0.02,1.2616,1.2342,0.0060,20.00,0.500,-0.910,-1.197,-0.021,23.41,0.02,0.1041,0.0846,-0.0015,20.00,0.500,0.606,0.653,0.052,23.62,0.01,0.7823,0.7682,-0.0240,20.00,0.500,-0.500,-0.445,-0.058,23.56,0.00,1.3850,1.3419,0.0270,20.00,0.500,1.391,1.357,0.098,23.39,0.04
4.6400,0.1175,0.0979,0.0030,20.00,0.500,-0.588,-0.206,-0.020,23.68,0.01,0.7141,0.7018,0.0030,20.00,0.500,0.341,0.152,0.030,23.59,-0.00,1.3708,1.3130,-0.0449,20.00,0.500,-1.978,-1.605,-0.188,23.47,0.08,0.0716,0.0644,-0.0000,20.00,0.500,-0.277,-0.357,-0.023,23.77,0.00,1.0833,1.0621,-0.0030,20.00,0.500,-0.733,-0.926,-0.049,23.68,0.02,1.0874,1.0399,-0.0030,20.00,0.500,1.498,1.779,0.114,23.53,0.05,0.0999,0.0789,0.0075,20.00,0.500,-0.732,-0.758,-0.055,23.68,0.01,0.7780,0.7494,-0.0030,20.00,0.500,0.906,0.855,0.078,23.58,0.02,1.2616,1.2342,-0.0135,20.00,0.500,-0.910,-1.197,-0.021,23.41,0.02,0.1041,0.0847,0.0150,20.00,0.500,0.606,0.653,0.052,23.62,0.01,0.7823,0.7684,0.0120,20.00,0.500,-0.500,-0.445,-0.058,23.56,0.00,1.3850,1.3419,0.0150,20.00,0.500,1.391,1.357,0.098,23.39,0.04
4.6500,0.1175,0.0979,-0.0135,20.00,0.500,-0.588,-0.206,-0.020,23.68,0.01,0.7141,0.7019,0.0135,20.00,0.500,0.341,0.152,0.030,23.59,-0.00,1.3708,1.3135,0.0150,20.00,0.500,-1.978,-1.605,-0.188,23.47,0.08,0.0716,0.0645,-0.0000,20.00,0.500,-0.277,-0.357,-0.023,23.77,0.00,1.0833,1.0620,-0.0000,20.00,0.500,-0.733,-0.926,-0.049,23.68,0.02,1.0874,1.0399,-0.0060,20.00,0.500,1.498,1.779,0.114,23.53,0.05,0.0999,0.0788,0.0015,20.00,0.500,-0.732,-0.758,-0.055,23.68,0.01,0.7780,0.7495,0.0015,20.00,0.500,0.906,0.855,0.078,23.58,0.02,1.2616,1.2342,-0.0090,20.00,0.500,-0.910,-1.197,-0.021,23.41,0.02,0.1041,0.0848,0.0045,20.00,0.500,0.606,0.653,0.052,23.62,0.01,0.7823,0.7683,-0.0045,20.00,0.500,-0.500,-0.445,-0.058,23.56,0.00,1.3850,1.3419,0.0120,20.00,0.500,1.391,1.357,0.098,23.39,0.04
4.6600,0.1175,0.0979,0.0015,20.00,0.500,-0.617,-0.449,-0.064,23.68,0.01,0.7141,0.7016,-0.0375,20.00,0.500,0.390,0.496,0.007,23.59,0.00,1.3708,1.3124,-0.0749,20.00,0.500,-2.020,-1.613,-0.069,23.47,0.06,0.0716,0.0645,-0.0000,20.00,0.500,-0.276,-0.285,-0.022,23.77,-0.00,1.0833,1.0619,-0.0255,20.00,0.500,-0.764,-0.798,-0.061,23.68,0.02,1.0874,1.0400,0.0090,20.00,0.500,1.503,1.623,0.109,23.54,0.05,0.0999,0.0787,-0.0015,20.00,0.500,-0.734,-0.722,-0.052,23.67,0.02,0.7780,0.7494,-0.0075,20.00,0.500,0.902,0.887,0.067,23.59,0.02,1.2616,1.2345,0.0240,20.00,0.500,-0.902,-0.809,-0.059,23.41,0.02,0.1041,0.0849,0.0240,20.00,0.500,0.568,0.596,0.044,23.62,0.01,0.7823,0.7683,-0.0030,20.00,0.500,-0.499,-0.517,-0.018,23.56,0.00,1.3850,1.3418,0.0090,20.00,0.500,1.394,1.372,0.104,23.39,0.04
4.6700,0.1175,0.0979,0.0015,20.00,0.500,-0.617,-0.449,-0.064,23.68,0.01,0.7141,0.7018,0.0270,20.00,0.500,0.390,0.496,0.007,23.59,0.00,1.3708,1.3133,0.0524,20.00,0.500,-2.020,-1.613,-0.069,23.47,0.06,0.0716,0.0645,-0.0000,20.00,0.500,-0.276,-0.285,-0.022,23.77,-0.00,1.0833,1.0619,0.0030,20.00,0.500,-0.764,-0.798,-0.061,23.68,0.02,1.0874,1.0400,0.0060,20.00,0.500,1.503,1.623,0.109,23.54,0.05,0.0999,0.0786,-0.0135,20.00,0.500,-0.734,-0.722,-0.052,23.67,0.02,0.7780,0.7495,0.0060,20.00,0.500,0.902,0.887,0.067,23.59,0.02,1.2616,1.2343,0.0120,20.00,0.500,-0.902,-0.809,-0.059,23.41,0.02,0.1041,0.0849,0.0090,20.00,0.500,0.568,0.596,0.044,23.62,0.01,0.7823,0.7684,0.0165,20.00,0.500,-0.499,-0.517,-0.018,23.56,0.00,1.3850,1.3418,-0.0075,20.00,0.500,1.394,1.372,0.104,23.39,0.04
4.6800,0.1175,0.0978,-0.0195,20.00,0.500,-0.617,-0.449,-0.064,23.68,0.01,0.7141,0.7017,-0.0090,20.00,0.500,0.390,0.496,0.007,23.59,0.00,1.3708,1.3129,-0.0180,20.00,0.500,-2.020,-1.613,-0.069,23.47,0.06,0.0716,0.0645,0.0015,20.00,0.500,-0.276,-0.285,-0.022,23.77,-0.00,1.0833,1.0618,-0.0075,20.00,0.500,-0.764,-0.798,-0.061,23.68,0.02,1.0874,1.0399,-0.0105,20.00,0.500,1.503,1.623,0.109,23.54,0.05,0.0999,0.0785,-0.0150,20.00,0.500,-0.734,-0.722,-0.052,23.67,0.02,0.7780,0.7495,0.0090,20.00,0.500,0.902,0.887,0.067,23.59,0.02,1.2616,1.2345,0.0090,20.00,0.500,-0.902,-0.809,-0.059,23.41,0.02,0.1041,0.0851,0.0225,20.00,0.500,0.568,0.596,0.044,23.62,0.01,0.7823,0.7682,-0.0240,20.00,0.500,-0.499,-0.517,-0.018,23.56,0.00,1.3850,1.3417,-0.0180,20.00,0.500,1.394,1.372,0.104,23.39,0.04
4.6900,0.1175,0.0977,-0.0150,20.00,0.500,-0.617,-0.449,-0.064,23.68,0.01,0.7141,0.7018,-0.0045,20.00,0.500,0.390,0.496,0.007,23.59,0.00,1.3708,1.3131,0.0060,20.00,0.500,-2.020,-1.613,-0.069,23.47,0.06,0.0716,0.0645,-0.0000,20.00,0.500,-0.276,-0.285,-0.022,23.77,-0.00,1.0833,1.0618,-0.0060,20.00,0.500,-0.764,-0.798,-0.061,23.68,0.02,1.0874,1.0399,-0.0090,20.00,0.500,1.503,1.623,0.109,23.54,0.05,0.0999,0.0785,-0.0060,20.00,0.500,-0.734,-0.722,-0.052,23.67,0.02,0.7780,0.7494,-0.0135,20.00,0.500,0.902,0.887,0.067,23.59,0.02,1.2616,1.2346,0.0180,20.00,0.500,-0.902,-0.809,-0.059,23.41,0.02,0.1041,0.0854,0.0210,20.00,0.500,0.568,0.596,0.044,23.62,0.01,0.7823,0.7683,0.0135,20.00,0.500,-0.499,-0.517,-0.018,23.56,0.00,1.3850,1.3418,-0.0045,20.00,0.500,1.394,1.372,0.104,23.39,0.04
4.7000,0.1175,0.0977,-0.0150,20.00,0.500,-0.617,-0.449,-0.064,23.68,0.01,0.7141,0.7016,-0.0240,20.00,0.500,0.390,0.496,0.007,23.59,0.00,1.3708,1.3129,-0.0360,20.00,0.500,-2.020,-1.613,-0.069,23.47,0.06,0.0716,0.0644,-0.0075,20.00,0.500,-0.276,-0.285,-0.022,23.77,-0.00,1.0833,1.0618,0.0075,20.00,0.500,-0.764,-0.798,-0.061,23.68,0.02,1.0874,1.0399,0.0015,20.00,0.500,1.503,1.623,0.109,23.54,0.05,0.0999,0.0784,-0.0090,20.00,0.500,-0.734,-0.722,-0.052,23.67,0.02,0.7780,0.7494,0.0015,20.00,0.500,0.902,0.887,0.067,23.59,0.02,1.2616,1.2344,-0.0105,20.00,0.500,-0.902,-0.809,-0.059,23.41,0.02,0.1041,0.0856,0.0375,20.00,0.500,0.568,0.596,0.044,23.62,0.01,0.7823,0.7684,0.0075,20.00,0.500,-0.499,-0.517,-0.018,23.56,0.00,1.3850,1.3418,0.0105,20.00,0.500,1.394,1.372,0.104,23.39,0.04
4.7100,0.1175,0.0979,0.0120,20.00,0.500,-0.591,-0.585,-0.043,23.68,0.01,0.7141,0.7016,0.0165,20.00,0.500,0.387,0.179,-0.012,23.59,-0.00,1.3708,1.3131,-0.0404,20.00,0.500,-1.904,-1.418,-0.100,23.47,0.07,0.0716,0.0645,-0.0015,20.00,0.500,-0.272,-0.234,-0.011,23.77,0.00,1.0833,1.0617,-0.0015,20.00,0.500,-0.749,-0.930,-0.056,23.68,0.02,1.0874,1.0399,0.0060,20.00,0.500,1.492,1.369,0.122,23.53,0.05,0.0999,0.0784,-0.0165,20.00,0.500,-0.754,-0.798,-0.058,23.68,0.01,0.7780,0.7494,-0.0120,20.00,0.500,0.908,0.967,0.074,23.59,0.02,1.2616,1.2345,0.0150,20.00,0.500,-0.923,-1.180,-0.064,23.40,0.02,0.1041,0.0858,0.0135,20.00,0.500,0.550,0.493,0.045,23.62,0.01,0.7823,0.7682,-0.0255,20.00,0.500,-0.504,-0.585,-0.041,23.56,0.00,1.3850,1.3418,0.0120,20.00,0.500,1.354,1.397,0.093,23.39,0.04
4.7200,0.1175,0.0979,0.0120,20.00,0.500,-0.591,-0.585,-0.043,23.68,0.01,0.7141,0.7016,-0.0120,20.00,0.500,0.387,0.179,-0.012,23.59,-0.00,1.3708,1.3130,0.0315,20.00,0.500,-1.904,-1.418,-0.100,23.47,0.07,0.0716,0.0645,-0.0015,20.00,0.500,-0.272,-0.234,-0.011,23.77,0.00,1.0833,1.0616,-0.0045,20.00,0.500,-0.749,-0.930,-0.056,23.68,0.02,1.0874,1.0399,-0.0030,20.00,0.500,1.492,1.369,0.122,23.53,0.05,0.0999,0.0784,-0.0015,20.00,0.500,-0.754,-0.798,-0.058,23.68,0.01,0.7780,0.7493,-0.0165,20.00,0.500,0.908,0.967,0.074,23.59,0.02,1.2616,1.2344,-0.0060,20.00,0.500,-0.923,-1.180,-0.064,23.40,0.02,0.1041,0.0862,0.0330,20.00,0.500,0.550,0.493,0.045,23.62,0.01,0.7823,0.7684,0.0120,20.00,0.500,-0.504,-0.585,-0.041,23.56,0.00,1.3850,1.3418,-0.0015,20.00,0.500,1.354,1.397,0.093,23.39,0.04
4.7300,0.1175,0.0977,-0.0090,20.00,0.500,-0.591,-0.585,-0.043,23.68,0.01,0.7141,0.7016,0.0165,20.00,0.500,0.387,0.179,-0.012,23.59,-0.00,1.3708,1.3130,-0.0165,20.00,0.500,-1.904,-1.418,-0.100,23.47,0.07,0.0716,0.0644,-0.0030,20.00,0.500,-0.272,-0.234,-0.011,23.77,0.00,1.0833,1.0615,-0.0120,20.00,0.500,-0.749,-0.930,-0.056,23.68,0.02,1.0874,1.0399,0.0060,20.00,0.500,1.492,1.369,0.122,23.53,0.05,0.0999,0.0784,-0.0030,20.00,0.500,-0.754,-0.798,-0.058,23.68,0.01,0.7780,0.7493,0.0015,20.00,0.500,0.908,0.967,0.074,23.59,0.02,1.2616,1.2345,0.0150,20.00,0.500,-0.923,-1.180,-0.064,23.40,0.02,0.1041,0.0863,0.0165,20.00,0.500,0.550,0.493,0.045,23.62,0.01,0.7823,0.7683,-0.0090,20.00,0.500,-0.504,-0.585,-0.041,23.56,0.00,1.3850,1.3417,-0.0105,20.00,0.500,1.354,1.397,0.093,23.39,0.04
4.7400,0.1175,0.0976,-0.0135,20.00,0.500,-0.591,-0.585,-0.043,23.68,0.01,0.7141,0.7013,-0.0315,20.00,0.500,0.387,0.179,-0.012,23.59,-0.00,1.3708,1.3133,0.0375,20.00,0.500,-1.904,-1.418,-0.100,23.47,0.07,0.0716,0.0644,-0.0105,20.00,0.500,-0.272,-0.234,-0.011,23.77,0.00,1.0833,1.0615,0.0045,20.00,0.500,-0.749,-0.930,-0.056,23.68,0.02,1.0874,1.0399,-0.0045,20.00,0.500,1.492,1.369,0.122,23.53,0.05,0.0999,0.0784,-0.0030,20.00,0.500,-0.754,-0.798,-0.058,23.68,0.01,0.7780,0.7493,0.0015,20.00,0.500,0.908,0.967,0.074,23.59,0.02,1.2616,1.2345,-0.0015,20.00,0.500,-0.923,-1.180,-0.064,23.40,0.02,0.1041,0.0864,0.0150,20.00,0.500,0.550,0.493,0.045,23.62,0.01,0.7823,0.7683,-0.0030,20.00,0.500,-0.504,-0.585,-0.041,23.56,0.00,1.3850,1.3417,-0.0165,20.00,0.500,1.354,1.397,0.093,23.39,0.04
4.7500,0.1175,0.0978,0.0165,20.00,0.500,-0.591,-0.585,-0.043,23.68,0.01,0.7141,0.7014,0.0000,20.00,0.500,0.387,0.179,-0.012,23.59,-0.00,1.3708,1.3130,0.0060,20.00,0.500,-1.904,-1.418,-0.100,23.47,0.07,0.0716,0.0644,-0.0045,20.00,0.500,-0.272,-0.234,-0.011,23.77,0.00,1.0833,1.0614,-0.0045,20.00,0.500,-0.749,-0.930,-0.056,23.68,0.02,1.0874,1.0400,0.0225,20.00,0.500,1.492,1.369,0.122,23.53,0.05,0.0999,0.0784,0.0075,20.00,0.500,-0.754,-0.798,-0.058,23.68,0.01,0.7780,0.7493,0.0105,20.00,0.500,0.908,0.967,0.074,23.59,0.02,1.2616,1.2344,-0.0030,20.00,0.500,-0.923,-1.180,-0.064,23.40,0.02,0.1041,0.0862,-0.0135,20.00,0.500,0.550,0.493,0.045,23.62,0.01,0.7823,0.7683,-0.0000,20.00,0.500,-0.504,-0.585,-0.041,23.56,0.00,1.3850,1.3418,0.0105,20.00,0.500,1.354,1.397,0.093,23.39,0.04
4.7600,0.1175,0.0977,0.0225,20.00,0.500,-0.606,-0.463,-0.034,23.67,0.01,0.7141,0.7014,0.0045,20.00,0.500,0.370,0.976,0.051,23.59,0.00,1.3708,1.3131,0.0539,20.00,0.500,-1.939,-1.512,-0.131,23.46,0.05,0.0716,0.0644,-0.0015,20.00,0.500,-0.277,-0.327,-0.020,23.78,0.00,1.0833,1.0613,-0.0060,20.00,0.500,-0.765,-0.869,-0.043,23.67,0.02,1.0874,1.0400,0.0090,20.00,0.500,1.502,1.270,0.132,23.53,0.05,0.0999,0.0783,-0.0045,20.00,0.500,-0.751,-0.728,-0.056,23.68,0.01,0.7780,0.7493,-0.0090,20.00,0.500,0.910,0.940,0.087,23.58,0.02,1.2616,1.2345,-0.0240,20.00,0.500,-0.940,-1.090,-0.055,23.41,0.02,0.1041,0.0864,0.0075,20.00,0.500,0.544,0.653,0.045,23.61,0.01,0.7823,0.7683,0.0090,20.00,0.500,-0.505,-0.617,-0.036,23.56,0.00,1.3850,1.3418,0.0075,20.00,0.500,1.382,1.321,0.115,23.38,0.05
4.7700,0.1175,0.0977,0.0225,20.00,0.500,-0.606,-0.463,-0.034,23.67,0.01,0.7141,0.7014,0.0045,20.00,0.500,0.370,0.976,0.051,23.59,0.00,1.3708,1.3131,0.0539,20.00,0.500,-1.939,-1.512,-0.131,23.46,0.05,0.0716,0.0644,-0.0015,20.00,0.500,-0.277,-0.327,-0.020,23.78,0.00,1.0833,1.0613,-0.0060,20.00,0.500,-0.765,-0.869,-0.043,23.67,0.02,1.0874,1.0400,0.0090,20.00,0.500,1.502,1.270,0.132,23.53,0.05,0.0999,0.0783,0.0015,20.00,0.500,-0.751,-0.728,-0.056,23.68,0.01,0.7780,0.7493,-0.0060,20.00,0.500,0.910,0.940,0.087,23.58,0.02,1.2616,1.2346,0.0015,20.00,0.500,-0.940,-1.090,-0.055,23.41,0.02,0.1041,0.0863,-0.0120,20.00,0.500,0.544,0.653,0.045,23.61,0.01,0.7823,0.7683,-0.0000,20.00,0.500,-0.505,-0.617,-0.036,23.56,0.00,1.3850,1.3418,0.0075,20.00,0.500,1.382,1.321,0.115,23.38,0.05
4.7800,0.1175,0.0976,-0.0105,20.00,0.500,-0.606,-0.463,-0.034,23.67,0.01,0.7141,0.7011,0.0030,20.00,0.500,0.370,0.976,0.051,23.59,0.00,1.3708,1.3126,-0.0764,20.00,0.500,-1.939,-1.512,-0.131,23.46,0.05,0.0716,0.0645,0.0030,20.00,0.500,-0.277,-0.327,-0.020,23.78,0.00,1.0833,1.0614,0.0045,20.00,0.500,-0.765,-0.869,-0.043,23.67,0.02,1.0874,1.0400,0.0030,20.00,0.500,1.502,1.270,0.132,23.53,0.05,0.0999,0.0782,-0.0105,20.00,0.500,-0.751,-0.728,-0.056,23.68,0.01,0.7780,0.7492,-0.0300,20.00,0.500,0.910,0.940,0.087,23.58,0.02,1.2616,1.2346,-0.0135,20.00,0.500,-0.940,-1.090,-0.055,23.41,0.02,0.1041,0.0864,0.0270,20.00,0.500,0.544,0.653,0.045,23.61,0.01,0.7823,0.7683,-0.0060,20.00,0.500,-0.505,-0.617,-0.036,23.56,0.00,1.3850,1.3418,0.0105,20.00,0.500,1.382,1.321,0.115,23.38,0.05
4.7900,0.1175,0.0976,-0.0135,20.00,0.500,-0.606,-0.463,-0.034,23.67,0.01,0.7141,0.7015,0.0060,20.00,0.500,0.370,0.976,0.051,23.59,0.00,1.3708,1.3135,0.1124,20.00,0.500,-1.939,-1.512,-0.131,23.46,0.05,0.0716,0.0645,0.0030,20.00,0.500,-0.277,-0.327,-0.020,23.78,0.00,1.0833,1.0616,0.0240,20.00,0.500,-0.765,-0.869,-0.043,23.67,0.02,1.0874,1.0400,0.0150,20.00,0.500,1.502,1.270,0.132,23.53,0.05,0.0999,0.0782,-0.0075,20.00,0.500,-0.751,-0.728,-0.056,23.68,0.01,0.7780,0.7494,0.0180,20.00,0.500,0.910,0.940,0.087,23.58,0.02,1.2616,1.2347,0.0255,20.00,0.500,-0.940,-1.090,-0.055,23.41,0.02,0.1041,0.0865,0.0135,20.00,0.500,0.544,0.653,0.045,23.61,0.01,0.7823,0.7683,-0.0030,20.00,0.500,-0.505,-0.617,-0.036,23.56,0.00,1.3850,1.3417,-0.0105,20.00,0.500,1.382,1.321,0.115,23.38,0.05
4.8000,0.1175,0.0977,-0.0105,20.00,0.500,-0.606,-0.463,-0.034,23.67,0.01,0.7141,0.7017,0.0360,20.00,0.500,0.370,0.976,0.051,23.59,0.00,1.3708,1.3129,-0.0389,20.00,0.500,-1.939,-1.512,-0.131,23.46,0.05,0.0716,0.0645,0.0015,20.00,0.500,-0.277,-0.327,-0.020,23.78,0.00,1.0833,1.0615,0.0105,20.00,0.500,-0.765,-0.869,-0.043,23.67,0.02,1.0874,1.0399,-0.0045,20.00,0.500,1.502,1.270,0.132,23.53,0.05,0.0999,0.0783,0.0045,20.00,0.500,-0.751,-0.728,-0.056,23.68,0.01,0.7780,0.7493,0.0105,20.00,0.500,0.910,0.940,0.087,23.58,0.02,1.2616,1.2348,0.0060,20.00,0.500,-0.940,-1.090,-0.055,23.41,0.02,0.1041,0.0864,-0.0105,20.00,0.500,0.544,0.653,0.045,23.61,0.01,0.7823,0.7682,-0.0210,20.00,0.500,-0.505,-0.617,-0.036,23.56,0.00,1.3850,1.3418,-0.0060,20.00,0.500,1.382,1.321,0.115,23.38,0.05
4.8100,0.1175,0.0977,-0.0015,20.00,0.500,-0.603,-0.535,-0.031,23.68,0.01,0.7141,0.7012,-0.0270,20.00,0.500,0.409,0.030,0.002,23.58,0.00,1.3708,1.3131,-0.0000,20.00,0.500,-1.853,-1.572,-0.173,23.47,0.07,0.0716,0.0645,-0.0000,20.00,0.500,-0.277,-0.304,-0.016,23.77,0.00,1.0833,1.0614,-0.0195,20.00,0.500,-0.774,-0.769,-0.054,23.67,0.01,1.0874,1.0401,0.0090,20.00,0.500,1.518,1.536,0.098,23.53,0.04,0.0999,0.0782,-0.0030,20.00,0.500,-0.745,-0.777,-0.058,23.68,0.01,0.7780,0.7493,-0.0090,20.00,0.500,0.911,0.976,0.070,23.57,0.02,1.2616,1.2346,-0.0135,20.00,0.500,-0.940,-1.036,-0.053,23.39,0.03,0.1041,0.0865,-0.0090,20.00,0.500,0.526,0.573,0.032,23.62,0.00,0.7823,0.7683,0.0030,20.00,0.500,-0.502,-0.740,-0.028,23.56,0.01,1.3850,1.3418,0.0000,20.00,0.500,1.375,1.401,0.102,23.37,0.04
4.8200,0.1175,0.0977,-0.0015,20.00,0.500,-0.603,-0.535,-0.031,23.68,0.01,0.7141,0.7013,-0.0270,20.00,0.500,0.409,0.030,0.002,23.58,0.00,1.3708,1.3131,-0.0000,20.00,0.500,-1.853,-1.572,-0.173,23.47,0.07,0.0716,0.0644,-0.0015,20.00,0.500,-0.277,-0.304,-0.016,23.77,0.00,1.0833,1.0614,-0.0195,20.00,0.500,-0.774,-0.769,-0.054,23.67,0.01,1.0874,1.0401,0.0090,20.00,0.500,1.518,1.536,0.098,23.53,0.04,0.0999,0.0783,0.0120,20.00,0.500,-0.745,-0.777,-0.058,23.68,0.01,0.7780,0.7494,0.0060,20.00,0.500,0.911,0.976,0.070,23.57,0.02,1.2616,1.2347,0.0135,20.00,0.500,-0.940,-1.036,-0.053,23.39,0.03,0.1041,0.0865,-0.0015,20.00,0.500,0.526,0.573,0.032,23.62,0.00,0.7823,0.7683,-0.0030,20.00,0.500,-0.502,-0.740,-0.028,23.56,0.01,1.3850,1.3418,0.0015,20.00,0.500,1.375,1.401,0.102,23.37,0.04
4.8300,0.1175,0.0976,0.0015,20.00,0.500,-0.603,-0.535,-0.031,23.68,0.01,0.7141,0.7016,0.0165,20.00,0.500,0.409,0.030,0.002,23.58,0.00,1.3708,1.3132,-0.0375,20.00,0.500,-1.853,-1.572,-0.173,23.47,0.07,0.0716,0.0644,-0.0060,20.00,0.500,-0.277,-0.304,-0.016,23.77,0.00,1.0833,1.0615,-0.0045,20.00,0.500,-0.774,-0.769,-0.054,23.67,0.01,1.0874,1.0400,0.0195,20.00,0.500,1.518,1.536,0.098,23.53,0.04,0.0999,0.0783,0.0075,20.00,0.500,-0.745,-0.777,-0.058,23.68,0.01,0.7780,0.7494,0.0105,20.00,0.500,0.911,0.976,0.070,23.57,0.02,1.2616,1.2346,0.0075,20.00,0.500,-0.940,-1.036,-0.053,23.39,0.03,0.1041,0.0865,0.0000,20.00,0.500,0.526,0.573,0.032,23.62,0.00,0.7823,0.7682,-0.0135,20.00,0.500,-0.502,-0.740,-0.028,23.56,0.01,1.3850,1.3418,0.0105,20.00,0.500,1.375,1.401,0.102,23.37,0.04
4.8400,0.1175,0.0977,-0.0015,20.00,0.500,-0.603,-0.535,-0.031,23.68,0.01,0.7141,0.7014,-0.0045,20.00,0.500,0.409,0.030,0.002,23.58,0.00,1.3708,1.3132,0.0045,20.00,0.500,-1.853,-1.572,-0.173,23.47,0.07,0.0716,0.0644,-0.0015,20.00,0.500,-0.277,-0.304,-0.016,23.77,0.00,1.0833,1.0615,0.0030,20.00,0.500,-0.774,-0.769,-0.054,23.67,0.01,1.0874,1.0400,0.0045,20.00,0.500,1.518,1.536,0.098,23.53,0.04,0.0999,0.0782,-0.0045,20.00,0.500,-0.745,-0.777,-0.058,23.68,0.01,0.7780,0.7493,-0.0120,20.00,0.500,0.911,0.976,0.070,23.57,0.02,1.2616,1.2347,-0.0060,20.00,0.500,-0.940,-1.036,-0.053,23.39,0.03,0.1041,0.0864,0.0075,20.00,0.500,0.526,0.573,0.032,23.62,0.00,0.7823,0.7684,0.0120,20.00,0.500,-0.502,-0.740,-0.028,23.56,0.01,1.3850,1.3418,0.0045,20.00,0.500,1.375,1.401,0.102,23.37,0.04
4.8500,0.1175,0.0976,-0.0030,20.00,0.500,-0.603,-0.535,-0.031,23.68,0.01,0.7141,0.7014,-0.0165,20.00,0.500,0.409,0.030,0.002,23.58,0.00,1.3708,1.3130,-0.0419,20.00,0.500,-1.853,-1.572,-0.173,23.47,0.07,0.0716,0.0644,-0.0000,20.00,0.500,-0.277,-0.304,-0.016,23.77,0.00,1.0833,1.0615,-0.0030,20.00,0.500,-0.774,-0.769,-0.054,23.67,0.01,1.0874,1.0400,0.0045,20.00,0.500,1.518,1.536,0.098,23.53,0.04,0.0999,0.0783,0.0105,20.00,0.500,-0.745,-0.777,-0.058,23.68,0.01,0.7780,0.7495,0.0045,20.00,0.500,0.911,0.976,0.070,23.57,0.02,1.2616,1.2347,0.0375,20.00,0.500,-0.940,-1.036,-0.053,23.39,0.03,0.1041,0.0863,-0.0105,20.00,0.500,0.526,0.573,0.032,23.62,0.00,0.7823,0.7683,-0.0060,20.00,0.500,-0.502,-0.740,-0.028,23.56,0.01,1.3850,1.3417,-0.0120,20.00,0.500,1.375,1.401,0.102,23.37,0.04
4.8600,0.1175,0.0976,-0.0030,20.00,0.500,-0.601,-0.596,-0.039,23.66,0.01,0.7141,0.7013,-0.0225,20.00,0.500,0.364,-0.160,-0.012,23.58,-0.01,1.3708,1.3134,0.0734,20.00,0.500,-1.854,-1.791,-0.174,23.47,0.08,0.0716,0.0644,-0.0000,20.00,0.500,-0.276,-0.267,-0.023,23.77,0.00,1.0833,1.0615,-0.0015,20.00,0.500,-0.746,-0.704,-0.061,23.67,0.02,1.0874,1.0400,0.0015,20.00,0.500,1.498,1.610,0.134,23.53,0.05,0.0999,0.0783,0.0030,20.00,0.500,-0.741,-0.681,-0.049,23.68,0.02,0.7780,0.7495,0.0165,20.00,0.500,0.882,0.784,0.059,23.57,0.02,1.2616,1.2344,-0.0434,20.00,0.500,-0.966,-0.962,-0.097,23.40,0.02,0.1041,0.0864,0.0015,20.00,0.500,0.546,0.505,0.043,23.62,0.01,0.7823,0.7684,0.0105,20.00,0.500,-0.507,-0.328,-0.045,23.55,0.00,1.3850,1.3416,-0.0255,20.00,0.500,1.391,1.358,0.112,23.38,0.04
4.8700,0.1175,0.0976,-0.0030,20.00,0.500,-0.601,-0.596,-0.039,23.66,0.01,0.7141,0.7015,0.0120,20.00,0.500,0.364,-0.160,-0.012,23.58,-0.01,1.3708,1.3132,-0.0255,20.00,0.500,-1.854,-1.791,-0.174,23.47,0.08,0.0716,0.0644,-0.0075,20.00,0.500,-0.276,-0.267,-0.023,23.77,0.00,1.0833,1.0616,0.0060,20.00,0.500,-0.746,-0.704,-0.061,23.67,0.02,1.0874,1.0400,-0.0060,20.00,0.500,1.498,1.610,0.134,23.53,0.05,0.0999,0.0783,0.0105,20.00,0.500,-0.741,-0.681,-0.049,23.68,0.02,0.7780,0.7495,0.0030,20.00,0.500,0.882,0.784,0.059,23.57,0.02,1.2616,1.2346,-0.0090,20.00,0.500,-0.966,-0.962,-0.097,23.40,0.02,0.1041,0.0864,-0.0075,20.00,0.500,0.546,0.505,0.043,23.62,0.01,0.7823,0.7683,-0.0000,20.00,0.500,-0.507,-0.328,-0.045,23.55,0.00,1.3850,1.3418,-0.0045,20.00,0.500,1.391,1.358,0.112,23.38,0.04
4.8800,0.1175,0.0976,-0.0195,20.00,0.500,-0.601,-0.596,-0.039,23.66,0.01,0.7141,0.7014,0.0225,20.00,0.500,0.364,-0.160,-0.012,23.58,-0.01,1.3708,1.3132,-0.0075,20.00,0.500,-1.854,-1.791,-0.174,23.47,0.08,0.0716,0.0644,-0.0000,20.00,0.500,-0.276,-0.267,-0.023,23.77,0.00,1.0833,1.0616,0.0090,20.00,0.500,-0.746,-0.704,-0.061,23.67,0.02,1.0874,1.0399,-0.0090,20.00,0.500,1.498,1.610,0.134,23.53,0.05,0.0999,0.0782,-0.0105,20.00,0.500,-0.741,-0.681,-0.049,23.68,0.02,0.7780,0.7495,0.0015,20.00,0.500,0.882,0.784,0.059,23.57,0.02,1.2616,1.2346,0.0105,20.00,0.500,-0.966,-0.962,-0.097,23.40,0.02,0.1041,0.0864,-0.0030,20.00,0.500,0.546,0.505,0.043,23.62,0.01,0.7823,0.7684,0.0075,20.00,0.500,-0.507,-0.328,-0.045,23.55,0.00,1.3850,1.3418,0.0135,20.00,0.500,1.391,1.358,0.112,23.38,0.04
4.8900,0.1175,0.0976,-0.0150,20.00,0.500,-0.601,-0.596,-0.039,23.66,0.01,0.7141,0.7014,-0.0210,20.00,0.500,0.364,-0.160,-0.012,23.58,-0.01,1.3708,1.3134,-0.0075,20.00,0.500,-1.854,-1.791,-0.174,23.47,0.08,0.0716,0.0644,0.0015,20.00,0.500,-0.276,-0.267,-0.023,23.77,0.00,1.0833,1.0617,0.0060,20.00,0.500,-0.746,-0.704,-0.061,23.67,0.02,1.0874,1.0400,0.0135,20.00,0.500,1.498,1.610,0.134,23.53,0.05,0.0999,0.0783,0.0060,20.00,0.500,-0.741,-0.681,-0.049,23.68,0.02,0.7780,0.7495,-0.0045,20.00,0.500,0.882,0.784,0.059,23.57,0.02,1.2616,1.2346,-0.0000,20.00,0.500,-0.966,-0.962,-0.097,23.40,0.02,0.1041,0.0864,-0.0165,20.00,0.500,0.546,0.505,0.043,23.62,0.01,0.7823,0.7683,-0.0105,20.00,0.500,-0.507,-0.328,-0.045,23.55,0.00,1.3850,1.3417,-0.0090,20.00,0.500,1.391,1.358,0.112,23.38,0.04
4.9000,0.1175,0.0977,0.0060,20.00,0.500,-0.601,-0.596,-0.039,23.66,0.01,0.7141,0.7016,0.0105,20.00,0.500,0.364,-0.160,-0.012,23.58,-0.01,1.3708,1.3129,-0.0030,20.00,0.500,-1.854,-1.791,-0.174,23.47,0.08,0.0716,0.0644,0.0015,20.00,0.500,-0.276,-0.267,-0.023,23.77,0.00,1.0833,1.0617,0.0030,20.00,0.500,-0.746,-0.704,-0.061,23.67,0.02,1.0874,1.0399,0.0015,20.00,0.500,1.498,1.610,0.134,23.53,0.05,0.0999,0.0781,-0.0150,20.00,0.500,-0.741,-0.681,-0.049,23.68,0.02,0.7780,0.7496,0.0120,20.00,0.500,0.882,0.784,0.059,23.57,0.02,1.2616,1.2346,0.0045,20.00,0.500,-0.966,-0.962,-0.097,23.40,0.02,0.1041,0.0864,0.0165,20.00,0.500,0.546,0.505,0.043,23.62,0.01,0.7823,0.7684,0.0285,20.00,0.500,-0.507,-0.328,-0.045,23.55,0.00,1.3850,1.3418,-0.0030,20.00,0.500,1.391,1.358,0.112,23.38,0.04
4.9100,0.1175,0.0976,-0.0105,20.00,0.500,-0.611,-0.645,-0.051,23.66,0.01,0.7141,0.7017,0.0165,20.00,0.500,0.370,-0.092,0.021,23.58,0.00,1.3708,1.3133,0.0165,20.00,0.500,-1.914,-2.697,-0.164,23.47,0.05,0.0716,0.0644,0.0015,20.00,0.500,-0.280,-0.297,-0.019,23.78,0.00,1.0833,1.0617,0.0015,20.00,0.500,-0.759,-0.996,-0.061,23.67,0.02,1.0874,1.0399,-0.0105,20.00,0.500,1.504,1.430,0.092,23.54,0.04,0.0999,0.0782,0.0060,20.00,0.500,-0.747,-0.727,-0.050,23.68,0.01,0.7780,0.7496,-0.0015,20.00,0.500,0.897,0.874,0.059,23.57,0.02,1.2616,1.2346,0.0060,20.00,0.500,-0.914,-0.871,-0.075,23.41,0.02,0.1041,0.0863,-0.0075,20.00,0.500,0.541,0.590,0.048,23.61,0.01,0.7823,0.7683,-0.0135,20.00,0.500,-0.510,-0.411,-0.056,23.56,0.00,1.3850,1.3418,0.0060,20.00,0.500,1.370,1.417,0.107,23.39,0.05
4.9200,0.1175,0.0976,-0.0105,20.00,0.500,-0.611,-0.645,-0.051,23.66,0.01,0.7141,0.7014,-0.0120,20.00,0.500,0.370,-0.092,0.021,23.58,0.00,1.3708,1.3133,0.0165,20.00,0.500,-1.914,-2.697,-0.164,23.47,0.05,0.0716,0.0644,0.0015,20.00,0.500,-0.280,-0.297,-0.019,23.78,0.00,1.0833,1.0617,0.0015,20.00,0.500,-0.759,-0.996,-0.061,23.67,0.02,1.0874,1.0399,-0.0105,20.00,0.500,1.504,1.430,0.092,23.54,0.04,0.0999,0.0782,-0.0120,20.00,0.500,-0.747,-0.727,-0.050,23.68,0.01,0.7780,0.7496,0.0060,20.00,0.500,0.897,0.874,0.059,23.57,0.02,1.2616,1.2343,-0.0225,20.00,0.500,-0.914,-0.871,-0.075,23.41,0.02,0.1041,0.0864,0.0120,20.00,0.500,0.541,0.590,0.048,23.61,0.01,0.7823,0.7684,0.0150,20.00,0.500,-0.510,-0.411,-0.056,23.56,0.00,1.3850,1.3418,0.0060,20.00,0.500,1.370,1.417,0.107,23.39,0.05
4.9300,0.1175,0.0976,0.0105,20.00,0.500,-0.611,-0.645,-0.051,23.66,0.01,0.7141,0.7016,-0.0030,20.00,0.500,0.370,-0.092,0.021,23.58,0.00,1.3708,1.3132,0.0345,20.00,0.500,-1.914,-2.697,-0.164,23.47,0.05,0.0716,0.0644,0.0015,20.00,0.500,-0.280,-0.297,-0.019,23.78,0.00,1.0833,1.0616,-0.0210,20.00,0.500,-0.759,-0.996,-0.061,23.67,0.02,1.0874,1.0400,0.0000,20.00,0.500,1.504,1.430,0.092,23.54,0.04,0.0999,0.0782,-0.0045,20.00,0.500,-0.747,-0.727,-0.050,23.68,0.01,0.7780,0.7498,0.0060,20.00,0.500,0.897,0.874,0.059,23.57,0.02,1.2616,1.2348,0.0509,20.00,0.500,-0.914,-0.871,-0.075,23.41,0.02,0.1041,0.0863,-0.0045,20.00,0.500,0.541,0.590,0.048,23.61,0.01,0.7823,0.7684,0.0060,20.00,0.500,-0.510,-0.411,-0.056,23.56,0.00,1.3850,1.3417,0.0000,20.00,0.500,1.370,1.417,0.107,23.39,0.05
4.9400,0.1175,0.0975,0.0000,20.00,0.500,-0.611,-0.645,-0.051,23.66,0.01,0.7141,0.7016,0.0060,20.00,0.500,0.370,-0.092,0.021,23.58,0.00,1.3708,1.3128,-0.0494,20.00,0.500,-1.914,-2.697,-0.164,23.47,0.05,0.0716,0.0644,0.0075,20.00,0.500,-0.280,-0.297,-0.019,23.78,0.00,1.0833,1.0617,-0.0000,20.00,0.500,-0.759,-0.996,-0.061,23.67,0.02,1.0874,1.0400,0.0195,20.00,0.500,1.504,1.430,0.092,23.54,0.04,0.0999,0.0782,0.0030,20.00,0.500,-0.747,-0.727,-0.050,23.68,0.01,0.7780,0.7498,0.0075,20.00,0.500,0.897,0.874,0.059,23.57,0.02,1.2616,1.2343,-0.0150,20.00,0.500,-0.914,-0.871,-0.075,23.41,0.02,0.1041,0.0863,-0.0090,20.00,0.500,0.541,0.590,0.048,23.61,0.01,0.7823,0.7683,0.0015,20.00,0.500,-0.510,-0.411,-0.056,23.56,0.00,1.3850,1.3417,-0.0135,20.00,0.500,1.370,1.417,0.107,23.39,0.05
4.9500,0.1175,0.0976,0.0105,20.00,0.500,-0.611,-0.645,-0.051,23.66,0.01,0.7141,0.7012,-0.0240,20.00,0.500,0.370,-0.092,0.021,23.58,0.00,1.3708,1.3132,0.0045,20.00,0.500,-1.914,-2.697,-0.164,23.47,0.05,0.0716,0.0644,-0.0045,20.00,0.500,-0.280,-0.297,-0.019,23.78,0.00,1.0833,1.0616,0.0120,20.00,0.500,-0.759,-0.996,-0.061,23.67,0.02,1.0874,1.0399,0.0000,20.00,0.500,1.504,1.430,0.092,23.54,0.04,0.0999,0.0782,0.0090,20.00,0.500,-0.747,-0.727,-0.050,23.68,0.01,0.7780,0.7496,-0.0120,20.00,0.500,0.897,0.874,0.059,23.57,0.02,1.2616,1.2346,0.0165,20.00,0.500,-0.914,-0.871,-0.075,23.41,0.02,0.1041,0.0863,-0.0045,20.00,0.500,0.541,0.590,0.048,23.61,0.01,0.7823,0.7684,0.0045,20.00,0.500,-0.510,-0.411,-0.056,23.56,0.00,1.3850,1.3417,-0.0255,20.00,0.500,1.370,1.417,0.107,23.39,0.05
4.9600,0.1175,0.0974,-0.0240,20.00,0.500,-0.609,-0.658,-0.057,23.67,0.01,0.7141,0.7015,0.0210,20.00,0.500,0.354,0.333,0.020,23.60,-0.00,1.3708,1.3131,-0.0120,20.00,0.500,-1.931,-2.212,-0.140,23.47,0.06,0.0716,0.0644,-0.0015,20.00,0.500,-0.280,-0.242,-0.023,23.78,0.00,1.0833,1.0615,-0.0105,20.00,0.500,-0.759,-0.866,-0.066,23.68,0.01,1.0874,1.0400,0.0090,20.00,0.500,1.501,1.840,0.127,23.54,0.06,0.0999,0.0782,0.0075,20.00,0.500,-0.744,-0.758,-0.064,23.69,0.02,0.7780,0.7496,0.0060,20.00,0.500,0.883,1.102,0.083,23.57,0.02,1.2616,1.2346,0.0045,20.00,0.500,-0.916,-0.851,-0.059,23.40,0.02,0.1041,0.0863,0.0045,20.00,0.500,0.531,0.538,0.039,23.61,0.01,0.7823,0.7684,0.0015,20.00,0.500,-0.502,-0.359,-0.034,23.56,0.00,1.3850,1.3418,-0.0045,20.00,0.500,1.380,1.385,0.104,23.38,0.05
4.9700,0.1175,0.0974,-0.0240,20.00,0.500,-0.609,-0.658,-0.057,23.67,0.01,0.7141,0.7014,-0.0195,20.00,0.500,0.354,0.333,0.020,23.60,-0.00,1.3708,1.3136,0.0569,20.00,0.500,-1.931,-2.212,-0.140,23.47,0.06,0.0716,0.0643,-0.0105,20.00,0.500,-0.280,-0.242,-0.023,23.78,0.00,1.0833,1.0614,-0.0135,20.00,0.500,-0.759,-0.866,-0.066,23.68,0.01,1.0874,1.0400,0.0135,20.00,0.500,1.501,1.840,0.127,23.54,0.06,0.0999,0.0781,-0.0045,20.00,0.500,-0.744,-0.758,-0.064,23.69,0.02,0.7780,0.7496,0.0060,20.00,0.500,0.883,1.102,0.083,23.57,0.02,1.2616,1.2344,-0.0135,20.00,0.500,-0.916,-0.851,-0.059,23.40,0.02,0.1041,0.0863,0.0045,20.00,0.500,0.531,0.538,0.039,23.61,0.01,0.7823,0.7683,-0.0105,20.00,0.500,-0.502,-0.359,-0.034,23.56,0.00,1.3850,1.3418,0.0180,20.00,0.500,1.380,1.385,0.104,23.38,0.05
4.9800,0.1175,0.0972,-0.0195,20.00,0.500,-0.609,-0.658,-0.057,23.67,0.01,0.7141,0.7013,-0.0165,20.00,0.500,0.354,0.333,0.020,23.60,-0.00,1.3708,1.3123,-0.1483,20.00,0.500,-1.931,-2.212,-0.140,23.47,0.06,0.0716,0.0643,-0.0015,20.00,0.500,-0.280,-0.242,-0.023,23.78,0.00,1.0833,1.0612,-0.0180,20.00,0.500,-0.759,-0.866,-0.066,23.68,0.01,1.0874,1.0399,0.0075,20.00,0.500,1.501,1.840,0.127,23.54,0.06,0.0999,0.0780,-0.0090,20.00,0.500,-0.744,-0.758,-0.064,23.69,0.02,0.7780,0.7495,-0.0045,20.00,0.500,0.883,1.102,0.083,23.57,0.02,1.2616,1.2345,0.0075,20.00,0.500,-0.916,-0.851,-0.059,23.40,0.02,0.1041,0.0862,-0.0090,20.00,0.500,0.531,0.538,0.039,23.61,0.01,0.7823,0.7684,0.0030,20.00,0.500,-0.502,-0.359,-0.034,23.56,0.00,1.3850,1.3418,0.0240,20.00,0.500,1.380,1.385,0.104,23.38,0.05
4.9900,0.1175,0.0973,-0.0105,20.00,0.500,-0.609,-0.658,-0.057,23.67,0.01,0.7141,0.7013,0.0255,20.00,0.500,0.354,0.333,0.020,23.60,-0.00,1.3708,1.3136,0.1198,20.00,0.500,-1.931,-2.212,-0.140,23.47,0.06,0.0716,0.0643,-0.0045,20.00,0.500,-0.280,-0.242,-0.023,23.78,0.00,1.0833,1.0610,-0.0210,20.00,0.500,-0.759,-0.866,-0.066,23.68,0.01,1.0874,1.0399,-0.0360,20.00,0.500,1.501,1.840,0.127,23.54,0.06,0.0999,0.0779,-0.0075,20.00,0.500,-0.744,-0.758,-0.064,23.69,0.02,0.7780,0.7495,-0.0090,20.00,0.500,0.883,1.102,0.083,23.57,0.02,1.2616,1.2345,-0.0030,20.00,0.500,-0.916,-0.851,-0.059,23.40,0.02,0.1041,0.0862,-0.0135,20.00,0.500,0.531,0.538,0.039,23.61,0.01,0.7823,0.7683,-0.0075,20.00,0.500,-0.502,-0.359,-0.034,23.56,0.00,1.3850,1.3417,0.0015,20.00,0.500,1.380,1.385,0.104,23.38,0.05
